{
  "type": "FeatureCollection",
  "features": [
    {
      "type": "Feature",
      "properties": {
        "osmWayId": 7676857,
        "kind": "road",
        "streetName": "Obyrne Court",
        "startNodeId": 55744479,
        "endNodeId": 55744481,
        "pieceIndex": 0,
        "lengthM": 34.730624441290246,
        "bearingDeg": 2.2442665814302813
      },
      "geometry": {
        "type": "LineString",
        "coordinates": [
          [
            -104.8149628,
            38.825555
          ],
          [
            -104.8149471,
            38.8258671
          ]
        ]
      }
    },
    {
      "type": "Feature",
      "properties": {
        "osmWayId": 7677091,
        "kind": "road",
        "streetName": "East Cimarron Street",
        "startNodeId": 55811608,
        "endNodeId": 1973263777,
        "pieceIndex": 0,
        "lengthM": 50.50596347436711,
        "bearingDeg": 272.41031477486507
      },
      "geometry": {
        "type": "LineString",
        "coordinates": [
          [
            -104.8184668,
            38.8267043
          ],
          [
            -104.8185915,
            38.8267069
          ],
          [
            -104.8186352,
            38.8267085
          ],
          [
            -104.8190493,
            38.8267234
          ]
        ]
      }
    },
    {
      "type": "Feature",
      "properties": {
        "osmWayId": 7677091,
        "kind": "road",
        "streetName": "East Cimarron Street",
        "startNodeId": 1973263777,
        "endNodeId": 55774426,
        "pieceIndex": 0,
        "lengthM": 104.95366318809593,
        "bearingDeg": 272.2955692487347
      },
      "geometry": {
        "type": "LineString",
        "coordinates": [
          [
            -104.8190493,
            38.8267234
          ],
          [
            -104.8193715,
            38.8267335
          ],
          [
            -104.8194753,
            38.8267368
          ],
          [
            -104.8200963,
            38.8267562
          ],
          [
            -104.8201884,
            38.826759
          ],
          [
            -104.8202599,
            38.8267612
          ]
        ]
      }
    },
    {
      "type": "Feature",
      "properties": {
        "osmWayId": 7677091,
        "kind": "road",
        "streetName": "East Cimarron Street",
        "startNodeId": 55774426,
        "endNodeId": 55772274,
        "pieceIndex": 0,
        "lengthM": 148.57401085317352,
        "bearingDeg": 272.2480824748398
      },
      "geometry": {
        "type": "LineString",
        "coordinates": [
          [
            -104.8202599,
            38.8267612
          ],
          [
            -104.8203231,
            38.8267632
          ],
          [
            -104.8204109,
            38.826766
          ],
          [
            -104.8206496,
            38.8267734
          ],
          [
            -104.8208696,
            38.8267803
          ],
          [
            -104.8211418,
            38.8267888
          ],
          [
            -104.821466,
            38.8267989
          ],
          [
            -104.8215786,
            38.8268022
          ],
          [
            -104.8218633,
            38.8268104
          ],
          [
            -104.8219737,
            38.8268136
          ]
        ]
      }
    },
    {
      "type": "Feature",
      "properties": {
        "osmWayId": 7677420,
        "kind": "road",
        "streetName": "East Colorado Avenue",
        "startNodeId": 3168070662,
        "endNodeId": 55747554,
        "pieceIndex": 0,
        "lengthM": 55.281231155731106,
        "bearingDeg": 96.77344560213709
      },
      "geometry": {
        "type": "LineString",
        "coordinates": [
          [
            -104.8169356,
            38.8322327
          ],
          [
            -104.8167909,
            38.8321966
          ],
          [
            -104.8164718,
            38.8321841
          ],
          [
            -104.8163055,
            38.8321744
          ]
        ]
      }
    },
    {
      "type": "Feature",
      "properties": {
        "osmWayId": 7677423,
        "kind": "road",
        "streetName": "South Corona Street",
        "startNodeId": 55747562,
        "endNodeId": 55747563,
        "pieceIndex": 0,
        "lengthM": 76.19866345978512,
        "bearingDeg": 194.6383507698971
      },
      "geometry": {
        "type": "LineString",
        "coordinates": [
          [
            -104.8163803,
            38.8256025
          ],
          [
            -104.8166025913299,
            38.82493947340052
          ]
        ]
      }
    },
    {
      "type": "Feature",
      "properties": {
        "osmWayId": 7677423,
        "kind": "road",
        "streetName": "South Corona Street",
        "startNodeId": 55747562,
        "endNodeId": 55747563,
        "pieceIndex": 1,
        "lengthM": 76.19866345922752,
        "bearingDeg": 193.75102444514215
      },
      "geometry": {
        "type": "LineString",
        "coordinates": [
          [
            -104.8166025913299,
            38.82493947340052
          ],
          [
            -104.8167969,
            38.8243599
          ],
          [
            -104.8168115,
            38.8242744
          ]
        ]
      }
    },
    {
      "type": "Feature",
      "properties": {
        "osmWayId": 7677423,
        "kind": "road",
        "streetName": "South Corona Street",
        "startNodeId": 55747563,
        "endNodeId": 7623647398,
        "pieceIndex": 0,
        "lengthM": 146.55648659041495,
        "bearingDeg": 182.13078739493633
      },
      "geometry": {
        "type": "LineString",
        "coordinates": [
          [
            -104.8168115,
            38.8242744
          ],
          [
            -104.8168148,
            38.8241948
          ],
          [
            -104.8168744,
            38.8229573
          ]
        ]
      }
    },
    {
      "type": "Feature",
      "properties": {
        "osmWayId": 7677423,
        "kind": "road",
        "streetName": "South Corona Street",
        "startNodeId": 55747564,
        "endNodeId": 55747566,
        "pieceIndex": 0,
        "lengthM": 76.63500232603468,
        "bearingDeg": 182.7412619043204
      },
      "geometry": {
        "type": "LineString",
        "coordinates": [
          [
            -104.8168771,
            38.8229008
          ],
          [
            -104.8169129,
            38.8223204
          ],
          [
            -104.81691940710968,
            38.82221239451766
          ]
        ]
      }
    },
    {
      "type": "Feature",
      "properties": {
        "osmWayId": 7677423,
        "kind": "road",
        "streetName": "South Corona Street",
        "startNodeId": 55747564,
        "endNodeId": 55747566,
        "pieceIndex": 1,
        "lengthM": 76.63500232670947,
        "bearingDeg": 182.75982087554047
      },
      "geometry": {
        "type": "LineString",
        "coordinates": [
          [
            -104.81691940710968,
            38.82221239451766
          ],
          [
            -104.8169343,
            38.8219652
          ],
          [
            -104.8169527,
            38.8216719
          ],
          [
            -104.816962,
            38.821524
          ]
        ]
      }
    },
    {
      "type": "Feature",
      "properties": {
        "osmWayId": 7677541,
        "kind": "road",
        "streetName": "West Rio Grande Street",
        "startNodeId": 55748469,
        "endNodeId": 2029497074,
        "pieceIndex": 0,
        "lengthM": 19.01033820951142,
        "bearingDeg": 271.17311937886774
      },
      "geometry": {
        "type": "LineString",
        "coordinates": [
          [
            -104.8257515,
            38.8244713
          ],
          [
            -104.8259709,
            38.8244748
          ]
        ]
      }
    },
    {
      "type": "Feature",
      "properties": {
        "osmWayId": 7677541,
        "kind": "road",
        "streetName": "West Rio Grande Street",
        "startNodeId": 2029497074,
        "endNodeId": 55748473,
        "pieceIndex": 0,
        "lengthM": 100.34802520219453,
        "bearingDeg": 269.9759084045841
      },
      "geometry": {
        "type": "LineString",
        "coordinates": [
          [
            -104.8259709,
            38.8244748
          ],
          [
            -104.8260814,
            38.8244748
          ],
          [
            -104.8261451,
            38.8244748
          ],
          [
            -104.8265404,
            38.8244746
          ],
          [
            -104.8268251,
            38.8244745
          ],
          [
            -104.82712926812297,
            38.824474414820585
          ]
        ]
      }
    },
    {
      "type": "Feature",
      "properties": {
        "osmWayId": 7677541,
        "kind": "road",
        "streetName": "West Rio Grande Street",
        "startNodeId": 2029497074,
        "endNodeId": 55748473,
        "pieceIndex": 1,
        "lengthM": 100.34802520224801,
        "bearingDeg": 269.8985054012705
      },
      "geometry": {
        "type": "LineString",
        "coordinates": [
          [
            -104.82712926812297,
            38.824474414820585
          ],
          [
            -104.8275349,
            38.8244743
          ],
          [
            -104.8276863,
            38.8244743
          ],
          [
            -104.82782,
            38.824474
          ],
          [
            -104.82828763329307,
            38.824472810490086
          ]
        ]
      }
    },
    {
      "type": "Feature",
      "properties": {
        "osmWayId": 7677541,
        "kind": "road",
        "streetName": "West Rio Grande Street",
        "startNodeId": 2029497074,
        "endNodeId": 55748473,
        "pieceIndex": 2,
        "lengthM": 100.34802520210579,
        "bearingDeg": 269.96160358187717
      },
      "geometry": {
        "type": "LineString",
        "coordinates": [
          [
            -104.82828763329307,
            38.824472810490086
          ],
          [
            -104.8285666,
            38.8244721
          ],
          [
            -104.8290064,
            38.8244722
          ],
          [
            -104.8293115,
            38.8244722
          ],
          [
            -104.829446,
            38.8244722
          ]
        ]
      }
    },
    {
      "type": "Feature",
      "properties": {
        "osmWayId": 7677825,
        "kind": "road",
        "streetName": "East Las Animas Street",
        "startNodeId": 55750462,
        "endNodeId": 55750463,
        "pieceIndex": 0,
        "lengthM": 76.41171039062752,
        "bearingDeg": 92.3921064210989
      },
      "geometry": {
        "type": "LineString",
        "coordinates": [
          [
            -104.8152013,
            38.8228411
          ],
          [
            -104.81432003000106,
            38.82281241491389
          ]
        ]
      }
    },
    {
      "type": "Feature",
      "properties": {
        "osmWayId": 7677825,
        "kind": "road",
        "streetName": "East Las Animas Street",
        "startNodeId": 55750462,
        "endNodeId": 55750463,
        "pieceIndex": 1,
        "lengthM": 76.41171039004549,
        "bearingDeg": 92.45301202137483
      },
      "geometry": {
        "type": "LineString",
        "coordinates": [
          [
            -104.81432003000106,
            38.82281241491389
          ],
          [
            -104.8143165,
            38.8228123
          ],
          [
            -104.8134388,
            38.822783
          ]
        ]
      }
    },
    {
      "type": "Feature",
      "properties": {
        "osmWayId": 7677825,
        "kind": "road",
        "streetName": "East Las Animas Street",
        "startNodeId": 55750463,
        "endNodeId": 55750467,
        "pieceIndex": 0,
        "lengthM": 146.9118979746801,
        "bearingDeg": 92.30623627967242
      },
      "geometry": {
        "type": "LineString",
        "coordinates": [
          [
            -104.8134388,
            38.822783
          ],
          [
            -104.81174433644566,
            38.82272982160311
          ]
        ]
      }
    },
    {
      "type": "Feature",
      "properties": {
        "osmWayId": 7677825,
        "kind": "road",
        "streetName": "East Las Animas Street",
        "startNodeId": 55750463,
        "endNodeId": 55750467,
        "pieceIndex": 1,
        "lengthM": 146.91189797559466,
        "bearingDeg": 92.24823033856444
      },
      "geometry": {
        "type": "LineString",
        "coordinates": [
          [
            -104.81174433644566,
            38.82272982160311
          ],
          [
            -104.8109314,
            38.8227043
          ],
          [
            -104.8108412,
            38.8227015
          ],
          [
            -104.810735,
            38.8226983
          ],
          [
            -104.81004980687084,
            38.822677979762936
          ]
        ]
      }
    },
    {
      "type": "Feature",
      "properties": {
        "osmWayId": 7677825,
        "kind": "road",
        "streetName": "East Las Animas Street",
        "startNodeId": 55750463,
        "endNodeId": 55750467,
        "pieceIndex": 2,
        "lengthM": 146.91189797401665,
        "bearingDeg": 92.18043705143407
      },
      "geometry": {
        "type": "LineString",
        "coordinates": [
          [
            -104.81004980687084,
            38.822677979762936
          ],
          [
            -104.8084864,
            38.8226316
          ],
          [
            -104.8083552,
            38.8226277
          ]
        ]
      }
    },
    {
      "type": "Feature",
      "properties": {
        "osmWayId": 7679130,
        "kind": "road",
        "streetName": "South Royer Street",
        "startNodeId": 55750462,
        "endNodeId": 11999672981,
        "pieceIndex": 0,
        "lengthM": 8.77203378036285,
        "bearingDeg": 182.7170584856224
      },
      "geometry": {
        "type": "LineString",
        "coordinates": [
          [
            -104.8152013,
            38.8228411
          ],
          [
            -104.8152061,
            38.8227623
          ]
        ]
      }
    },
    {
      "type": "Feature",
      "properties": {
        "osmWayId": 7679130,
        "kind": "road",
        "streetName": "South Royer Street",
        "startNodeId": 11999672981,
        "endNodeId": 11999672982,
        "pieceIndex": 0,
        "lengthM": 129.36569781940605,
        "bearingDeg": 182.7214023456781
      },
      "geometry": {
        "type": "LineString",
        "coordinates": [
          [
            -104.8152061,
            38.8227623
          ],
          [
            -104.8152574,
            38.8219215
          ],
          [
            -104.815277,
            38.8216002
          ]
        ]
      }
    },
    {
      "type": "Feature",
      "properties": {
        "osmWayId": 7679130,
        "kind": "road",
        "streetName": "South Royer Street",
        "startNodeId": 11999672982,
        "endNodeId": 55758597,
        "pieceIndex": 0,
        "lengthM": 14.672301570557051,
        "bearingDeg": 182.74129408832565
      },
      "geometry": {
        "type": "LineString",
        "coordinates": [
          [
            -104.815277,
            38.8216002
          ],
          [
            -104.8152851,
            38.8214684
          ]
        ]
      }
    },
    {
      "type": "Feature",
      "properties": {
        "osmWayId": 7680253,
        "kind": "road",
        "streetName": "East Cucharras Street",
        "startNodeId": 55767036,
        "endNodeId": 1973263913,
        "pieceIndex": 0,
        "lengthM": 18.010485407241635,
        "bearingDeg": 84.89936106603449
      },
      "geometry": {
        "type": "LineString",
        "coordinates": [
          [
            -104.8219545,
            38.8310257
          ],
          [
            -104.8217474,
            38.8310401
          ]
        ]
      }
    },
    {
      "type": "Feature",
      "properties": {
        "osmWayId": 7680254,
        "kind": "road",
        "streetName": "East Cucharras Street",
        "startNodeId": 554144427,
        "endNodeId": 55767048,
        "pieceIndex": 0,
        "lengthM": 9.891573721610188,
        "bearingDeg": 92.31930161496467
      },
      "geometry": {
        "type": "LineString",
        "coordinates": [
          [
            -104.8132712,
            38.8307642
          ],
          [
            -104.8131571,
            38.8307606
          ]
        ]
      }
    },
    {
      "type": "Feature",
      "properties": {
        "osmWayId": 7680254,
        "kind": "road",
        "streetName": "East Cucharras Street",
        "startNodeId": 55767048,
        "endNodeId": 11999673096,
        "pieceIndex": 0,
        "lengthM": 9.293478252817668,
        "bearingDeg": 92.33143028081116
      },
      "geometry": {
        "type": "LineString",
        "coordinates": [
          [
            -104.8131571,
            38.8307606
          ],
          [
            -104.8130499,
            38.8307572
          ]
        ]
      }
    },
    {
      "type": "Feature",
      "properties": {
        "osmWayId": 7680254,
        "kind": "road",
        "streetName": "East Cucharras Street",
        "startNodeId": 11999673096,
        "endNodeId": 55767052,
        "pieceIndex": 0,
        "lengthM": 131.63517793580678,
        "bearingDeg": 92.33715313001767
      },
      "geometry": {
        "type": "LineString",
        "coordinates": [
          [
            -104.8130499,
            38.8307572
          ],
          [
            -104.8125428,
            38.8307411
          ],
          [
            -104.8120367,
            38.830725
          ],
          [
            -104.81153149928384,
            38.83070891426093
          ]
        ]
      }
    },
    {
      "type": "Feature",
      "properties": {
        "osmWayId": 7680254,
        "kind": "road",
        "streetName": "East Cucharras Street",
        "startNodeId": 11999673096,
        "endNodeId": 55767052,
        "pieceIndex": 1,
        "lengthM": 131.6351779360861,
        "bearingDeg": 92.3363846182591
      },
      "geometry": {
        "type": "LineString",
        "coordinates": [
          [
            -104.81153149928384,
            38.83070891426093
          ],
          [
            -104.811239,
            38.8306996
          ],
          [
            -104.8106938,
            38.8306823
          ],
          [
            -104.8106253,
            38.8306801
          ],
          [
            -104.8105294,
            38.830677
          ],
          [
            -104.8102637,
            38.8306686
          ],
          [
            -104.81001309880288,
            38.8306606443885
          ]
        ]
      }
    },
    {
      "type": "Feature",
      "properties": {
        "osmWayId": 7680254,
        "kind": "road",
        "streetName": "East Cucharras Street",
        "startNodeId": 11999673096,
        "endNodeId": 55767052,
        "pieceIndex": 2,
        "lengthM": 131.63517793710628,
        "bearingDeg": 92.33371912748629
      },
      "geometry": {
        "type": "LineString",
        "coordinates": [
          [
            -104.81001309880288,
            38.8306606443885
          ],
          [
            -104.80849469643181,
            38.8306124295424
          ]
        ]
      }
    },
    {
      "type": "Feature",
      "properties": {
        "osmWayId": 7680254,
        "kind": "road",
        "streetName": "East Cucharras Street",
        "startNodeId": 11999673096,
        "endNodeId": 55767052,
        "pieceIndex": 3,
        "lengthM": 131.63517793498,
        "bearingDeg": 92.33415157992897
      },
      "geometry": {
        "type": "LineString",
        "coordinates": [
          [
            -104.80849469643181,
            38.8306124295424
          ],
          [
            -104.8082167,
            38.8306036
          ],
          [
            -104.8075936,
            38.8305838
          ],
          [
            -104.8073807,
            38.8305771
          ],
          [
            -104.8072143,
            38.8305718
          ],
          [
            -104.80697629557659,
            38.83056420576921
          ]
        ]
      }
    },
    {
      "type": "Feature",
      "properties": {
        "osmWayId": 7680254,
        "kind": "road",
        "streetName": "East Cucharras Street",
        "startNodeId": 11999673096,
        "endNodeId": 55767052,
        "pieceIndex": 4,
        "lengthM": 131.63517793571944,
        "bearingDeg": 92.33198857602969
      },
      "geometry": {
        "type": "LineString",
        "coordinates": [
          [
            -104.80697629557659,
            38.83056420576921
          ],
          [
            -104.8068915,
            38.8305615
          ],
          [
            -104.8063346,
            38.8305438
          ],
          [
            -104.8059452,
            38.8305315
          ],
          [
            -104.8058546,
            38.8305286
          ],
          [
            -104.8057682,
            38.8305259
          ],
          [
            -104.805457893428,
            38.83051602665052
          ]
        ]
      }
    },
    {
      "type": "Feature",
      "properties": {
        "osmWayId": 7680254,
        "kind": "road",
        "streetName": "East Cucharras Street",
        "startNodeId": 11999673096,
        "endNodeId": 55767052,
        "pieceIndex": 5,
        "lengthM": 131.6351779352324,
        "bearingDeg": 92.33913485559066
      },
      "geometry": {
        "type": "LineString",
        "coordinates": [
          [
            -104.805457893428,
            38.83051602665052
          ],
          [
            -104.8040588,
            38.8304715
          ],
          [
            -104.80393950000001,
            38.8304677
          ]
        ]
      }
    },
    {
      "type": "Feature",
      "properties": {
        "osmWayId": 7680375,
        "kind": "road",
        "streetName": "East Costilla Street",
        "startNodeId": 55768005,
        "endNodeId": 55768007,
        "pieceIndex": 0,
        "lengthM": 78.50715796182797,
        "bearingDeg": 92.32500319107538
      },
      "geometry": {
        "type": "LineString",
        "coordinates": [
          [
            -104.8256434,
            38.8283027
          ],
          [
            -104.8254349,
            38.8282961
          ],
          [
            -104.82473784968589,
            38.82827405436828
          ]
        ]
      }
    },
    {
      "type": "Feature",
      "properties": {
        "osmWayId": 7680375,
        "kind": "road",
        "streetName": "East Costilla Street",
        "startNodeId": 55768005,
        "endNodeId": 55768007,
        "pieceIndex": 1,
        "lengthM": 78.50715796009652,
        "bearingDeg": 92.31760372046841
      },
      "geometry": {
        "type": "LineString",
        "coordinates": [
          [
            -104.82473784968589,
            38.82827405436828
          ],
          [
            -104.824714,
            38.8282733
          ],
          [
            -104.8244856,
            38.8282669
          ],
          [
            -104.8243039,
            38.8282604
          ],
          [
            -104.8239957,
            38.8282507
          ],
          [
            -104.8238323,
            38.8282455
          ]
        ]
      }
    },
    {
      "type": "Feature",
      "properties": {
        "osmWayId": 7680866,
        "kind": "road",
        "streetName": "South Nevada Avenue",
        "startNodeId": 55772283,
        "endNodeId": 55720313,
        "pieceIndex": 0,
        "lengthM": 128.9242125982045,
        "bearingDeg": 180.77555697196465
      },
      "geometry": {
        "type": "LineString",
        "coordinates": [
          [
            -104.8220796,
            38.8216832
          ],
          [
            -104.8221308,
            38.8205852
          ],
          [
            -104.8221264,
            38.8205632
          ],
          [
            -104.8221169,
            38.8205444
          ],
          [
            -104.8220996,
            38.8205321
          ]
        ]
      }
    },
    {
      "type": "Feature",
      "properties": {
        "osmWayId": 7681066,
        "kind": "road",
        "streetName": "South Weber Street",
        "startNodeId": 2133328704,
        "endNodeId": 55774430,
        "pieceIndex": 0,
        "lengthM": 36.79964886873423,
        "bearingDeg": 2.212589593649966
      },
      "geometry": {
        "type": "LineString",
        "coordinates": [
          [
            -104.8204489,
            38.8228439
          ],
          [
            -104.8204325,
            38.8231746
          ]
        ]
      }
    },
    {
      "type": "Feature",
      "properties": {
        "osmWayId": 7681066,
        "kind": "road",
        "streetName": "South Weber Street",
        "startNodeId": 55774430,
        "endNodeId": 3575392026,
        "pieceIndex": 0,
        "lengthM": 85.87035947264724,
        "bearingDeg": 1.4567737400174678
      },
      "geometry": {
        "type": "LineString",
        "coordinates": [
          [
            -104.8204325,
            38.8231746
          ],
          [
            -104.8204298,
            38.8232552
          ],
          [
            -104.8204138,
            38.8237484
          ],
          [
            -104.8204118,
            38.8238089
          ],
          [
            -104.8204073,
            38.8239466
          ]
        ]
      }
    },
    {
      "type": "Feature",
      "properties": {
        "osmWayId": 7681066,
        "kind": "road",
        "streetName": "South Weber Street",
        "startNodeId": 3575392026,
        "endNodeId": 55774429,
        "pieceIndex": 0,
        "lengthM": 60.65539801264078,
        "bearingDeg": 1.4976688622410848
      },
      "geometry": {
        "type": "LineString",
        "coordinates": [
          [
            -104.8204073,
            38.8239466
          ],
          [
            -104.8203929,
            38.8243753
          ],
          [
            -104.820389,
            38.8244919
          ]
        ]
      }
    },
    {
      "type": "Feature",
      "properties": {
        "osmWayId": 7681438,
        "kind": "road",
        "streetName": "South Cascade Avenue",
        "startNodeId": 10005025643,
        "endNodeId": 1973264190,
        "pieceIndex": 0,
        "lengthM": 83.25709595651057,
        "bearingDeg": 8.498157037019382
      },
      "geometry": {
        "type": "LineString",
        "coordinates": [
          [
            -104.8255658,
            38.8296875
          ],
          [
            -104.8254589,
            38.8298014
          ],
          [
            -104.82542749632508,
            38.830408559034126
          ]
        ]
      }
    },
    {
      "type": "Feature",
      "properties": {
        "osmWayId": 7681438,
        "kind": "road",
        "streetName": "South Cascade Avenue",
        "startNodeId": 10005025643,
        "endNodeId": 1973264190,
        "pieceIndex": 1,
        "lengthM": 83.25709595608988,
        "bearingDeg": 2.3073310275716494
      },
      "geometry": {
        "type": "LineString",
        "coordinates": [
          [
            -104.82542749632508,
            38.830408559034126
          ],
          [
            -104.8253888,
            38.8311567
          ]
        ]
      }
    },
    {
      "type": "Feature",
      "properties": {
        "osmWayId": 7681438,
        "kind": "road",
        "streetName": "South Cascade Avenue",
        "startNodeId": 1973264190,
        "endNodeId": 55777119,
        "pieceIndex": 0,
        "lengthM": 76.46675274033159,
        "bearingDeg": 1.7581310295797152
      },
      "geometry": {
        "type": "LineString",
        "coordinates": [
          [
            -104.8253888,
            38.8311567
          ],
          [
            -104.8253843,
            38.8312662
          ],
          [
            -104.8253796,
            38.8314408
          ],
          [
            -104.82536171625499,
            38.831844046021935
          ]
        ]
      }
    },
    {
      "type": "Feature",
      "properties": {
        "osmWayId": 7681438,
        "kind": "road",
        "streetName": "South Cascade Avenue",
        "startNodeId": 1973264190,
        "endNodeId": 55777119,
        "pieceIndex": 1,
        "lengthM": 76.46675274038053,
        "bearingDeg": 2.546628938083927
      },
      "geometry": {
        "type": "LineString",
        "coordinates": [
          [
            -104.82536171625499,
            38.831844046021935
          ],
          [
            -104.8253369,
            38.8324036
          ],
          [
            -104.8253225,
            38.8325309
          ]
        ]
      }
    },
    {
      "type": "Feature",
      "properties": {
        "osmWayId": 7683940,
        "kind": "road",
        "streetName": "East Moreno Avenue",
        "startNodeId": 55747562,
        "endNodeId": 3590105862,
        "pieceIndex": 0,
        "lengthM": 77.72444054970555,
        "bearingDeg": 92.4595500328195
      },
      "geometry": {
        "type": "LineString",
        "coordinates": [
          [
            -104.8163803,
            38.8256025
          ],
          [
            -104.8158874,
            38.825586
          ],
          [
            -104.8154839,
            38.8255725
          ]
        ]
      }
    },
    {
      "type": "Feature",
      "properties": {
        "osmWayId": 7683940,
        "kind": "road",
        "streetName": "East Moreno Avenue",
        "startNodeId": 3590105862,
        "endNodeId": 55744479,
        "pieceIndex": 0,
        "lengthM": 45.183486841911844,
        "bearingDeg": 92.46815319323935
      },
      "geometry": {
        "type": "LineString",
        "coordinates": [
          [
            -104.8154839,
            38.8255725
          ],
          [
            -104.8149628,
            38.825555
          ]
        ]
      }
    },
    {
      "type": "Feature",
      "properties": {
        "osmWayId": 7683940,
        "kind": "road",
        "streetName": "East Moreno Avenue",
        "startNodeId": 55744479,
        "endNodeId": 55799055,
        "pieceIndex": 0,
        "lengthM": 86.77206289674767,
        "bearingDeg": 91.93105973761396
      },
      "geometry": {
        "type": "LineString",
        "coordinates": [
          [
            -104.8149628,
            38.825555
          ],
          [
            -104.8139617,
            38.8255287
          ]
        ]
      }
    },
    {
      "type": "Feature",
      "properties": {
        "osmWayId": 7683940,
        "kind": "road",
        "streetName": "East Moreno Avenue",
        "startNodeId": 55799055,
        "endNodeId": 11999673154,
        "pieceIndex": 0,
        "lengthM": 47.42264414290014,
        "bearingDeg": 93.15854273992426
      },
      "geometry": {
        "type": "LineString",
        "coordinates": [
          [
            -104.8139617,
            38.8255287
          ],
          [
            -104.8134151,
            38.8255052
          ]
        ]
      }
    },
    {
      "type": "Feature",
      "properties": {
        "osmWayId": 7683942,
        "kind": "road",
        "streetName": "East Moreno Avenue",
        "startNodeId": 55777122,
        "endNodeId": 55799064,
        "pieceIndex": 0,
        "lengthM": 78.96556297430513,
        "bearingDeg": 92.40172303475725
      },
      "geometry": {
        "type": "LineString",
        "coordinates": [
          [
            -104.8257975,
            38.8255511
          ],
          [
            -104.8255881,
            38.8255453
          ],
          [
            -104.82488675324137,
            38.825521337170535
          ]
        ]
      }
    },
    {
      "type": "Feature",
      "properties": {
        "osmWayId": 7683942,
        "kind": "road",
        "streetName": "East Moreno Avenue",
        "startNodeId": 55777122,
        "endNodeId": 55799064,
        "pieceIndex": 1,
        "lengthM": 78.9655629743205,
        "bearingDeg": 92.39963658768698
      },
      "geometry": {
        "type": "LineString",
        "coordinates": [
          [
            -104.82488675324137,
            38.825521337170535
          ],
          [
            -104.8248564,
            38.8255203
          ],
          [
            -104.8241359,
            38.8254968
          ],
          [
            -104.823976,
            38.8254916
          ]
        ]
      }
    },
    {
      "type": "Feature",
      "properties": {
        "osmWayId": 7683942,
        "kind": "road",
        "streetName": "East Moreno Avenue",
        "startNodeId": 55799064,
        "endNodeId": 9183544628,
        "pieceIndex": 0,
        "lengthM": 143.95448808093286,
        "bearingDeg": 92.22618329029063
      },
      "geometry": {
        "type": "LineString",
        "coordinates": [
          [
            -104.823976,
            38.8254916
          ],
          [
            -104.823818,
            38.8254868
          ],
          [
            -104.8231021,
            38.8254651
          ],
          [
            -104.822838,
            38.8254558
          ],
          [
            -104.8223696,
            38.8254429
          ],
          [
            -104.8223155,
            38.8254413
          ]
        ]
      }
    },
    {
      "type": "Feature",
      "properties": {
        "osmWayId": 7684328,
        "kind": "road",
        "streetName": "West Las Animas Street",
        "startNodeId": 55777125,
        "endNodeId": 2029496229,
        "pieceIndex": 0,
        "lengthM": 18.427332893349867,
        "bearingDeg": 272.5593706022325
      },
      "geometry": {
        "type": "LineString",
        "coordinates": [
          [
            -104.8258212,
            38.8231666
          ],
          [
            -104.8260337,
            38.823174
          ]
        ]
      }
    },
    {
      "type": "Feature",
      "properties": {
        "osmWayId": 7684328,
        "kind": "road",
        "streetName": "West Las Animas Street",
        "startNodeId": 2029496229,
        "endNodeId": 7887810727,
        "pieceIndex": 0,
        "lengthM": 10.068621292378399,
        "bearingDeg": 272.6585772479157
      },
      "geometry": {
        "type": "LineString",
        "coordinates": [
          [
            -104.8260337,
            38.823174
          ],
          [
            -104.8261498,
            38.8231782
          ]
        ]
      }
    },
    {
      "type": "Feature",
      "properties": {
        "osmWayId": 7684328,
        "kind": "road",
        "streetName": "West Las Animas Street",
        "startNodeId": 7887810727,
        "endNodeId": 767614557,
        "pieceIndex": 0,
        "lengthM": 138.8012235281452,
        "bearingDeg": 272.6590792482949
      },
      "geometry": {
        "type": "LineString",
        "coordinates": [
          [
            -104.8261498,
            38.8231782
          ],
          [
            -104.8262015,
            38.8231801
          ],
          [
            -104.8268818,
            38.8232047
          ],
          [
            -104.8275972,
            38.8232306
          ],
          [
            -104.8277503,
            38.8232361
          ]
        ]
      }
    },
    {
      "type": "Feature",
      "properties": {
        "osmWayId": 7684758,
        "kind": "road",
        "streetName": "East Rio Grande Street",
        "startNodeId": 55799159,
        "endNodeId": 1973263680,
        "pieceIndex": 0,
        "lengthM": 149.90256943121386,
        "bearingDeg": 89.97395695249361
      },
      "geometry": {
        "type": "LineString",
        "coordinates": [
          [
            -104.8240438,
            38.82448
          ],
          [
            -104.8238682,
            38.8244806
          ],
          [
            -104.8231505,
            38.8244806
          ],
          [
            -104.8224173,
            38.8244806
          ],
          [
            -104.8223134,
            38.8244806
          ]
        ]
      }
    },
    {
      "type": "Feature",
      "properties": {
        "osmWayId": 7684758,
        "kind": "road",
        "streetName": "East Rio Grande Street",
        "startNodeId": 1973263680,
        "endNodeId": 55772276,
        "pieceIndex": 0,
        "lengthM": 18.833212782354394,
        "bearingDeg": 90.20290376744435
      },
      "geometry": {
        "type": "LineString",
        "coordinates": [
          [
            -104.8223134,
            38.8244806
          ],
          [
            -104.822096,
            38.82448
          ]
        ]
      }
    },
    {
      "type": "Feature",
      "properties": {
        "osmWayId": 7684759,
        "kind": "road",
        "streetName": "East Rio Grande Street",
        "startNodeId": 55747563,
        "endNodeId": 55805912,
        "pieceIndex": 0,
        "lengthM": 65.92882903145107,
        "bearingDeg": 93.00647899309024
      },
      "geometry": {
        "type": "LineString",
        "coordinates": [
          [
            -104.8168115,
            38.8242744
          ],
          [
            -104.8167064,
            38.8242701
          ],
          [
            -104.8162382,
            38.8242509
          ],
          [
            -104.8160515,
            38.8242433
          ]
        ]
      }
    },
    {
      "type": "Feature",
      "properties": {
        "osmWayId": 7684759,
        "kind": "road",
        "streetName": "East Rio Grande Street",
        "startNodeId": 55805912,
        "endNodeId": 55805913,
        "pieceIndex": 0,
        "lengthM": 25.80678596430431,
        "bearingDeg": 92.09879992047286
      },
      "geometry": {
        "type": "LineString",
        "coordinates": [
          [
            -104.8160515,
            38.8242433
          ],
          [
            -104.8157538,
            38.8242348
          ]
        ]
      }
    },
    {
      "type": "Feature",
      "properties": {
        "osmWayId": 7684759,
        "kind": "road",
        "streetName": "East Rio Grande Street",
        "startNodeId": 55805913,
        "endNodeId": 55758595,
        "pieceIndex": 0,
        "lengthM": 54.657082359287664,
        "bearingDeg": 92.56505152007776
      },
      "geometry": {
        "type": "LineString",
        "coordinates": [
          [
            -104.8157538,
            38.8242348
          ],
          [
            -104.8151235,
            38.8242128
          ]
        ]
      }
    },
    {
      "type": "Feature",
      "properties": {
        "osmWayId": 7684759,
        "kind": "road",
        "streetName": "East Rio Grande Street",
        "startNodeId": 55758595,
        "endNodeId": 55805915,
        "pieceIndex": 0,
        "lengthM": 61.55595749304683,
        "bearingDeg": 92.9922724956466
      },
      "geometry": {
        "type": "LineString",
        "coordinates": [
          [
            -104.8151235,
            38.8242128
          ],
          [
            -104.8144139,
            38.8241839
          ]
        ]
      }
    },
    {
      "type": "Feature",
      "properties": {
        "osmWayId": 7684759,
        "kind": "road",
        "streetName": "East Rio Grande Street",
        "startNodeId": 55805915,
        "endNodeId": 55805917,
        "pieceIndex": 0,
        "lengthM": 88.1245657520444,
        "bearingDeg": 92.96512050377879
      },
      "geometry": {
        "type": "LineString",
        "coordinates": [
          [
            -104.8144139,
            38.8241839
          ],
          [
            -104.8142431,
            38.824177
          ],
          [
            -104.8134889,
            38.8241466
          ],
          [
            -104.813398,
            38.8241429
          ]
        ]
      }
    },
    {
      "type": "Feature",
      "properties": {
        "osmWayId": 7684759,
        "kind": "road",
        "streetName": "East Rio Grande Street",
        "startNodeId": 55805917,
        "endNodeId": 11701937357,
        "pieceIndex": 0,
        "lengthM": 8.537146552529942,
        "bearingDeg": 91.79130681855338
      },
      "geometry": {
        "type": "LineString",
        "coordinates": [
          [
            -104.813398,
            38.8241429
          ],
          [
            -104.8132995,
            38.8241405
          ]
        ]
      }
    },
    {
      "type": "Feature",
      "properties": {
        "osmWayId": 7684759,
        "kind": "road",
        "streetName": "East Rio Grande Street",
        "startNodeId": 11701937357,
        "endNodeId": 55805926,
        "pieceIndex": 0,
        "lengthM": 134.54418371168967,
        "bearingDeg": 91.81079356309363
      },
      "geometry": {
        "type": "LineString",
        "coordinates": [
          [
            -104.8132995,
            38.8241405
          ],
          [
            -104.81174717181081,
            38.824102255409485
          ]
        ]
      }
    },
    {
      "type": "Feature",
      "properties": {
        "osmWayId": 7684759,
        "kind": "road",
        "streetName": "East Rio Grande Street",
        "startNodeId": 11701937357,
        "endNodeId": 55805926,
        "pieceIndex": 1,
        "lengthM": 134.5441837123184,
        "bearingDeg": 91.89464328645647
      },
      "geometry": {
        "type": "LineString",
        "coordinates": [
          [
            -104.81174717181081,
            38.824102255409485
          ],
          [
            -104.8108929,
            38.8240812
          ],
          [
            -104.8107975,
            38.8240788
          ],
          [
            -104.8107031,
            38.8240762
          ],
          [
            -104.81019492032955,
            38.82406224105193
          ]
        ]
      }
    },
    {
      "type": "Feature",
      "properties": {
        "osmWayId": 7684759,
        "kind": "road",
        "streetName": "East Rio Grande Street",
        "startNodeId": 11701937357,
        "endNodeId": 55805926,
        "pieceIndex": 2,
        "lengthM": 134.5441837123126,
        "bearingDeg": 92.01945113735798
      },
      "geometry": {
        "type": "LineString",
        "coordinates": [
          [
            -104.81019492032955,
            38.82406224105193
          ],
          [
            -104.80864278296107,
            38.824019592457084
          ]
        ]
      }
    },
    {
      "type": "Feature",
      "properties": {
        "osmWayId": 7684759,
        "kind": "road",
        "streetName": "East Rio Grande Street",
        "startNodeId": 11701937357,
        "endNodeId": 55805926,
        "pieceIndex": 3,
        "lengthM": 134.54418371136268,
        "bearingDeg": 92.49674199765002
      },
      "geometry": {
        "type": "LineString",
        "coordinates": [
          [
            -104.80864278296107,
            38.824019592457084
          ],
          [
            -104.8084575,
            38.8240145
          ],
          [
            -104.808338,
            38.8240112
          ],
          [
            -104.8082131,
            38.8240067
          ],
          [
            -104.8072836,
            38.8239734
          ],
          [
            -104.8071456,
            38.8239685
          ],
          [
            -104.80709117091295,
            38.823966872695046
          ]
        ]
      }
    },
    {
      "type": "Feature",
      "properties": {
        "osmWayId": 7684759,
        "kind": "road",
        "streetName": "East Rio Grande Street",
        "startNodeId": 11701937357,
        "endNodeId": 55805926,
        "pieceIndex": 4,
        "lengthM": 134.5441837102548,
        "bearingDeg": 92.49862790293156
      },
      "geometry": {
        "type": "LineString",
        "coordinates": [
          [
            -104.80709117091295,
            38.823966872695046
          ],
          [
            -104.8066272,
            38.823953
          ],
          [
            -104.8060305,
            38.8239288
          ],
          [
            -104.805946,
            38.8239254
          ],
          [
            -104.8058428,
            38.8239225
          ],
          [
            -104.80553959093879,
            38.823914114120306
          ]
        ]
      }
    },
    {
      "type": "Feature",
      "properties": {
        "osmWayId": 7684759,
        "kind": "road",
        "streetName": "East Rio Grande Street",
        "startNodeId": 11701937357,
        "endNodeId": 55805926,
        "pieceIndex": 5,
        "lengthM": 134.5441837121037,
        "bearingDeg": 91.91921382335619
      },
      "geometry": {
        "type": "LineString",
        "coordinates": [
          [
            -104.80553959093879,
            38.823914114120306
          ],
          [
            -104.804404,
            38.8238827
          ],
          [
            -104.8042881,
            38.8238795
          ],
          [
            -104.80415,
            38.8238768
          ],
          [
            -104.80398737609057,
            38.82387358143649
          ]
        ]
      }
    },
    {
      "type": "Feature",
      "properties": {
        "osmWayId": 7684759,
        "kind": "road",
        "streetName": "East Rio Grande Street",
        "startNodeId": 11701937357,
        "endNodeId": 55805926,
        "pieceIndex": 6,
        "lengthM": 134.544183712597,
        "bearingDeg": 91.97604207157627
      },
      "geometry": {
        "type": "LineString",
        "coordinates": [
          [
            -104.80398737609057,
            38.82387358143649
          ],
          [
            -104.8035892,
            38.8238657
          ],
          [
            -104.8027794,
            38.8238401
          ],
          [
            -104.80243523551248,
            38.823831849911684
          ]
        ]
      }
    },
    {
      "type": "Feature",
      "properties": {
        "osmWayId": 7684759,
        "kind": "road",
        "streetName": "East Rio Grande Street",
        "startNodeId": 11701937357,
        "endNodeId": 55805926,
        "pieceIndex": 7,
        "lengthM": 134.544183710354,
        "bearingDeg": 91.66419212336302
      },
      "geometry": {
        "type": "LineString",
        "coordinates": [
          [
            -104.80243523551248,
            38.823831849911684
          ],
          [
            -104.801599,
            38.8238118
          ],
          [
            -104.8012675,
            38.8238039
          ],
          [
            -104.8009575,
            38.8237981
          ],
          [
            -104.8008828,
            38.8237967
          ]
        ]
      }
    },
    {
      "type": "Feature",
      "properties": {
        "osmWayId": 7684788,
        "kind": "road",
        "streetName": "East Las Animas Street",
        "startNodeId": 55777125,
        "endNodeId": 7887778456,
        "pieceIndex": 0,
        "lengthM": 9.817149494112966,
        "bearingDeg": 92.66168765624775
      },
      "geometry": {
        "type": "LineString",
        "coordinates": [
          [
            -104.8258212,
            38.8231666
          ],
          [
            -104.825708,
            38.8231625
          ]
        ]
      }
    },
    {
      "type": "Feature",
      "properties": {
        "osmWayId": 7684788,
        "kind": "road",
        "streetName": "East Las Animas Street",
        "startNodeId": 7887778456,
        "endNodeId": 55799160,
        "pieceIndex": 0,
        "lengthM": 139.1383481661213,
        "bearingDeg": 92.64704463619012
      },
      "geometry": {
        "type": "LineString",
        "coordinates": [
          [
            -104.825708,
            38.8231625
          ],
          [
            -104.8256412,
            38.8231601
          ],
          [
            -104.8249878,
            38.8231366
          ],
          [
            -104.8246288,
            38.8231237
          ],
          [
            -104.8242647,
            38.8231105
          ],
          [
            -104.8241036,
            38.8231047
          ]
        ]
      }
    },
    {
      "type": "Feature",
      "properties": {
        "osmWayId": 7685958,
        "kind": "road",
        "streetName": "West Costilla Street",
        "startNodeId": 55768005,
        "endNodeId": 7373760834,
        "pieceIndex": 0,
        "lengthM": 79.11914502569924,
        "bearingDeg": 272.78682553716493
      },
      "geometry": {
        "type": "LineString",
        "coordinates": [
          [
            -104.8256434,
            38.8283027
          ],
          [
            -104.8258794,
            38.8283118
          ],
          [
            -104.8261719,
            38.828323
          ],
          [
            -104.82655568160509,
            38.82833729132912
          ]
        ]
      }
    },
    {
      "type": "Feature",
      "properties": {
        "osmWayId": 7685958,
        "kind": "road",
        "streetName": "West Costilla Street",
        "startNodeId": 55768005,
        "endNodeId": 7373760834,
        "pieceIndex": 1,
        "lengthM": 79.11914502425783,
        "bearingDeg": 272.7398520531632
      },
      "geometry": {
        "type": "LineString",
        "coordinates": [
          [
            -104.82655568160509,
            38.82833729132912
          ],
          [
            -104.8265586,
            38.8283374
          ],
          [
            -104.8271836,
            38.8283607
          ],
          [
            -104.8273495,
            38.8283669
          ],
          [
            -104.827468,
            38.8283713
          ]
        ]
      }
    },
    {
      "type": "Feature",
      "properties": {
        "osmWayId": 7687118,
        "kind": "road",
        "streetName": "Melvin M Circle",
        "startNodeId": 55799055,
        "endNodeId": 55824718,
        "pieceIndex": 0,
        "lengthM": 34.56195421155977,
        "bearingDeg": 2.1689966601151127
      },
      "geometry": {
        "type": "LineString",
        "coordinates": [
          [
            -104.8139617,
            38.8255287
          ],
          [
            -104.8139466,
            38.8258393
          ]
        ]
      }
    },
    {
      "type": "Feature",
      "properties": {
        "osmWayId": 7687271,
        "kind": "road",
        "streetName": "East Colorado Avenue",
        "startNodeId": 55825623,
        "endNodeId": 11999673095,
        "pieceIndex": 0,
        "lengthM": 9.761114215377804,
        "bearingDeg": 92.2849951183972
      },
      "geometry": {
        "type": "LineString",
        "coordinates": [
          [
            -104.8131084,
            38.8321228
          ],
          [
            -104.8129958,
            38.8321193
          ]
        ]
      }
    },
    {
      "type": "Feature",
      "properties": {
        "osmWayId": 7687271,
        "kind": "road",
        "streetName": "East Colorado Avenue",
        "startNodeId": 11999673095,
        "endNodeId": 428881944,
        "pieceIndex": 0,
        "lengthM": 135.2895340810393,
        "bearingDeg": 92.3081309417471
      },
      "geometry": {
        "type": "LineString",
        "coordinates": [
          [
            -104.8129958,
            38.8321193
          ],
          [
            -104.81143518468238,
            38.832070289292574
          ]
        ]
      }
    },
    {
      "type": "Feature",
      "properties": {
        "osmWayId": 7687271,
        "kind": "road",
        "streetName": "East Colorado Avenue",
        "startNodeId": 11999673095,
        "endNodeId": 428881944,
        "pieceIndex": 1,
        "lengthM": 135.2895340837265,
        "bearingDeg": 90.31304142619376
      },
      "geometry": {
        "type": "LineString",
        "coordinates": [
          [
            -104.81143518468238,
            38.832070289292574
          ],
          [
            -104.8106811,
            38.8320466
          ],
          [
            -104.8105989,
            38.8320645
          ],
          [
            -104.810505,
            38.8320818
          ],
          [
            -104.8104947,
            38.8320815
          ],
          [
            -104.80988009083411,
            38.83206366031901
          ]
        ]
      }
    },
    {
      "type": "Feature",
      "properties": {
        "osmWayId": 7687271,
        "kind": "road",
        "streetName": "East Colorado Avenue",
        "startNodeId": 11999673095,
        "endNodeId": 428881944,
        "pieceIndex": 2,
        "lengthM": 135.28953408130934,
        "bearingDeg": 92.4294859797497
      },
      "geometry": {
        "type": "LineString",
        "coordinates": [
          [
            -104.80988009083411,
            38.83206366031901
          ],
          [
            -104.809754,
            38.83206
          ],
          [
            -104.8096349,
            38.832056
          ],
          [
            -104.8095575,
            38.8320534
          ],
          [
            -104.809394,
            38.832048
          ],
          [
            -104.8092027,
            38.8320416
          ],
          [
            -104.8086852,
            38.8320243
          ],
          [
            -104.80831961537142,
            38.83201207488072
          ]
        ]
      }
    },
    {
      "type": "Feature",
      "properties": {
        "osmWayId": 7687271,
        "kind": "road",
        "streetName": "East Colorado Avenue",
        "startNodeId": 11999673095,
        "endNodeId": 428881944,
        "pieceIndex": 3,
        "lengthM": 135.28953408289874,
        "bearingDeg": 88.7941525567428
      },
      "geometry": {
        "type": "LineString",
        "coordinates": [
          [
            -104.80831961537142,
            38.83201207488072
          ],
          [
            -104.8082486,
            38.8320097
          ],
          [
            -104.8081853,
            38.8320209
          ],
          [
            -104.8080818,
            38.8320288
          ],
          [
            -104.8077015,
            38.832017
          ],
          [
            -104.8070014,
            38.8319952
          ],
          [
            -104.806912,
            38.8320052
          ],
          [
            -104.8068207,
            38.8320197
          ],
          [
            -104.80676833192194,
            38.83203750101403
          ]
        ]
      }
    },
    {
      "type": "Feature",
      "properties": {
        "osmWayId": 7687271,
        "kind": "road",
        "streetName": "East Colorado Avenue",
        "startNodeId": 11999673095,
        "endNodeId": 428881944,
        "pieceIndex": 4,
        "lengthM": 135.28953408065206,
        "bearingDeg": 22.05038382113446
      },
      "geometry": {
        "type": "LineString",
        "coordinates": [
          [
            -104.80676833192194,
            38.83203750101403
          ],
          [
            -104.8067448,
            38.8320455
          ],
          [
            -104.8066314,
            38.8320899
          ],
          [
            -104.8065588,
            38.832123
          ],
          [
            -104.806483,
            38.8321711
          ],
          [
            -104.8064213,
            38.8322282
          ],
          [
            -104.8063622,
            38.8322978
          ],
          [
            -104.806325,
            38.8323659
          ],
          [
            -104.8062911,
            38.8324441
          ],
          [
            -104.8062687,
            38.8325447
          ],
          [
            -104.8062599,
            38.8326008
          ],
          [
            -104.8062528,
            38.8326463
          ],
          [
            -104.8062248,
            38.8330828
          ]
        ]
      }
    },
    {
      "type": "Feature",
      "properties": {
        "osmWayId": 7687273,
        "kind": "road",
        "streetName": "East Colorado Avenue",
        "startNodeId": 55777119,
        "endNodeId": 1989249257,
        "pieceIndex": 0,
        "lengthM": 71.79912540008588,
        "bearingDeg": 92.68047993298228
      },
      "geometry": {
        "type": "LineString",
        "coordinates": [
          [
            -104.8253225,
            38.8325309
          ],
          [
            -104.8252063,
            38.8325266
          ],
          [
            -104.8246345,
            38.8325056
          ],
          [
            -104.8244945,
            38.8325007
          ]
        ]
      }
    },
    {
      "type": "Feature",
      "properties": {
        "osmWayId": 7687436,
        "kind": "road",
        "streetName": "East Fountain Boulevard",
        "startNodeId": 55777126,
        "endNodeId": 7887778457,
        "pieceIndex": 0,
        "lengthM": 10.841076526698835,
        "bearingDeg": 92.70426094007547
      },
      "geometry": {
        "type": "LineString",
        "coordinates": [
          [
            -104.8259052,
            38.8218067
          ],
          [
            -104.8257802,
            38.8218021
          ]
        ]
      }
    },
    {
      "type": "Feature",
      "properties": {
        "osmWayId": 7687436,
        "kind": "road",
        "streetName": "East Fountain Boulevard",
        "startNodeId": 7887778457,
        "endNodeId": 7887778472,
        "pieceIndex": 0,
        "lengthM": 125.45938890678458,
        "bearingDeg": 92.68178635597906
      },
      "geometry": {
        "type": "LineString",
        "coordinates": [
          [
            -104.8257802,
            38.8218021
          ],
          [
            -104.8250496,
            38.8217754
          ],
          [
            -104.8243336,
            38.8217493
          ]
        ]
      }
    },
    {
      "type": "Feature",
      "properties": {
        "osmWayId": 7687436,
        "kind": "road",
        "streetName": "East Fountain Boulevard",
        "startNodeId": 7887778472,
        "endNodeId": 55799161,
        "pieceIndex": 0,
        "lengthM": 13.252022070561797,
        "bearingDeg": 92.69318571612354
      },
      "geometry": {
        "type": "LineString",
        "coordinates": [
          [
            -104.8243336,
            38.8217493
          ],
          [
            -104.8241808,
            38.8217437
          ]
        ]
      }
    },
    {
      "type": "Feature",
      "properties": {
        "osmWayId": 7688243,
        "kind": "road",
        "streetName": "West Fountain Boulevard",
        "startNodeId": 55777126,
        "endNodeId": 2029496355,
        "pieceIndex": 0,
        "lengthM": 17.406850827713164,
        "bearingDeg": 272.0501329630888
      },
      "geometry": {
        "type": "LineString",
        "coordinates": [
          [
            -104.8259052,
            38.8218067
          ],
          [
            -104.826106,
            38.8218123
          ]
        ]
      }
    },
    {
      "type": "Feature",
      "properties": {
        "osmWayId": 7688243,
        "kind": "road",
        "streetName": "West Fountain Boulevard",
        "startNodeId": 2029496355,
        "endNodeId": 55829318,
        "pieceIndex": 0,
        "lengthM": 100.35364368001332,
        "bearingDeg": 271.88103303442097
      },
      "geometry": {
        "type": "LineString",
        "coordinates": [
          [
            -104.826106,
            38.8218123
          ],
          [
            -104.8262217,
            38.8218153
          ],
          [
            -104.8269538,
            38.821834
          ],
          [
            -104.82726376605359,
            38.82184191826232
          ]
        ]
      }
    },
    {
      "type": "Feature",
      "properties": {
        "osmWayId": 7688243,
        "kind": "road",
        "streetName": "West Fountain Boulevard",
        "startNodeId": 2029496355,
        "endNodeId": 55829318,
        "pieceIndex": 1,
        "lengthM": 100.35364367904558,
        "bearingDeg": 272.4641164034339
      },
      "geometry": {
        "type": "LineString",
        "coordinates": [
          [
            -104.82726376605359,
            38.82184191826232
          ],
          [
            -104.8276663,
            38.8218522
          ],
          [
            -104.8278286,
            38.8218563
          ],
          [
            -104.8279829,
            38.8218627
          ],
          [
            -104.82842102696215,
            38.821880712415535
          ]
        ]
      }
    },
    {
      "type": "Feature",
      "properties": {
        "osmWayId": 7688243,
        "kind": "road",
        "streetName": "West Fountain Boulevard",
        "startNodeId": 2029496355,
        "endNodeId": 55829318,
        "pieceIndex": 2,
        "lengthM": 100.35364367948014,
        "bearingDeg": 273.0292469246184
      },
      "geometry": {
        "type": "LineString",
        "coordinates": [
          [
            -104.82842102696215,
            38.821880712415535
          ],
          [
            -104.8287029,
            38.8218923
          ],
          [
            -104.8294265,
            38.8219222
          ],
          [
            -104.8295778,
            38.8219284
          ]
        ]
      }
    },
    {
      "type": "Feature",
      "properties": {
        "osmWayId": 7688578,
        "kind": "road",
        "streetName": "East Cimarron Street",
        "startNodeId": 55834190,
        "endNodeId": 55834191,
        "pieceIndex": 0,
        "lengthM": 139.4344403685304,
        "bearingDeg": 92.39901974999947
      },
      "geometry": {
        "type": "LineString",
        "coordinates": [
          [
            -104.8149096,
            38.8267662
          ],
          [
            -104.8144469,
            38.8267501
          ],
          [
            -104.8133994,
            38.8267168
          ],
          [
            -104.8133014,
            38.8267137
          ]
        ]
      }
    },
    {
      "type": "Feature",
      "properties": {
        "osmWayId": 7688580,
        "kind": "road",
        "streetName": "East Cimarron Street",
        "startNodeId": 6769323756,
        "endNodeId": 55761049,
        "pieceIndex": 0,
        "lengthM": 141.13653345669297,
        "bearingDeg": 91.89367976710952
      },
      "geometry": {
        "type": "LineString",
        "coordinates": [
          [
            -104.813215,
            38.8265207
          ],
          [
            -104.8121135,
            38.8264923
          ],
          [
            -104.8115866331943,
            38.826478745773365
          ]
        ]
      }
    },
    {
      "type": "Feature",
      "properties": {
        "osmWayId": 7688580,
        "kind": "road",
        "streetName": "East Cimarron Street",
        "startNodeId": 6769323756,
        "endNodeId": 55761049,
        "pieceIndex": 1,
        "lengthM": 141.13653345623803,
        "bearingDeg": 91.88805952151648
      },
      "geometry": {
        "type": "LineString",
        "coordinates": [
          [
            -104.8115866331943,
            38.826478745773365
          ],
          [
            -104.8114838,
            38.8264761
          ],
          [
            -104.8108264,
            38.8264592
          ],
          [
            -104.8107388,
            38.826457
          ],
          [
            -104.8106481,
            38.8264547
          ],
          [
            -104.80995826210754,
            38.826436915984715
          ]
        ]
      }
    },
    {
      "type": "Feature",
      "properties": {
        "osmWayId": 7688580,
        "kind": "road",
        "streetName": "East Cimarron Street",
        "startNodeId": 6769323756,
        "endNodeId": 55761049,
        "pieceIndex": 2,
        "lengthM": 141.13653345542414,
        "bearingDeg": 91.89646928541288
      },
      "geometry": {
        "type": "LineString",
        "coordinates": [
          [
            -104.80995826210754,
            38.826436915984715
          ],
          [
            -104.8097676,
            38.826432
          ],
          [
            -104.8097355,
            38.8264311
          ],
          [
            -104.8086385,
            38.8264029
          ],
          [
            -104.8084135,
            38.8263971
          ],
          [
            -104.8083299,
            38.8263949
          ]
        ]
      }
    },
    {
      "type": "Feature",
      "properties": {
        "osmWayId": 7688875,
        "kind": "road",
        "streetName": "East Vermijo Avenue",
        "startNodeId": 55836531,
        "endNodeId": 554144285,
        "pieceIndex": 0,
        "lengthM": 29.091443815551482,
        "bearingDeg": 92.16850661650687
      },
      "geometry": {
        "type": "LineString",
        "coordinates": [
          [
            -104.8136457,
            38.8293997
          ],
          [
            -104.8133101,
            38.8293898
          ]
        ]
      }
    },
    {
      "type": "Feature",
      "properties": {
        "osmWayId": 7688875,
        "kind": "road",
        "streetName": "East Vermijo Avenue",
        "startNodeId": 554144285,
        "endNodeId": 55836532,
        "pieceIndex": 0,
        "lengthM": 8.90303595686173,
        "bearingDeg": 106.39535821186689
      },
      "geometry": {
        "type": "LineString",
        "coordinates": [
          [
            -104.8133101,
            38.8293898
          ],
          [
            -104.8132115,
            38.8293672
          ]
        ]
      }
    },
    {
      "type": "Feature",
      "properties": {
        "osmWayId": 7688875,
        "kind": "road",
        "streetName": "East Vermijo Avenue",
        "startNodeId": 55836532,
        "endNodeId": 11999673099,
        "pieceIndex": 0,
        "lengthM": 10.14331299679594,
        "bearingDeg": 111.36270764166943
      },
      "geometry": {
        "type": "LineString",
        "coordinates": [
          [
            -104.8132115,
            38.8293672
          ],
          [
            -104.8131168,
            38.8293347
          ],
          [
            -104.8131032,
            38.8293342
          ]
        ]
      }
    },
    {
      "type": "Feature",
      "properties": {
        "osmWayId": 7688875,
        "kind": "road",
        "streetName": "East Vermijo Avenue",
        "startNodeId": 11999673099,
        "endNodeId": 55761044,
        "pieceIndex": 0,
        "lengthM": 140.09235202486425,
        "bearingDeg": 92.52943749593152
      },
      "geometry": {
        "type": "LineString",
        "coordinates": [
          [
            -104.8131032,
            38.8293342
          ],
          [
            -104.8125994,
            38.8293154
          ],
          [
            -104.8125236,
            38.8293129
          ],
          [
            -104.81148751444712,
            38.829278587215846
          ]
        ]
      }
    },
    {
      "type": "Feature",
      "properties": {
        "osmWayId": 7688875,
        "kind": "road",
        "streetName": "East Vermijo Avenue",
        "startNodeId": 11999673099,
        "endNodeId": 55761044,
        "pieceIndex": 1,
        "lengthM": 140.0923520259708,
        "bearingDeg": 92.25452264958801
      },
      "geometry": {
        "type": "LineString",
        "coordinates": [
          [
            -104.81148751444712,
            38.829278587215846
          ],
          [
            -104.8112977,
            38.8292723
          ],
          [
            -104.8107457,
            38.8292541
          ],
          [
            -104.8106556,
            38.8292511
          ],
          [
            -104.8105647,
            38.8292485
          ],
          [
            -104.8098994,
            38.8292298
          ],
          [
            -104.8098715090198,
            38.82922901433616
          ]
        ]
      }
    },
    {
      "type": "Feature",
      "properties": {
        "osmWayId": 7688875,
        "kind": "road",
        "streetName": "East Vermijo Avenue",
        "startNodeId": 11999673099,
        "endNodeId": 55761044,
        "pieceIndex": 2,
        "lengthM": 140.0923520257391,
        "bearingDeg": 92.06980866832464
      },
      "geometry": {
        "type": "LineString",
        "coordinates": [
          [
            -104.8098715090198,
            38.82922901433616
          ],
          [
            -104.8083768,
            38.8291869
          ],
          [
            -104.8082553,
            38.8291835
          ]
        ]
      }
    },
    {
      "type": "Feature",
      "properties": {
        "osmWayId": 7688876,
        "kind": "road",
        "streetName": "East Vermijo Avenue",
        "startNodeId": 1973264024,
        "endNodeId": 2092984106,
        "pieceIndex": 0,
        "lengthM": 73.82531321099172,
        "bearingDeg": 277.5663327304712
      },
      "geometry": {
        "type": "LineString",
        "coordinates": [
          [
            -104.8183946,
            38.8294987
          ],
          [
            -104.8184985,
            38.8295584
          ],
          [
            -104.8192209,
            38.8295842
          ]
        ]
      }
    },
    {
      "type": "Feature",
      "properties": {
        "osmWayId": 7689089,
        "kind": "road",
        "streetName": "West Colorado Avenue",
        "startNodeId": 55777119,
        "endNodeId": 1973264192,
        "pieceIndex": 0,
        "lengthM": 16.58544768502753,
        "bearingDeg": 271.61362961825387
      },
      "geometry": {
        "type": "LineString",
        "coordinates": [
          [
            -104.8253225,
            38.8325309
          ],
          [
            -104.8255139,
            38.8325351
          ]
        ]
      }
    },
    {
      "type": "Feature",
      "properties": {
        "osmWayId": 7690898,
        "kind": "road",
        "streetName": "East Costilla Street",
        "startNodeId": 6966412168,
        "endNodeId": 55768019,
        "pieceIndex": 0,
        "lengthM": 135.6917760845027,
        "bearingDeg": 92.31570052919176
      },
      "geometry": {
        "type": "LineString",
        "coordinates": [
          [
            -104.8163921,
            38.8279966
          ],
          [
            -104.8161401,
            38.8279886
          ],
          [
            -104.815693,
            38.8279745
          ],
          [
            -104.8149293,
            38.8279505
          ],
          [
            -104.81482694369257,
            38.82794728245723
          ]
        ]
      }
    },
    {
      "type": "Feature",
      "properties": {
        "osmWayId": 7690898,
        "kind": "road",
        "streetName": "East Costilla Street",
        "startNodeId": 6966412168,
        "endNodeId": 55768019,
        "pieceIndex": 1,
        "lengthM": 135.69177608584204,
        "bearingDeg": 92.85737409315846
      },
      "geometry": {
        "type": "LineString",
        "coordinates": [
          [
            -104.81482694369257,
            38.82794728245723
          ],
          [
            -104.8140323,
            38.8279223
          ],
          [
            -104.8137494,
            38.8279149
          ],
          [
            -104.8133802,
            38.8279053
          ],
          [
            -104.813264,
            38.8278865
          ]
        ]
      }
    },
    {
      "type": "Feature",
      "properties": {
        "osmWayId": 7690985,
        "kind": "road",
        "streetName": "Coronado Street",
        "startNodeId": 55826495,
        "endNodeId": 2143456641,
        "pieceIndex": 0,
        "lengthM": 13.268118766466557,
        "bearingDeg": 181.12238899773956
      },
      "geometry": {
        "type": "LineString",
        "coordinates": [
          [
            -104.8162184,
            38.8214948
          ],
          [
            -104.8162214,
            38.8213755
          ]
        ]
      }
    },
    {
      "type": "Feature",
      "properties": {
        "osmWayId": 7690985,
        "kind": "road",
        "streetName": "Coronado Street",
        "startNodeId": 2143456641,
        "endNodeId": 1328906468,
        "pieceIndex": 0,
        "lengthM": 83.45141705734723,
        "bearingDeg": 180.57437175812902
      },
      "geometry": {
        "type": "LineString",
        "coordinates": [
          [
            -104.8162214,
            38.8213755
          ],
          [
            -104.8162271,
            38.8212814
          ],
          [
            -104.8162541,
            38.8208312
          ],
          [
            -104.8162495,
            38.8207276
          ],
          [
            -104.8162341,
            38.8206373
          ],
          [
            -104.81623103469298,
            38.82062672218936
          ]
        ]
      }
    },
    {
      "type": "Feature",
      "properties": {
        "osmWayId": 7690985,
        "kind": "road",
        "streetName": "Coronado Street",
        "startNodeId": 2143456641,
        "endNodeId": 1328906468,
        "pieceIndex": 1,
        "lengthM": 83.45141705724048,
        "bearingDeg": 145.35889061566502
      },
      "geometry": {
        "type": "LineString",
        "coordinates": [
          [
            -104.81623103469298,
            38.82062672218936
          ],
          [
            -104.8162097,
            38.8205531
          ],
          [
            -104.8161519,
            38.8204414
          ],
          [
            -104.8160733,
            38.8203389
          ],
          [
            -104.8159889,
            38.8202526
          ],
          [
            -104.8158398,
            38.8201261
          ],
          [
            -104.8156938,
            38.8200209
          ]
        ]
      }
    },
    {
      "type": "Feature",
      "properties": {
        "osmWayId": 7691571,
        "kind": "road",
        "streetName": "Beldon Drive",
        "startNodeId": 55750461,
        "endNodeId": 11999632164,
        "pieceIndex": 0,
        "lengthM": 9.15727419122921,
        "bearingDeg": 2.060179463406655
      },
      "geometry": {
        "type": "LineString",
        "coordinates": [
          [
            -104.8161144,
            38.822872
          ],
          [
            -104.8161106,
            38.8229543
          ]
        ]
      }
    },
    {
      "type": "Feature",
      "properties": {
        "osmWayId": 7691571,
        "kind": "road",
        "streetName": "Beldon Drive",
        "startNodeId": 11999632164,
        "endNodeId": 7978215364,
        "pieceIndex": 0,
        "lengthM": 130.8391946350937,
        "bearingDeg": 2.0641530822316554
      },
      "geometry": {
        "type": "LineString",
        "coordinates": [
          [
            -104.8161106,
            38.8229543
          ],
          [
            -104.8160562,
            38.8241302
          ]
        ]
      }
    },
    {
      "type": "Feature",
      "properties": {
        "osmWayId": 7691571,
        "kind": "road",
        "streetName": "Beldon Drive",
        "startNodeId": 7978215364,
        "endNodeId": 55805912,
        "pieceIndex": 0,
        "lengthM": 12.58275275885636,
        "bearingDeg": 1.8543181119762266
      },
      "geometry": {
        "type": "LineString",
        "coordinates": [
          [
            -104.8160562,
            38.8241302
          ],
          [
            -104.8160515,
            38.8242433
          ]
        ]
      }
    },
    {
      "type": "Feature",
      "properties": {
        "osmWayId": 7692096,
        "kind": "road",
        "streetName": "South El Paso Street",
        "startNodeId": 55768019,
        "endNodeId": 55834191,
        "pieceIndex": 0,
        "lengthM": 130.45027861548374,
        "bearingDeg": 181.42312781732153
      },
      "geometry": {
        "type": "LineString",
        "coordinates": [
          [
            -104.813264,
            38.8278865
          ],
          [
            -104.8132669,
            38.8277833
          ],
          [
            -104.8132836,
            38.8272107
          ],
          [
            -104.8133014,
            38.8267137
          ]
        ]
      }
    },
    {
      "type": "Feature",
      "properties": {
        "osmWayId": 7692096,
        "kind": "road",
        "streetName": "South El Paso Street",
        "startNodeId": 55834191,
        "endNodeId": 55834198,
        "pieceIndex": 0,
        "lengthM": 21.206602148690035,
        "bearingDeg": 180.72556200559862
      },
      "geometry": {
        "type": "LineString",
        "coordinates": [
          [
            -104.8133014,
            38.8267137
          ],
          [
            -104.8133045,
            38.826523
          ]
        ]
      }
    },
    {
      "type": "Feature",
      "properties": {
        "osmWayId": 7692096,
        "kind": "road",
        "streetName": "South El Paso Street",
        "startNodeId": 55834198,
        "endNodeId": 55799060,
        "pieceIndex": 0,
        "lengthM": 113.5759046659526,
        "bearingDeg": 181.62153069885875
      },
      "geometry": {
        "type": "LineString",
        "coordinates": [
          [
            -104.8133045,
            38.826523
          ],
          [
            -104.8133305,
            38.825843
          ],
          [
            -104.8133416,
            38.825502
          ]
        ]
      }
    },
    {
      "type": "Feature",
      "properties": {
        "osmWayId": 7692096,
        "kind": "road",
        "streetName": "South El Paso Street",
        "startNodeId": 55799060,
        "endNodeId": 7978215303,
        "pieceIndex": 0,
        "lengthM": 24.268903689154556,
        "bearingDeg": 181.288566634987
      },
      "geometry": {
        "type": "LineString",
        "coordinates": [
          [
            -104.8133416,
            38.825502
          ],
          [
            -104.8133479,
            38.8252838
          ]
        ]
      }
    },
    {
      "type": "Feature",
      "properties": {
        "osmWayId": 7692096,
        "kind": "road",
        "streetName": "South El Paso Street",
        "startNodeId": 7978215303,
        "endNodeId": 55799069,
        "pieceIndex": 0,
        "lengthM": 14.194086966974021,
        "bearingDeg": 181.60874827336923
      },
      "geometry": {
        "type": "LineString",
        "coordinates": [
          [
            -104.8133479,
            38.8252838
          ],
          [
            -104.8133525,
            38.8251562
          ]
        ]
      }
    },
    {
      "type": "Feature",
      "properties": {
        "osmWayId": 7692096,
        "kind": "road",
        "streetName": "South El Paso Street",
        "startNodeId": 55799069,
        "endNodeId": 7978215305,
        "pieceIndex": 0,
        "lengthM": 13.161224917685734,
        "bearingDeg": 181.84823193155063
      },
      "geometry": {
        "type": "LineString",
        "coordinates": [
          [
            -104.8133525,
            38.8251562
          ],
          [
            -104.8133574,
            38.8250379
          ]
        ]
      }
    },
    {
      "type": "Feature",
      "properties": {
        "osmWayId": 7692096,
        "kind": "road",
        "streetName": "South El Paso Street",
        "startNodeId": 7978215305,
        "endNodeId": 7978148881,
        "pieceIndex": 0,
        "lengthM": 84.8392129858278,
        "bearingDeg": 182.02467764460795
      },
      "geometry": {
        "type": "LineString",
        "coordinates": [
          [
            -104.8133574,
            38.8250379
          ],
          [
            -104.813392,
            38.8242754
          ]
        ]
      }
    },
    {
      "type": "Feature",
      "properties": {
        "osmWayId": 7692096,
        "kind": "road",
        "streetName": "South El Paso Street",
        "startNodeId": 7978148881,
        "endNodeId": 55805917,
        "pieceIndex": 0,
        "lengthM": 14.742513787730772,
        "bearingDeg": 182.02048933872328
      },
      "geometry": {
        "type": "LineString",
        "coordinates": [
          [
            -104.813392,
            38.8242754
          ],
          [
            -104.813398,
            38.8241429
          ]
        ]
      }
    },
    {
      "type": "Feature",
      "properties": {
        "osmWayId": 7692096,
        "kind": "road",
        "streetName": "South El Paso Street",
        "startNodeId": 55805917,
        "endNodeId": 7978215366,
        "pieceIndex": 0,
        "lengthM": 10.699716502774137,
        "bearingDeg": 181.29900370236973
      },
      "geometry": {
        "type": "LineString",
        "coordinates": [
          [
            -104.813398,
            38.8241429
          ],
          [
            -104.8134008,
            38.8240467
          ]
        ]
      }
    },
    {
      "type": "Feature",
      "properties": {
        "osmWayId": 7692096,
        "kind": "road",
        "streetName": "South El Paso Street",
        "startNodeId": 7978215366,
        "endNodeId": 6769323784,
        "pieceIndex": 0,
        "lengthM": 126.90837754478437,
        "bearingDeg": 181.34164588664237
      },
      "geometry": {
        "type": "LineString",
        "coordinates": [
          [
            -104.8134008,
            38.8240467
          ],
          [
            -104.8134184,
            38.8234627
          ],
          [
            -104.8134351,
            38.8229057
          ]
        ]
      }
    },
    {
      "type": "Feature",
      "properties": {
        "osmWayId": 7692096,
        "kind": "road",
        "streetName": "South El Paso Street",
        "startNodeId": 6769323784,
        "endNodeId": 55750463,
        "pieceIndex": 0,
        "lengthM": 13.647401020939068,
        "bearingDeg": 181.3458195690785
      },
      "geometry": {
        "type": "LineString",
        "coordinates": [
          [
            -104.8134351,
            38.8229057
          ],
          [
            -104.8134388,
            38.822783
          ]
        ]
      }
    },
    {
      "type": "Feature",
      "properties": {
        "osmWayId": 36805771,
        "kind": "road",
        "streetName": "South Tejon Street",
        "startNodeId": 55770471,
        "endNodeId": 55799152,
        "pieceIndex": 0,
        "lengthM": 82.23753794108406,
        "bearingDeg": 182.19110424239042
      },
      "geometry": {
        "type": "LineString",
        "coordinates": [
          [
            -104.8235335,
            38.8339528
          ],
          [
            -104.823539,
            38.8338524
          ],
          [
            -104.823545,
            38.8337192
          ],
          [
            -104.82356979901267,
            38.83321376344418
          ]
        ]
      }
    },
    {
      "type": "Feature",
      "properties": {
        "osmWayId": 36805771,
        "kind": "road",
        "streetName": "South Tejon Street",
        "startNodeId": 55770471,
        "endNodeId": 55799152,
        "pieceIndex": 1,
        "lengthM": 82.23753794215682,
        "bearingDeg": 183.50308364294344
      },
      "geometry": {
        "type": "LineString",
        "coordinates": [
          [
            -104.82356979901267,
            38.83321376344418
          ],
          [
            -104.8235707,
            38.8331954
          ],
          [
            -104.8235753,
            38.8330966
          ],
          [
            -104.823611,
            38.8326078
          ],
          [
            -104.8236278,
            38.8324757
          ]
        ]
      }
    },
    {
      "type": "Feature",
      "properties": {
        "osmWayId": 36887861,
        "kind": "road",
        "streetName": "East Colorado Avenue",
        "startNodeId": 12426812475,
        "endNodeId": 428883606,
        "pieceIndex": 0,
        "lengthM": 119.69980515630263,
        "bearingDeg": 48.291044614047394
      },
      "geometry": {
        "type": "LineString",
        "coordinates": [
          [
            -104.8162445,
            38.8324286
          ],
          [
            -104.8162233,
            38.8324388
          ],
          [
            -104.8160504,
            38.8325416
          ],
          [
            -104.8156367,
            38.8328503
          ],
          [
            -104.8154577,
            38.8329759
          ],
          [
            -104.8153162,
            38.8330713
          ],
          [
            -104.8152139,
            38.8331441
          ]
        ]
      }
    },
    {
      "type": "Feature",
      "properties": {
        "osmWayId": 36887867,
        "kind": "road",
        "streetName": "East Colorado Avenue",
        "startNodeId": 428883090,
        "endNodeId": 12426812474,
        "pieceIndex": 0,
        "lengthM": 112.18477886759742,
        "bearingDeg": 226.5454211903887
      },
      "geometry": {
        "type": "LineString",
        "coordinates": [
          [
            -104.8153203,
            38.8332614
          ],
          [
            -104.8154486,
            38.8331648
          ],
          [
            -104.8159359,
            38.8328011
          ],
          [
            -104.8161781,
            38.8326191
          ],
          [
            -104.8162602,
            38.8325677
          ]
        ]
      }
    },
    {
      "type": "Feature",
      "properties": {
        "osmWayId": 43833396,
        "kind": "road",
        "streetName": "South el Paso Street",
        "startNodeId": 55826497,
        "endNodeId": 11999673146,
        "pieceIndex": 0,
        "lengthM": 10.497105143667664,
        "bearingDeg": 180.42557987032822
      },
      "geometry": {
        "type": "LineString",
        "coordinates": [
          [
            -104.8132306,
            38.8214031
          ],
          [
            -104.8132315,
            38.8213087
          ]
        ]
      }
    },
    {
      "type": "Feature",
      "properties": {
        "osmWayId": 43833396,
        "kind": "road",
        "streetName": "South el Paso Street",
        "startNodeId": 11999673146,
        "endNodeId": 55786672,
        "pieceIndex": 0,
        "lengthM": 99.23736111176895,
        "bearingDeg": 180.40394363181312
      },
      "geometry": {
        "type": "LineString",
        "coordinates": [
          [
            -104.8132315,
            38.8213087
          ],
          [
            -104.8132395757489,
            38.820416260382444
          ]
        ]
      }
    },
    {
      "type": "Feature",
      "properties": {
        "osmWayId": 43833396,
        "kind": "road",
        "streetName": "South el Paso Street",
        "startNodeId": 11999673146,
        "endNodeId": 55786672,
        "pieceIndex": 1,
        "lengthM": 99.2373611116663,
        "bearingDeg": 175.86146652734715
      },
      "geometry": {
        "type": "LineString",
        "coordinates": [
          [
            -104.8132395757489,
            38.820416260382444
          ],
          [
            -104.8132425,
            38.8200931
          ],
          [
            -104.8132438,
            38.8196929
          ],
          [
            -104.8132344,
            38.8196415
          ],
          [
            -104.8132063,
            38.8195931
          ],
          [
            -104.8131583,
            38.8195411
          ]
        ]
      }
    },
    {
      "type": "Feature",
      "properties": {
        "osmWayId": 99045283,
        "kind": "road",
        "streetName": "East Cimarron Street",
        "startNodeId": 55772274,
        "endNodeId": 1973264003,
        "pieceIndex": 0,
        "lengthM": 19.08710674415648,
        "bearingDeg": 272.67132452506473
      },
      "geometry": {
        "type": "LineString",
        "coordinates": [
          [
            -104.8219737,
            38.8268136
          ],
          [
            -104.8221938,
            38.8268216
          ]
        ]
      }
    },
    {
      "type": "Feature",
      "properties": {
        "osmWayId": 99045283,
        "kind": "road",
        "streetName": "East Cimarron Street",
        "startNodeId": 1973264003,
        "endNodeId": 55799158,
        "pieceIndex": 0,
        "lengthM": 148.22738787354214,
        "bearingDeg": 272.33506883541406
      },
      "geometry": {
        "type": "LineString",
        "coordinates": [
          [
            -104.8221938,
            38.8268216
          ],
          [
            -104.8223078,
            38.8268251
          ],
          [
            -104.8226007,
            38.8268342
          ],
          [
            -104.8230271,
            38.8268475
          ],
          [
            -104.8232507,
            38.8268545
          ],
          [
            -104.8237471,
            38.8268708
          ],
          [
            -104.8239035,
            38.8268759
          ]
        ]
      }
    },
    {
      "type": "Feature",
      "properties": {
        "osmWayId": 99045283,
        "kind": "road",
        "streetName": "East Cimarron Street",
        "startNodeId": 55799158,
        "endNodeId": 55745785,
        "pieceIndex": 0,
        "lengthM": 78.47436733970373,
        "bearingDeg": 272.1979148317742
      },
      "geometry": {
        "type": "LineString",
        "coordinates": [
          [
            -104.8239035,
            38.8268759
          ],
          [
            -104.8240598,
            38.8268805
          ],
          [
            -104.8245338,
            38.8268944
          ],
          [
            -104.8247714,
            38.8269018
          ],
          [
            -104.82480873343522,
            38.82690296248452
          ]
        ]
      }
    },
    {
      "type": "Feature",
      "properties": {
        "osmWayId": 99045283,
        "kind": "road",
        "streetName": "East Cimarron Street",
        "startNodeId": 55799158,
        "endNodeId": 55745785,
        "pieceIndex": 1,
        "lengthM": 78.47436733630485,
        "bearingDeg": 272.2852923186876
      },
      "geometry": {
        "type": "LineString",
        "coordinates": [
          [
            -104.82480873343522,
            38.82690296248452
          ],
          [
            -104.8251022,
            38.8269121
          ],
          [
            -104.8255051,
            38.8269231
          ],
          [
            -104.8257139,
            38.8269311
          ]
        ]
      }
    },
    {
      "type": "Feature",
      "properties": {
        "osmWayId": 99045311,
        "kind": "road",
        "streetName": "East Colorado Avenue",
        "startNodeId": 6042344020,
        "endNodeId": 55774421,
        "pieceIndex": 0,
        "lengthM": 147.9362356344325,
        "bearingDeg": 92.1403399717409
      },
      "geometry": {
        "type": "LineString",
        "coordinates": [
          [
            -104.8216652,
            38.8324139
          ],
          [
            -104.8215779,
            38.8324111
          ],
          [
            -104.8213945,
            38.832406
          ],
          [
            -104.8208277,
            38.8323895
          ],
          [
            -104.8200936,
            38.8323681
          ],
          [
            -104.8200458,
            38.8323667
          ],
          [
            -104.8199585,
            38.8323642
          ]
        ]
      }
    },
    {
      "type": "Feature",
      "properties": {
        "osmWayId": 99048296,
        "kind": "road",
        "streetName": "East Fountain Boulevard",
        "startNodeId": 55772283,
        "endNodeId": 2035835549,
        "pieceIndex": 0,
        "lengthM": 136.23985500010352,
        "bearingDeg": 92.02015455076298
      },
      "geometry": {
        "type": "LineString",
        "coordinates": [
          [
            -104.8220796,
            38.8216832
          ],
          [
            -104.8215372,
            38.821665
          ],
          [
            -104.8214039,
            38.8216601
          ],
          [
            -104.8206202,
            38.8216429
          ],
          [
            -104.820508,
            38.82164
          ]
        ]
      }
    },
    {
      "type": "Feature",
      "properties": {
        "osmWayId": 99048296,
        "kind": "road",
        "streetName": "East Fountain Boulevard",
        "startNodeId": 2035834322,
        "endNodeId": 55811610,
        "pieceIndex": 0,
        "lengthM": 75.13374315370058,
        "bearingDeg": 92.24709967054923
      },
      "geometry": {
        "type": "LineString",
        "coordinates": [
          [
            -104.8204192,
            38.8216295
          ],
          [
            -104.8203442,
            38.8216266
          ],
          [
            -104.8196209,
            38.8216051
          ],
          [
            -104.8195525993723,
            38.82160300352826
          ]
        ]
      }
    },
    {
      "type": "Feature",
      "properties": {
        "osmWayId": 99048296,
        "kind": "road",
        "streetName": "East Fountain Boulevard",
        "startNodeId": 2035834322,
        "endNodeId": 55811610,
        "pieceIndex": 1,
        "lengthM": 75.13374315329882,
        "bearingDeg": 92.25617302286958
      },
      "geometry": {
        "type": "LineString",
        "coordinates": [
          [
            -104.8195525993723,
            38.82160300352826
          ],
          [
            -104.818686,
            38.8215764
          ]
        ]
      }
    },
    {
      "type": "Feature",
      "properties": {
        "osmWayId": 99048300,
        "kind": "road",
        "streetName": "South Weber Street",
        "startNodeId": 2035834322,
        "endNodeId": 55720315,
        "pieceIndex": 0,
        "lengthM": 131.68740632580318,
        "bearingDeg": 182.19056783651055
      },
      "geometry": {
        "type": "LineString",
        "coordinates": [
          [
            -104.8204192,
            38.8216295
          ],
          [
            -104.8204215,
            38.8215305
          ],
          [
            -104.8204503,
            38.8210091
          ],
          [
            -104.8204773,
            38.8204461
          ]
        ]
      }
    },
    {
      "type": "Feature",
      "properties": {
        "osmWayId": 99091001,
        "kind": "cycleway",
        "streetName": "Shooks Run Trail",
        "startNodeId": 2445359660,
        "endNodeId": 7623647397,
        "pieceIndex": 0,
        "lengthM": 127.76696116779934,
        "bearingDeg": 187.31086562240236
      },
      "geometry": {
        "type": "LineString",
        "coordinates": [
          [
            -104.8159049,
            38.8278569
          ],
          [
            -104.8159232,
            38.8278546
          ],
          [
            -104.8159664,
            38.8278364
          ],
          [
            -104.8160185,
            38.8277883
          ],
          [
            -104.8160836,
            38.827651
          ],
          [
            -104.8161109,
            38.8275142
          ],
          [
            -104.8161035,
            38.8273946
          ],
          [
            -104.8161101,
            38.8273091
          ],
          [
            -104.8161359,
            38.8271835
          ],
          [
            -104.81614,
            38.8271151
          ],
          [
            -104.8160789,
            38.8268538
          ],
          [
            -104.8160785,
            38.8267844
          ],
          [
            -104.81608348304835,
            38.8267724969303
          ]
        ]
      }
    },
    {
      "type": "Feature",
      "properties": {
        "osmWayId": 99091001,
        "kind": "cycleway",
        "streetName": "Shooks Run Trail",
        "startNodeId": 2445359660,
        "endNodeId": 7623647397,
        "pieceIndex": 1,
        "lengthM": 127.76696116831287,
        "bearingDeg": 193.2511122943844
      },
      "geometry": {
        "type": "LineString",
        "coordinates": [
          [
            -104.81608348304835,
            38.8267724969303
          ],
          [
            -104.8161104,
            38.8267082
          ],
          [
            -104.8162627,
            38.826392
          ],
          [
            -104.8162965,
            38.8263085
          ],
          [
            -104.8163146,
            38.8259237
          ],
          [
            -104.8164036,
            38.8256854
          ],
          [
            -104.8164181,
            38.8256655
          ]
        ]
      }
    },
    {
      "type": "Feature",
      "properties": {
        "osmWayId": 128876095,
        "kind": "road",
        "streetName": "South Weber Street",
        "startNodeId": 55768011,
        "endNodeId": 1973264050,
        "pieceIndex": 0,
        "lengthM": 45.36136420462591,
        "bearingDeg": 2.3530679950725926
      },
      "geometry": {
        "type": "LineString",
        "coordinates": [
          [
            -104.8201815,
            38.8281301
          ],
          [
            -104.8201757,
            38.82824
          ],
          [
            -104.8201635,
            38.8284718
          ],
          [
            -104.82016,
            38.8285377
          ]
        ]
      }
    },
    {
      "type": "Feature",
      "properties": {
        "osmWayId": 128876095,
        "kind": "road",
        "streetName": "South Weber Street",
        "startNodeId": 1973264050,
        "endNodeId": 1973263940,
        "pieceIndex": 0,
        "lengthM": 105.26785742962107,
        "bearingDeg": 2.3486021981458975
      },
      "geometry": {
        "type": "LineString",
        "coordinates": [
          [
            -104.82016,
            38.8285377
          ],
          [
            -104.8201393,
            38.8289313
          ],
          [
            -104.8201354,
            38.8290047
          ],
          [
            -104.8201298,
            38.8291111
          ],
          [
            -104.8201284,
            38.8291384
          ],
          [
            -104.8201153,
            38.829388
          ],
          [
            -104.8201102,
            38.8294836
          ]
        ]
      }
    },
    {
      "type": "Feature",
      "properties": {
        "osmWayId": 128876480,
        "kind": "road",
        "streetName": "South Nevada Avenue",
        "startNodeId": 11565368177,
        "endNodeId": 55772272,
        "pieceIndex": 0,
        "lengthM": 95.55487510997774,
        "bearingDeg": 181.8233441401251
      },
      "geometry": {
        "type": "LineString",
        "coordinates": [
          [
            -104.8218443,
            38.833279
          ],
          [
            -104.8218522,
            38.8331323
          ],
          [
            -104.8218745,
            38.8325574
          ],
          [
            -104.8218794,
            38.8324201
          ]
        ]
      }
    },
    {
      "type": "Feature",
      "properties": {
        "osmWayId": 174540667,
        "kind": "road",
        "streetName": "West Cimarron Street",
        "startNodeId": 55745785,
        "endNodeId": 7373760810,
        "pieceIndex": 0,
        "lengthM": 77.34211148908281,
        "bearingDeg": 272.23720181384954
      },
      "geometry": {
        "type": "LineString",
        "coordinates": [
          [
            -104.8257139,
            38.8269311
          ],
          [
            -104.8259492,
            38.8269383
          ],
          [
            -104.8263992,
            38.826952
          ],
          [
            -104.82660604989988,
            38.82695824865671
          ]
        ]
      }
    },
    {
      "type": "Feature",
      "properties": {
        "osmWayId": 174540667,
        "kind": "road",
        "streetName": "West Cimarron Street",
        "startNodeId": 55745785,
        "endNodeId": 7373760810,
        "pieceIndex": 1,
        "lengthM": 77.34211148828345,
        "bearingDeg": 272.23742330180335
      },
      "geometry": {
        "type": "LineString",
        "coordinates": [
          [
            -104.82660604989988,
            38.82695824865671
          ],
          [
            -104.8267501,
            38.8269626
          ],
          [
            -104.8269965,
            38.8269701
          ],
          [
            -104.8271171,
            38.8269738
          ],
          [
            -104.8273742,
            38.8269816
          ],
          [
            -104.8274982,
            38.8269854
          ]
        ]
      }
    },
    {
      "type": "Feature",
      "properties": {
        "osmWayId": 186578829,
        "kind": "road",
        "streetName": "South Cascade Avenue",
        "startNodeId": 10005025643,
        "endNodeId": 55768005,
        "pieceIndex": 0,
        "lengthM": 77.0649830010941,
        "bearingDeg": 182.42286043587683
      },
      "geometry": {
        "type": "LineString",
        "coordinates": [
          [
            -104.8255658,
            38.8296875
          ],
          [
            -104.825572,
            38.8295649
          ],
          [
            -104.8255867,
            38.8292845
          ],
          [
            -104.8255933,
            38.8291696
          ],
          [
            -104.8255973,
            38.8291007
          ],
          [
            -104.8256013,
            38.8290316
          ],
          [
            -104.82560340950738,
            38.82899506032487
          ]
        ]
      }
    },
    {
      "type": "Feature",
      "properties": {
        "osmWayId": 186578829,
        "kind": "road",
        "streetName": "South Cascade Avenue",
        "startNodeId": 10005025643,
        "endNodeId": 55768005,
        "pieceIndex": 1,
        "lengthM": 77.06498300146286,
        "bearingDeg": 182.57636642785775
      },
      "geometry": {
        "type": "LineString",
        "coordinates": [
          [
            -104.82560340950738,
            38.82899506032487
          ],
          [
            -104.8256041,
            38.8289831
          ],
          [
            -104.8256177,
            38.8287422
          ],
          [
            -104.8256241,
            38.8286314
          ],
          [
            -104.8256362,
            38.8284248
          ],
          [
            -104.8256434,
            38.8283027
          ]
        ]
      }
    },
    {
      "type": "Feature",
      "properties": {
        "osmWayId": 186578829,
        "kind": "road",
        "streetName": "South Cascade Avenue",
        "startNodeId": 55768005,
        "endNodeId": 55745785,
        "pieceIndex": 0,
        "lengthM": 76.31914820140737,
        "bearingDeg": 182.31424320595394
      },
      "geometry": {
        "type": "LineString",
        "coordinates": [
          [
            -104.8256434,
            38.8283027
          ],
          [
            -104.8256496,
            38.828184
          ],
          [
            -104.8256603,
            38.8279773
          ],
          [
            -104.8256633,
            38.8279188
          ],
          [
            -104.8256773,
            38.8276493
          ],
          [
            -104.8256789,
            38.8276185
          ],
          [
            -104.82567897613444,
            38.82761690617195
          ]
        ]
      }
    },
    {
      "type": "Feature",
      "properties": {
        "osmWayId": 186578829,
        "kind": "road",
        "streetName": "South Cascade Avenue",
        "startNodeId": 55768005,
        "endNodeId": 55745785,
        "pieceIndex": 1,
        "lengthM": 76.31914819906997,
        "bearingDeg": 182.2718387159689
      },
      "geometry": {
        "type": "LineString",
        "coordinates": [
          [
            -104.82567897613444,
            38.82761690617195
          ],
          [
            -104.825685,
            38.8274908
          ],
          [
            -104.8257057,
            38.8270595
          ],
          [
            -104.8257139,
            38.8269311
          ]
        ]
      }
    },
    {
      "type": "Feature",
      "properties": {
        "osmWayId": 186578831,
        "kind": "road",
        "streetName": "Pueblo Avenue",
        "startNodeId": 7967160809,
        "endNodeId": 9183544647,
        "pieceIndex": 0,
        "lengthM": 30.49261696754948,
        "bearingDeg": 320.03707274356174
      },
      "geometry": {
        "type": "LineString",
        "coordinates": [
          [
            -104.8185895,
            38.826849
          ],
          [
            -104.8186764,
            38.8269325
          ],
          [
            -104.8187626,
            38.8270149
          ],
          [
            -104.8188155,
            38.8270591
          ]
        ]
      }
    },
    {
      "type": "Feature",
      "properties": {
        "osmWayId": 186578831,
        "kind": "road",
        "streetName": "Pueblo Avenue",
        "startNodeId": 9183544647,
        "endNodeId": 1973264097,
        "pieceIndex": 0,
        "lengthM": 131.75580540308624,
        "bearingDeg": 318.5949019199045
      },
      "geometry": {
        "type": "LineString",
        "coordinates": [
          [
            -104.8188155,
            38.8270591
          ],
          [
            -104.8190451,
            38.8272511
          ],
          [
            -104.8192487,
            38.8274332
          ],
          [
            -104.8197222,
            38.8278535
          ],
          [
            -104.8198213,
            38.8279477
          ]
        ]
      }
    },
    {
      "type": "Feature",
      "properties": {
        "osmWayId": 186578832,
        "kind": "footway",
        "streetName": null,
        "startNodeId": 1973263879,
        "endNodeId": 1973264098,
        "pieceIndex": 0,
        "lengthM": 53.53453603008789,
        "bearingDeg": 228.39143478803868
      },
      "geometry": {
        "type": "LineString",
        "coordinates": [
          [
            -104.8220792,
            38.8309262
          ],
          [
            -104.8225413,
            38.8306065
          ]
        ]
      }
    },
    {
      "type": "Feature",
      "properties": {
        "osmWayId": 186578835,
        "kind": "footway",
        "streetName": null,
        "startNodeId": 1973263902,
        "endNodeId": 1973264163,
        "pieceIndex": 0,
        "lengthM": 38.058133406167954,
        "bearingDeg": 91.97559782318427
      },
      "geometry": {
        "type": "LineString",
        "coordinates": [
          [
            -104.8225455,
            38.8304463
          ],
          [
            -104.8221064,
            38.8304345
          ]
        ]
      }
    },
    {
      "type": "Feature",
      "properties": {
        "osmWayId": 186578836,
        "kind": "road",
        "streetName": "South Nevada Avenue",
        "startNodeId": 55772272,
        "endNodeId": 55767036,
        "pieceIndex": 0,
        "lengthM": 77.59485959950334,
        "bearingDeg": 182.46610081719214
      },
      "geometry": {
        "type": "LineString",
        "coordinates": [
          [
            -104.8218794,
            38.8324201
          ],
          [
            -104.821886,
            38.832299
          ],
          [
            -104.8219156,
            38.8317632
          ],
          [
            -104.82191794508428,
            38.83172292003674
          ]
        ]
      }
    },
    {
      "type": "Feature",
      "properties": {
        "osmWayId": 186578836,
        "kind": "road",
        "streetName": "South Nevada Avenue",
        "startNodeId": 55772272,
        "endNodeId": 55767036,
        "pieceIndex": 1,
        "lengthM": 77.59485959917845,
        "bearingDeg": 182.33880438847305
      },
      "geometry": {
        "type": "LineString",
        "coordinates": [
          [
            -104.82191794508428,
            38.83172292003674
          ],
          [
            -104.8219496,
            38.8311792
          ],
          [
            -104.8219545,
            38.8310257
          ]
        ]
      }
    },
    {
      "type": "Feature",
      "properties": {
        "osmWayId": 186578839,
        "kind": "footway",
        "streetName": null,
        "startNodeId": 1973263613,
        "endNodeId": 1973263671,
        "pieceIndex": 0,
        "lengthM": 54.34734833882441,
        "bearingDeg": 137.11100906374134
      },
      "geometry": {
        "type": "LineString",
        "coordinates": [
          [
            -104.8225593,
            38.8301523
          ],
          [
            -104.8221323,
            38.8297942
          ]
        ]
      }
    },
    {
      "type": "Feature",
      "properties": {
        "osmWayId": 186578841,
        "kind": "road",
        "streetName": "Pueblo Avenue",
        "startNodeId": 1973263857,
        "endNodeId": 9183544634,
        "pieceIndex": 0,
        "lengthM": 27.6487441938936,
        "bearingDeg": 53.584520921970125
      },
      "geometry": {
        "type": "LineString",
        "coordinates": [
          [
            -104.8202052,
            38.8277189
          ],
          [
            -104.8201259,
            38.8277793
          ],
          [
            -104.8200483,
            38.8278243
          ],
          [
            -104.8199501,
            38.8278655
          ]
        ]
      }
    },
    {
      "type": "Feature",
      "properties": {
        "osmWayId": 186578841,
        "kind": "road",
        "streetName": "Pueblo Avenue",
        "startNodeId": 9183544634,
        "endNodeId": 1973264097,
        "pieceIndex": 0,
        "lengthM": 20.26005448774903,
        "bearingDeg": 50.67495698592887
      },
      "geometry": {
        "type": "LineString",
        "coordinates": [
          [
            -104.8199501,
            38.8278655
          ],
          [
            -104.8199637,
            38.8279214
          ],
          [
            -104.819926,
            38.8279526
          ],
          [
            -104.8198737,
            38.8279557
          ],
          [
            -104.8198213,
            38.8279477
          ]
        ]
      }
    },
    {
      "type": "Feature",
      "properties": {
        "osmWayId": 186578841,
        "kind": "road",
        "streetName": "Pueblo Avenue",
        "startNodeId": 1973264097,
        "endNodeId": 1973263904,
        "pieceIndex": 0,
        "lengthM": 24.780512528982065,
        "bearingDeg": 44.221188828195864
      },
      "geometry": {
        "type": "LineString",
        "coordinates": [
          [
            -104.8198213,
            38.8279477
          ],
          [
            -104.8197723,
            38.8279885
          ],
          [
            -104.8196218,
            38.8281074
          ]
        ]
      }
    },
    {
      "type": "Feature",
      "properties": {
        "osmWayId": 186578844,
        "kind": "road",
        "streetName": "South Cascade Avenue",
        "startNodeId": 2029496683,
        "endNodeId": 55777126,
        "pieceIndex": 0,
        "lengthM": 95.46784435553577,
        "bearingDeg": 7.39936444528513
      },
      "geometry": {
        "type": "LineString",
        "coordinates": [
          [
            -104.8260392,
            38.8210028
          ],
          [
            -104.8259828,
            38.8210091
          ],
          [
            -104.825948,
            38.8210279
          ],
          [
            -104.8259346,
            38.8210592
          ],
          [
            -104.8259265,
            38.8210998
          ],
          [
            -104.8259088,
            38.821687
          ],
          [
            -104.8259052,
            38.8218067
          ]
        ]
      }
    },
    {
      "type": "Feature",
      "properties": {
        "osmWayId": 186578844,
        "kind": "road",
        "streetName": "South Cascade Avenue",
        "startNodeId": 55777126,
        "endNodeId": 12093764184,
        "pieceIndex": 0,
        "lengthM": 138.89878866610755,
        "bearingDeg": 2.756239253702006
      },
      "geometry": {
        "type": "LineString",
        "coordinates": [
          [
            -104.8259052,
            38.8218067
          ],
          [
            -104.8258977,
            38.821928
          ],
          [
            -104.8258281,
            38.8230544
          ]
        ]
      }
    },
    {
      "type": "Feature",
      "properties": {
        "osmWayId": 186578844,
        "kind": "road",
        "streetName": "South Cascade Avenue",
        "startNodeId": 12093764184,
        "endNodeId": 55777125,
        "pieceIndex": 0,
        "lengthM": 12.490399390233478,
        "bearingDeg": 2.743035786645464
      },
      "geometry": {
        "type": "LineString",
        "coordinates": [
          [
            -104.8258281,
            38.8230544
          ],
          [
            -104.8258212,
            38.8231666
          ]
        ]
      }
    },
    {
      "type": "Feature",
      "properties": {
        "osmWayId": 186578844,
        "kind": "road",
        "streetName": "South Cascade Avenue",
        "startNodeId": 55777125,
        "endNodeId": 12026390489,
        "pieceIndex": 0,
        "lengthM": 15.02465089728848,
        "bearingDeg": 2.41234134034039
      },
      "geometry": {
        "type": "LineString",
        "coordinates": [
          [
            -104.8258212,
            38.8231666
          ],
          [
            -104.8258139,
            38.8233016
          ]
        ]
      }
    },
    {
      "type": "Feature",
      "properties": {
        "osmWayId": 186578844,
        "kind": "road",
        "streetName": "South Cascade Avenue",
        "startNodeId": 12026390489,
        "endNodeId": 55748469,
        "pieceIndex": 0,
        "lengthM": 130.17724249792556,
        "bearingDeg": 2.379904269628696
      },
      "geometry": {
        "type": "LineString",
        "coordinates": [
          [
            -104.8258139,
            38.8233016
          ],
          [
            -104.825758,
            38.8243409
          ],
          [
            -104.825757,
            38.8243595
          ],
          [
            -104.8257515,
            38.8244713
          ]
        ]
      }
    },
    {
      "type": "Feature",
      "properties": {
        "osmWayId": 186578844,
        "kind": "road",
        "streetName": "South Cascade Avenue",
        "startNodeId": 55748469,
        "endNodeId": 7967129475,
        "pieceIndex": 0,
        "lengthM": 14.410768118795197,
        "bearingDeg": 2.2393441718753024
      },
      "geometry": {
        "type": "LineString",
        "coordinates": [
          [
            -104.8257515,
            38.8244713
          ],
          [
            -104.825745,
            38.8246008
          ]
        ]
      }
    },
    {
      "type": "Feature",
      "properties": {
        "osmWayId": 186578849,
        "kind": "footway",
        "streetName": null,
        "startNodeId": 1973263858,
        "endNodeId": 1973263966,
        "pieceIndex": 0,
        "lengthM": 57.85787433793245,
        "bearingDeg": 136.41476490885265
      },
      "geometry": {
        "type": "LineString",
        "coordinates": [
          [
            -104.8235325,
            38.8309719
          ],
          [
            -104.823072,
            38.830595
          ]
        ]
      }
    },
    {
      "type": "Feature",
      "properties": {
        "osmWayId": 186578850,
        "kind": "road",
        "streetName": "East Vermijo Avenue",
        "startNodeId": 1973264024,
        "endNodeId": 55811605,
        "pieceIndex": 0,
        "lengthM": 19.043888909328377,
        "bearingDeg": 92.10803063336061
      },
      "geometry": {
        "type": "LineString",
        "coordinates": [
          [
            -104.8183946,
            38.8294987
          ],
          [
            -104.8181749,
            38.8294924
          ]
        ]
      }
    },
    {
      "type": "Feature",
      "properties": {
        "osmWayId": 186578855,
        "kind": "footway",
        "streetName": null,
        "startNodeId": 1973263634,
        "endNodeId": 1973263825,
        "pieceIndex": 0,
        "lengthM": 39.291261167584885,
        "bearingDeg": 91.68644310090883
      },
      "geometry": {
        "type": "LineString",
        "coordinates": [
          [
            -104.8235667,
            38.8303674
          ],
          [
            -104.8231133,
            38.830357
          ]
        ]
      }
    },
    {
      "type": "Feature",
      "properties": {
        "osmWayId": 186578856,
        "kind": "road",
        "streetName": "Pueblo Avenue",
        "startNodeId": 1973263726,
        "endNodeId": 1973264125,
        "pieceIndex": 0,
        "lengthM": 24.79015775419203,
        "bearingDeg": 238.1656485642853
      },
      "geometry": {
        "type": "LineString",
        "coordinates": [
          [
            -104.8216189,
            38.8292589
          ],
          [
            -104.8216913,
            38.8292526
          ],
          [
            -104.8217355,
            38.829242
          ],
          [
            -104.8217664,
            38.8292275
          ],
          [
            -104.8218484,
            38.8291479
          ]
        ]
      }
    },
    {
      "type": "Feature",
      "properties": {
        "osmWayId": 186578857,
        "kind": "road",
        "streetName": "Pueblo Avenue",
        "startNodeId": 1973264050,
        "endNodeId": 1973263796,
        "pieceIndex": 0,
        "lengthM": 26.350515880087343,
        "bearingDeg": 241.59552170549313
      },
      "geometry": {
        "type": "LineString",
        "coordinates": [
          [
            -104.82016,
            38.8285377
          ],
          [
            -104.8202273,
            38.8284949
          ],
          [
            -104.8203085,
            38.8284398
          ],
          [
            -104.8204173,
            38.8284293
          ]
        ]
      }
    },
    {
      "type": "Feature",
      "properties": {
        "osmWayId": 186578862,
        "kind": "road",
        "streetName": "East Vermijo Avenue",
        "startNodeId": 1973263823,
        "endNodeId": 10005025643,
        "pieceIndex": 0,
        "lengthM": 20.506515990556995,
        "bearingDeg": 93.04604588631275
      },
      "geometry": {
        "type": "LineString",
        "coordinates": [
          [
            -104.8258022,
            38.8296973
          ],
          [
            -104.8255658,
            38.8296875
          ]
        ]
      }
    },
    {
      "type": "Feature",
      "properties": {
        "osmWayId": 186578862,
        "kind": "road",
        "streetName": "East Vermijo Avenue",
        "startNodeId": 10005025643,
        "endNodeId": 1973263887,
        "pieceIndex": 0,
        "lengthM": 78.49131877407928,
        "bearingDeg": 92.72916669312508
      },
      "geometry": {
        "type": "LineString",
        "coordinates": [
          [
            -104.8255658,
            38.8296875
          ],
          [
            -104.8253608,
            38.8296796
          ],
          [
            -104.8251548,
            38.8296717
          ],
          [
            -104.82466069771853,
            38.829653885716915
          ]
        ]
      }
    },
    {
      "type": "Feature",
      "properties": {
        "osmWayId": 186578862,
        "kind": "road",
        "streetName": "East Vermijo Avenue",
        "startNodeId": 10005025643,
        "endNodeId": 1973263887,
        "pieceIndex": 1,
        "lengthM": 78.49131877432407,
        "bearingDeg": 90.92536189579221
      },
      "geometry": {
        "type": "LineString",
        "coordinates": [
          [
            -104.82466069771853,
            38.829653885716915
          ],
          [
            -104.82465,
            38.8296535
          ],
          [
            -104.8239186,
            38.8296294
          ],
          [
            -104.8237561,
            38.8296425
          ]
        ]
      }
    },
    {
      "type": "Feature",
      "properties": {
        "osmWayId": 186578867,
        "kind": "footway",
        "streetName": null,
        "startNodeId": 12900366017,
        "endNodeId": 1973264011,
        "pieceIndex": 0,
        "lengthM": 26.07962839560821,
        "bearingDeg": 182.58903291828352
      },
      "geometry": {
        "type": "LineString",
        "coordinates": [
          [
            -104.822751,
            38.8300461
          ],
          [
            -104.8227646,
            38.8298118
          ]
        ]
      }
    },
    {
      "type": "Feature",
      "properties": {
        "osmWayId": 186578868,
        "kind": "road",
        "streetName": "Pueblo Avenue",
        "startNodeId": 1973263657,
        "endNodeId": 1973263760,
        "pieceIndex": 0,
        "lengthM": 22.05506175445126,
        "bearingDeg": 189.46918311672567
      },
      "geometry": {
        "type": "LineString",
        "coordinates": [
          [
            -104.820516,
            38.8283335
          ],
          [
            -104.8205111,
            38.8282998
          ],
          [
            -104.8205084,
            38.8282475
          ],
          [
            -104.820557,
            38.828142
          ]
        ]
      }
    },
    {
      "type": "Feature",
      "properties": {
        "osmWayId": 186578870,
        "kind": "footway",
        "streetName": null,
        "startNodeId": 1973263907,
        "endNodeId": 1973264134,
        "pieceIndex": 0,
        "lengthM": 28.45419205350728,
        "bearingDeg": 2.2331555236421536
      },
      "geometry": {
        "type": "LineString",
        "coordinates": [
          [
            -104.8229268,
            38.8306973
          ],
          [
            -104.822914,
            38.830953
          ]
        ]
      }
    },
    {
      "type": "Feature",
      "properties": {
        "osmWayId": 186578871,
        "kind": "road",
        "streetName": "Pueblo Avenue",
        "startNodeId": 1973263796,
        "endNodeId": 1973263910,
        "pieceIndex": 0,
        "lengthM": 134.47380062026406,
        "bearingDeg": 317.44940293136426
      },
      "geometry": {
        "type": "LineString",
        "coordinates": [
          [
            -104.8204173,
            38.8284293
          ],
          [
            -104.8213177,
            38.8291934
          ],
          [
            -104.8214671,
            38.8293202
          ]
        ]
      }
    },
    {
      "type": "Feature",
      "properties": {
        "osmWayId": 186578871,
        "kind": "road",
        "streetName": "Pueblo Avenue",
        "startNodeId": 1973263910,
        "endNodeId": 1973263726,
        "pieceIndex": 0,
        "lengthM": 23.3550214772064,
        "bearingDeg": 242.59909241935543
      },
      "geometry": {
        "type": "LineString",
        "coordinates": [
          [
            -104.8214671,
            38.8293202
          ],
          [
            -104.8215241,
            38.8293575
          ],
          [
            -104.8215752,
            38.8293554
          ],
          [
            -104.8216055,
            38.8293383
          ],
          [
            -104.8216189,
            38.8293153
          ],
          [
            -104.8216269,
            38.8292902
          ],
          [
            -104.8216189,
            38.8292589
          ]
        ]
      }
    },
    {
      "type": "Feature",
      "properties": {
        "osmWayId": 186578871,
        "kind": "road",
        "streetName": "Pueblo Avenue",
        "startNodeId": 1973263726,
        "endNodeId": 1973263657,
        "pieceIndex": 0,
        "lengthM": 140.4127207145787,
        "bearingDeg": 137.12459415099363
      },
      "geometry": {
        "type": "LineString",
        "coordinates": [
          [
            -104.8216189,
            38.8292589
          ],
          [
            -104.8210013,
            38.8287411
          ],
          [
            -104.820516,
            38.8283335
          ]
        ]
      }
    },
    {
      "type": "Feature",
      "properties": {
        "osmWayId": 186578871,
        "kind": "road",
        "streetName": "Pueblo Avenue",
        "startNodeId": 1973263657,
        "endNodeId": 1973263796,
        "pieceIndex": 0,
        "lengthM": 17.739856319667346,
        "bearingDeg": 38.75083613012396
      },
      "geometry": {
        "type": "LineString",
        "coordinates": [
          [
            -104.820516,
            38.8283335
          ],
          [
            -104.8204635,
            38.8283311
          ],
          [
            -104.8204288,
            38.8283497
          ],
          [
            -104.8204065,
            38.8283792
          ],
          [
            -104.8204067,
            38.828406
          ],
          [
            -104.8204173,
            38.8284293
          ]
        ]
      }
    },
    {
      "type": "Feature",
      "properties": {
        "osmWayId": 186578874,
        "kind": "road",
        "streetName": "South Nevada Avenue",
        "startNodeId": 55772281,
        "endNodeId": 12873422732,
        "pieceIndex": 0,
        "lengthM": 75.3802531028299,
        "bearingDeg": 4.24776858323014
      },
      "geometry": {
        "type": "LineString",
        "coordinates": [
          [
            -104.8226061,
            38.8198132
          ],
          [
            -104.822552,
            38.819945
          ],
          [
            -104.8225539,
            38.8203017
          ],
          [
            -104.8225421233344,
            38.82048430058674
          ]
        ]
      }
    },
    {
      "type": "Feature",
      "properties": {
        "osmWayId": 186578874,
        "kind": "road",
        "streetName": "South Nevada Avenue",
        "startNodeId": 55772281,
        "endNodeId": 12873422732,
        "pieceIndex": 1,
        "lengthM": 75.38025310272005,
        "bearingDeg": 5.3771114968826055
      },
      "geometry": {
        "type": "LineString",
        "coordinates": [
          [
            -104.8225421233344,
            38.82048430058674
          ],
          [
            -104.8225349,
            38.8205963
          ],
          [
            -104.8224606,
            38.8211591
          ]
        ]
      }
    },
    {
      "type": "Feature",
      "properties": {
        "osmWayId": 186578881,
        "kind": "footway",
        "streetName": null,
        "startNodeId": 1973264184,
        "endNodeId": 1973263759,
        "pieceIndex": 0,
        "lengthM": 59.581636965956825,
        "bearingDeg": 227.81861916241604
      },
      "geometry": {
        "type": "LineString",
        "coordinates": [
          [
            -104.8230866,
            38.8302095
          ],
          [
            -104.8235963,
            38.8298497
          ]
        ]
      }
    },
    {
      "type": "Feature",
      "properties": {
        "osmWayId": 186578882,
        "kind": "footway",
        "streetName": null,
        "startNodeId": 1973263626,
        "endNodeId": 1973264105,
        "pieceIndex": 0,
        "lengthM": 10.738735664073308,
        "bearingDeg": 93.79969714646529
      },
      "geometry": {
        "type": "LineString",
        "coordinates": [
          [
            -104.8230862,
            38.8301265
          ],
          [
            -104.8229625,
            38.8301201
          ]
        ]
      }
    },
    {
      "type": "Feature",
      "properties": {
        "osmWayId": 186578882,
        "kind": "footway",
        "streetName": null,
        "startNodeId": 1973264105,
        "endNodeId": 1973264017,
        "pieceIndex": 0,
        "lengthM": 18.674971713579225,
        "bearingDeg": 91.67181576125881
      },
      "geometry": {
        "type": "LineString",
        "coordinates": [
          [
            -104.8229625,
            38.8301201
          ],
          [
            -104.822747,
            38.8301152
          ]
        ]
      }
    },
    {
      "type": "Feature",
      "properties": {
        "osmWayId": 186578882,
        "kind": "footway",
        "streetName": null,
        "startNodeId": 1973264017,
        "endNodeId": 1973263613,
        "pieceIndex": 0,
        "lengthM": 21.062983389014523,
        "bearingDeg": 75.76286730014294
      },
      "geometry": {
        "type": "LineString",
        "coordinates": [
          [
            -104.822747,
            38.8301152
          ],
          [
            -104.8225611,
            38.8301079
          ],
          [
            -104.8225593,
            38.8301523
          ]
        ]
      }
    },
    {
      "type": "Feature",
      "properties": {
        "osmWayId": 186578882,
        "kind": "footway",
        "streetName": null,
        "startNodeId": 1973263613,
        "endNodeId": 1973263948,
        "pieceIndex": 0,
        "lengthM": 18.417509062275464,
        "bearingDeg": 2.291146984799127
      },
      "geometry": {
        "type": "LineString",
        "coordinates": [
          [
            -104.8225593,
            38.8301523
          ],
          [
            -104.8225508,
            38.8303178
          ]
        ]
      }
    },
    {
      "type": "Feature",
      "properties": {
        "osmWayId": 186578882,
        "kind": "footway",
        "streetName": null,
        "startNodeId": 1973263948,
        "endNodeId": 1973263902,
        "pieceIndex": 0,
        "lengthM": 14.295941302818132,
        "bearingDeg": 1.8402896151590085
      },
      "geometry": {
        "type": "LineString",
        "coordinates": [
          [
            -104.8225508,
            38.8303178
          ],
          [
            -104.8225455,
            38.8304463
          ]
        ]
      }
    },
    {
      "type": "Feature",
      "properties": {
        "osmWayId": 186578882,
        "kind": "footway",
        "streetName": null,
        "startNodeId": 1973263902,
        "endNodeId": 1973264098,
        "pieceIndex": 0,
        "lengthM": 17.817166570946277,
        "bearingDeg": 1.1700064097184963
      },
      "geometry": {
        "type": "LineString",
        "coordinates": [
          [
            -104.8225455,
            38.8304463
          ],
          [
            -104.8225413,
            38.8306065
          ]
        ]
      }
    },
    {
      "type": "Feature",
      "properties": {
        "osmWayId": 186578882,
        "kind": "footway",
        "streetName": null,
        "startNodeId": 1973264098,
        "endNodeId": 1973264135,
        "pieceIndex": 0,
        "lengthM": 24.40727598942376,
        "bearingDeg": 301.5644984753445
      },
      "geometry": {
        "type": "LineString",
        "coordinates": [
          [
            -104.8225413,
            38.8306065
          ],
          [
            -104.8225402,
            38.8306349
          ],
          [
            -104.82272,
            38.8306405
          ],
          [
            -104.8227187,
            38.8306914
          ]
        ]
      }
    },
    {
      "type": "Feature",
      "properties": {
        "osmWayId": 186578882,
        "kind": "footway",
        "streetName": null,
        "startNodeId": 1973264135,
        "endNodeId": 1973263907,
        "pieceIndex": 0,
        "lengthM": 18.037808086938636,
        "bearingDeg": 272.0844229414526
      },
      "geometry": {
        "type": "LineString",
        "coordinates": [
          [
            -104.8227187,
            38.8306914
          ],
          [
            -104.8229268,
            38.8306973
          ]
        ]
      }
    },
    {
      "type": "Feature",
      "properties": {
        "osmWayId": 186578882,
        "kind": "footway",
        "streetName": null,
        "startNodeId": 1973263907,
        "endNodeId": 1973263966,
        "pieceIndex": 0,
        "lengthM": 24.188160289354787,
        "bearingDeg": 227.8732311696026
      },
      "geometry": {
        "type": "LineString",
        "coordinates": [
          [
            -104.8229268,
            38.8306973
          ],
          [
            -104.8229271,
            38.8306421
          ],
          [
            -104.8230703,
            38.8306457
          ],
          [
            -104.823072,
            38.830595
          ]
        ]
      }
    },
    {
      "type": "Feature",
      "properties": {
        "osmWayId": 186578882,
        "kind": "footway",
        "streetName": null,
        "startNodeId": 1973263966,
        "endNodeId": 1973264123,
        "pieceIndex": 0,
        "lengthM": 17.34655655833872,
        "bearingDeg": 190.06559382129697
      },
      "geometry": {
        "type": "LineString",
        "coordinates": [
          [
            -104.823072,
            38.830595
          ],
          [
            -104.823107,
            38.8304414
          ]
        ]
      }
    },
    {
      "type": "Feature",
      "properties": {
        "osmWayId": 186578882,
        "kind": "footway",
        "streetName": null,
        "startNodeId": 1973264123,
        "endNodeId": 1973263825,
        "pieceIndex": 0,
        "lengthM": 9.400718750792063,
        "bearingDeg": 183.32791857345063
      },
      "geometry": {
        "type": "LineString",
        "coordinates": [
          [
            -104.823107,
            38.8304414
          ],
          [
            -104.8231099,
            38.8304022
          ],
          [
            -104.8231133,
            38.830357
          ]
        ]
      }
    },
    {
      "type": "Feature",
      "properties": {
        "osmWayId": 186578882,
        "kind": "footway",
        "streetName": null,
        "startNodeId": 1973263825,
        "endNodeId": 1973264184,
        "pieceIndex": 0,
        "lengthM": 16.563539535035552,
        "bearingDeg": 171.9734412040359
      },
      "geometry": {
        "type": "LineString",
        "coordinates": [
          [
            -104.8231133,
            38.830357
          ],
          [
            -104.8230866,
            38.8302095
          ]
        ]
      }
    },
    {
      "type": "Feature",
      "properties": {
        "osmWayId": 186578882,
        "kind": "footway",
        "streetName": null,
        "startNodeId": 1973264184,
        "endNodeId": 1973263626,
        "pieceIndex": 0,
        "lengthM": 9.229256699655862,
        "bearingDeg": 179.78489791808545
      },
      "geometry": {
        "type": "LineString",
        "coordinates": [
          [
            -104.8230866,
            38.8302095
          ],
          [
            -104.8230862,
            38.8301265
          ]
        ]
      }
    },
    {
      "type": "Feature",
      "properties": {
        "osmWayId": 186578883,
        "kind": "road",
        "streetName": "South Cascade Avenue",
        "startNodeId": 1973263925,
        "endNodeId": 1973264192,
        "pieceIndex": 0,
        "lengthM": 82.5798320244633,
        "bearingDeg": 182.35920245812423
      },
      "geometry": {
        "type": "LineString",
        "coordinates": [
          [
            -104.8254345,
            38.8340191
          ],
          [
            -104.8254401,
            38.83395
          ],
          [
            -104.8254411,
            38.833915
          ],
          [
            -104.8254481,
            38.8337944
          ],
          [
            -104.82547374374484,
            38.83327709772263
          ]
        ]
      }
    },
    {
      "type": "Feature",
      "properties": {
        "osmWayId": 186578883,
        "kind": "road",
        "streetName": "South Cascade Avenue",
        "startNodeId": 1973263925,
        "endNodeId": 1973264192,
        "pieceIndex": 1,
        "lengthM": 82.57983202488116,
        "bearingDeg": 182.41403529908612
      },
      "geometry": {
        "type": "LineString",
        "coordinates": [
          [
            -104.82547374374484,
            38.83327709772263
          ],
          [
            -104.8254759,
            38.8332336
          ],
          [
            -104.8255065,
            38.8326667
          ],
          [
            -104.8255139,
            38.8325351
          ]
        ]
      }
    },
    {
      "type": "Feature",
      "properties": {
        "osmWayId": 186578887,
        "kind": "road",
        "streetName": "Pueblo Avenue",
        "startNodeId": 1973264008,
        "endNodeId": 1973263910,
        "pieceIndex": 0,
        "lengthM": 28.646832714096277,
        "bearingDeg": 206.2612891284608
      },
      "geometry": {
        "type": "LineString",
        "coordinates": [
          [
            -104.8213372,
            38.8295253
          ],
          [
            -104.8214372,
            38.8294613
          ],
          [
            -104.8214742,
            38.8294298
          ],
          [
            -104.8214908,
            38.8293759
          ],
          [
            -104.8214671,
            38.8293202
          ]
        ]
      }
    },
    {
      "type": "Feature",
      "properties": {
        "osmWayId": 186578892,
        "kind": "footway",
        "streetName": null,
        "startNodeId": 1973264044,
        "endNodeId": 1973263948,
        "pieceIndex": 0,
        "lengthM": 38.239619968243694,
        "bearingDeg": 271.9498227191619
      },
      "geometry": {
        "type": "LineString",
        "coordinates": [
          [
            -104.8221096,
            38.8303061
          ],
          [
            -104.8225508,
            38.8303178
          ]
        ]
      }
    },
    {
      "type": "Feature",
      "properties": {
        "osmWayId": 186578894,
        "kind": "footway",
        "streetName": null,
        "startNodeId": 1973263858,
        "endNodeId": 1973263968,
        "pieceIndex": 0,
        "lengthM": 57.65009343417516,
        "bearingDeg": 182.41120732250022
      },
      "geometry": {
        "type": "LineString",
        "coordinates": [
          [
            -104.8235325,
            38.8309719
          ],
          [
            -104.8235605,
            38.8304539
          ]
        ]
      }
    },
    {
      "type": "Feature",
      "properties": {
        "osmWayId": 186578894,
        "kind": "footway",
        "streetName": null,
        "startNodeId": 1973263968,
        "endNodeId": 1973263634,
        "pieceIndex": 0,
        "lengthM": 9.633356293795838,
        "bearingDeg": 183.1958630054381
      },
      "geometry": {
        "type": "LineString",
        "coordinates": [
          [
            -104.8235605,
            38.8304539
          ],
          [
            -104.8235667,
            38.8303674
          ]
        ]
      }
    },
    {
      "type": "Feature",
      "properties": {
        "osmWayId": 186578894,
        "kind": "footway",
        "streetName": null,
        "startNodeId": 1973263634,
        "endNodeId": 1973263759,
        "pieceIndex": 0,
        "lengthM": 57.62276595590088,
        "bearingDeg": 182.55031046919018
      },
      "geometry": {
        "type": "LineString",
        "coordinates": [
          [
            -104.8235667,
            38.8303674
          ],
          [
            -104.8235963,
            38.8298497
          ]
        ]
      }
    },
    {
      "type": "Feature",
      "properties": {
        "osmWayId": 186578894,
        "kind": "footway",
        "streetName": null,
        "startNodeId": 1973263759,
        "endNodeId": 1973263872,
        "pieceIndex": 0,
        "lengthM": 53.3391730010859,
        "bearingDeg": 93.50861222354365
      },
      "geometry": {
        "type": "LineString",
        "coordinates": [
          [
            -104.8235963,
            38.8298497
          ],
          [
            -104.8235292,
            38.829837
          ],
          [
            -104.8229829,
            38.8298204
          ]
        ]
      }
    },
    {
      "type": "Feature",
      "properties": {
        "osmWayId": 186578894,
        "kind": "footway",
        "streetName": null,
        "startNodeId": 1973263872,
        "endNodeId": 1973264011,
        "pieceIndex": 0,
        "lengthM": 18.933807663680753,
        "bearingDeg": 92.89496449126375
      },
      "geometry": {
        "type": "LineString",
        "coordinates": [
          [
            -104.8229829,
            38.8298204
          ],
          [
            -104.8227646,
            38.8298118
          ]
        ]
      }
    },
    {
      "type": "Feature",
      "properties": {
        "osmWayId": 186578894,
        "kind": "footway",
        "streetName": null,
        "startNodeId": 1973264011,
        "endNodeId": 1973263671,
        "pieceIndex": 0,
        "lengthM": 54.80622842463206,
        "bearingDeg": 92.04616768178511
      },
      "geometry": {
        "type": "LineString",
        "coordinates": [
          [
            -104.8227646,
            38.8298118
          ],
          [
            -104.8221323,
            38.8297942
          ]
        ]
      }
    },
    {
      "type": "Feature",
      "properties": {
        "osmWayId": 186578894,
        "kind": "footway",
        "streetName": null,
        "startNodeId": 1973263671,
        "endNodeId": 1973264044,
        "pieceIndex": 0,
        "lengthM": 56.95471454772867,
        "bearingDeg": 1.9784803006747893
      },
      "geometry": {
        "type": "LineString",
        "coordinates": [
          [
            -104.8221323,
            38.8297942
          ],
          [
            -104.8221096,
            38.8303061
          ]
        ]
      }
    },
    {
      "type": "Feature",
      "properties": {
        "osmWayId": 186578894,
        "kind": "footway",
        "streetName": null,
        "startNodeId": 1973264044,
        "endNodeId": 1973264163,
        "pieceIndex": 0,
        "lengthM": 14.28013878903686,
        "bearingDeg": 1.1122266236648102
      },
      "geometry": {
        "type": "LineString",
        "coordinates": [
          [
            -104.8221096,
            38.8303061
          ],
          [
            -104.8221064,
            38.8304345
          ]
        ]
      }
    },
    {
      "type": "Feature",
      "properties": {
        "osmWayId": 186578894,
        "kind": "footway",
        "streetName": null,
        "startNodeId": 1973264163,
        "endNodeId": 1973263879,
        "pieceIndex": 0,
        "lengthM": 54.7253631397808,
        "bearingDeg": 2.4675159372631583
      },
      "geometry": {
        "type": "LineString",
        "coordinates": [
          [
            -104.8221064,
            38.8304345
          ],
          [
            -104.8220792,
            38.8309262
          ]
        ]
      }
    },
    {
      "type": "Feature",
      "properties": {
        "osmWayId": 186578894,
        "kind": "footway",
        "streetName": null,
        "startNodeId": 1973263879,
        "endNodeId": 1973263633,
        "pieceIndex": 0,
        "lengthM": 55.03191010385223,
        "bearingDeg": 272.31621679820165
      },
      "geometry": {
        "type": "LineString",
        "coordinates": [
          [
            -104.8220792,
            38.8309262
          ],
          [
            -104.822714,
            38.8309462
          ]
        ]
      }
    },
    {
      "type": "Feature",
      "properties": {
        "osmWayId": 186578894,
        "kind": "footway",
        "streetName": null,
        "startNodeId": 1973263633,
        "endNodeId": 1973264134,
        "pieceIndex": 0,
        "lengthM": 17.340672646531893,
        "bearingDeg": 272.4991929823974
      },
      "geometry": {
        "type": "LineString",
        "coordinates": [
          [
            -104.822714,
            38.8309462
          ],
          [
            -104.822914,
            38.830953
          ]
        ]
      }
    },
    {
      "type": "Feature",
      "properties": {
        "osmWayId": 186578894,
        "kind": "footway",
        "streetName": null,
        "startNodeId": 1973264134,
        "endNodeId": 1973263858,
        "pieceIndex": 0,
        "lengthM": 53.61621952238005,
        "bearingDeg": 272.24658356509775
      },
      "geometry": {
        "type": "LineString",
        "coordinates": [
          [
            -104.822914,
            38.830953
          ],
          [
            -104.8235325,
            38.8309719
          ]
        ]
      }
    },
    {
      "type": "Feature",
      "properties": {
        "osmWayId": 186578896,
        "kind": "road",
        "streetName": "South Nevada Avenue",
        "startNodeId": 1973264003,
        "endNodeId": 1973264018,
        "pieceIndex": 0,
        "lengthM": 76.89293058410307,
        "bearingDeg": 182.21026518817723
      },
      "geometry": {
        "type": "LineString",
        "coordinates": [
          [
            -104.8221938,
            38.8268216
          ],
          [
            -104.8221998,
            38.8266964
          ],
          [
            -104.8222121,
            38.8264421
          ],
          [
            -104.8222215,
            38.8262624
          ],
          [
            -104.82222803323735,
            38.826130601304314
          ]
        ]
      }
    },
    {
      "type": "Feature",
      "properties": {
        "osmWayId": 186578896,
        "kind": "road",
        "streetName": "South Nevada Avenue",
        "startNodeId": 1973264003,
        "endNodeId": 1973264018,
        "pieceIndex": 1,
        "lengthM": 76.89293058558508,
        "bearingDeg": 182.20599056794381
      },
      "geometry": {
        "type": "LineString",
        "coordinates": [
          [
            -104.82222803323735,
            38.826130601304314
          ],
          [
            -104.8222359,
            38.8259719
          ],
          [
            -104.8222622,
            38.8254396
          ]
        ]
      }
    },
    {
      "type": "Feature",
      "properties": {
        "osmWayId": 186578896,
        "kind": "road",
        "streetName": "South Nevada Avenue",
        "startNodeId": 1973264018,
        "endNodeId": 1973263680,
        "pieceIndex": 0,
        "lengthM": 106.72833716856994,
        "bearingDeg": 182.38177265099847
      },
      "geometry": {
        "type": "LineString",
        "coordinates": [
          [
            -104.8222622,
            38.8254396
          ],
          [
            -104.8222823,
            38.8250564
          ],
          [
            -104.8223064,
            38.8246043
          ],
          [
            -104.8223134,
            38.8244806
          ]
        ]
      }
    },
    {
      "type": "Feature",
      "properties": {
        "osmWayId": 186578896,
        "kind": "road",
        "streetName": "South Nevada Avenue",
        "startNodeId": 1973263680,
        "endNodeId": 11565368172,
        "pieceIndex": 0,
        "lengthM": 89.81512187487468,
        "bearingDeg": 182.2553427964394
      },
      "geometry": {
        "type": "LineString",
        "coordinates": [
          [
            -104.8223134,
            38.8244806
          ],
          [
            -104.8223192,
            38.8243658
          ],
          [
            -104.8223542,
            38.8236735
          ]
        ]
      }
    },
    {
      "type": "Feature",
      "properties": {
        "osmWayId": 186578900,
        "kind": "road",
        "streetName": "West Vermijo Avenue",
        "startNodeId": 55813943,
        "endNodeId": 1973263823,
        "pieceIndex": 0,
        "lengthM": 137.50539977107238,
        "bearingDeg": 92.57185656501969
      },
      "geometry": {
        "type": "LineString",
        "coordinates": [
          [
            -104.827388,
            38.8297528
          ],
          [
            -104.8272731,
            38.8297485
          ],
          [
            -104.8264213,
            38.8297166
          ],
          [
            -104.8258022,
            38.8296973
          ]
        ]
      }
    },
    {
      "type": "Feature",
      "properties": {
        "osmWayId": 186578903,
        "kind": "road",
        "streetName": null,
        "startNodeId": 7300446626,
        "endNodeId": 7967160809,
        "pieceIndex": 0,
        "lengthM": 48.53752118412052,
        "bearingDeg": 203.13050940763694
      },
      "geometry": {
        "type": "LineString",
        "coordinates": [
          [
            -104.818379,
            38.8272329
          ],
          [
            -104.8184726,
            38.8271294
          ],
          [
            -104.8184856,
            38.8269618
          ],
          [
            -104.8185119,
            38.8269082
          ],
          [
            -104.8185895,
            38.826849
          ]
        ]
      }
    },
    {
      "type": "Feature",
      "properties": {
        "osmWayId": 186578911,
        "kind": "footway",
        "streetName": null,
        "startNodeId": 1973263872,
        "endNodeId": 12900366015,
        "pieceIndex": 0,
        "lengthM": 25.766456503991993,
        "bearingDeg": 3.0255030542545
      },
      "geometry": {
        "type": "LineString",
        "coordinates": [
          [
            -104.8229829,
            38.8298204
          ],
          [
            -104.8229672,
            38.8300518
          ]
        ]
      }
    },
    {
      "type": "Feature",
      "properties": {
        "osmWayId": 186578912,
        "kind": "footway",
        "streetName": null,
        "startNodeId": 1973263633,
        "endNodeId": 1973264135,
        "pieceIndex": 0,
        "lengthM": 28.335431304798643,
        "bearingDeg": 180.82324644605143
      },
      "geometry": {
        "type": "LineString",
        "coordinates": [
          [
            -104.822714,
            38.8309462
          ],
          [
            -104.8227187,
            38.8306914
          ]
        ]
      }
    },
    {
      "type": "Feature",
      "properties": {
        "osmWayId": 186578913,
        "kind": "footway",
        "streetName": null,
        "startNodeId": 1973263968,
        "endNodeId": 1973264123,
        "pieceIndex": 0,
        "lengthM": 39.30743664260312,
        "bearingDeg": 92.02629918869144
      },
      "geometry": {
        "type": "LineString",
        "coordinates": [
          [
            -104.8235605,
            38.8304539
          ],
          [
            -104.823107,
            38.8304414
          ]
        ]
      }
    },
    {
      "type": "Feature",
      "properties": {
        "osmWayId": 186578914,
        "kind": "road",
        "streetName": null,
        "startNodeId": 1973263944,
        "endNodeId": 1973264190,
        "pieceIndex": 0,
        "lengthM": 16.986320284172024,
        "bearingDeg": 92.58878193078965
      },
      "geometry": {
        "type": "LineString",
        "coordinates": [
          [
            -104.8255847,
            38.8311636
          ],
          [
            -104.8253888,
            38.8311567
          ]
        ]
      }
    },
    {
      "type": "Feature",
      "properties": {
        "osmWayId": 192390225,
        "kind": "road",
        "streetName": "South Cascade Avenue",
        "startNodeId": 55777122,
        "endNodeId": 2029497074,
        "pieceIndex": 0,
        "lengthM": 123.47808323891348,
        "bearingDeg": 187.15401543758853
      },
      "geometry": {
        "type": "LineString",
        "coordinates": [
          [
            -104.8257975,
            38.8255511
          ],
          [
            -104.8259158,
            38.8254398
          ],
          [
            -104.8259416,
            38.8250109
          ],
          [
            -104.8259622,
            38.8246199
          ],
          [
            -104.825963,
            38.8246039
          ],
          [
            -104.8259709,
            38.8244748
          ]
        ]
      }
    },
    {
      "type": "Feature",
      "properties": {
        "osmWayId": 192390225,
        "kind": "road",
        "streetName": "South Cascade Avenue",
        "startNodeId": 2029497074,
        "endNodeId": 12026390490,
        "pieceIndex": 0,
        "lengthM": 129.71176954910072,
        "bearingDeg": 182.15105624471727
      },
      "geometry": {
        "type": "LineString",
        "coordinates": [
          [
            -104.8259709,
            38.8244748
          ],
          [
            -104.8259754,
            38.824363
          ],
          [
            -104.8260271,
            38.8233091
          ]
        ]
      }
    },
    {
      "type": "Feature",
      "properties": {
        "osmWayId": 192390225,
        "kind": "road",
        "streetName": "South Cascade Avenue",
        "startNodeId": 12026390490,
        "endNodeId": 2029496229,
        "pieceIndex": 0,
        "lengthM": 15.033332090241242,
        "bearingDeg": 182.17964712673515
      },
      "geometry": {
        "type": "LineString",
        "coordinates": [
          [
            -104.8260271,
            38.8233091
          ],
          [
            -104.8260337,
            38.823174
          ]
        ]
      }
    },
    {
      "type": "Feature",
      "properties": {
        "osmWayId": 192390225,
        "kind": "road",
        "streetName": "South Cascade Avenue",
        "startNodeId": 2029496229,
        "endNodeId": 12093764185,
        "pieceIndex": 0,
        "lengthM": 12.553570506406363,
        "bearingDeg": 182.3730210543463
      },
      "geometry": {
        "type": "LineString",
        "coordinates": [
          [
            -104.8260337,
            38.823174
          ],
          [
            -104.8260397,
            38.8230612
          ]
        ]
      }
    },
    {
      "type": "Feature",
      "properties": {
        "osmWayId": 192390225,
        "kind": "road",
        "streetName": "South Cascade Avenue",
        "startNodeId": 12093764185,
        "endNodeId": 2029496355,
        "pieceIndex": 0,
        "lengthM": 138.99026272522957,
        "bearingDeg": 182.36839368418447
      },
      "geometry": {
        "type": "LineString",
        "coordinates": [
          [
            -104.8260397,
            38.8230612
          ],
          [
            -104.8260994,
            38.8219358
          ],
          [
            -104.826106,
            38.8218123
          ]
        ]
      }
    },
    {
      "type": "Feature",
      "properties": {
        "osmWayId": 192390225,
        "kind": "road",
        "streetName": "South Cascade Avenue",
        "startNodeId": 2029496355,
        "endNodeId": 2029496683,
        "pieceIndex": 0,
        "lengthM": 95.00055008375838,
        "bearingDeg": 176.3213986470107
      },
      "geometry": {
        "type": "LineString",
        "coordinates": [
          [
            -104.826106,
            38.8218123
          ],
          [
            -104.8261129,
            38.8216947
          ],
          [
            -104.8261478,
            38.8211043
          ],
          [
            -104.8261411,
            38.8210684
          ],
          [
            -104.826125,
            38.8210454
          ],
          [
            -104.8261009,
            38.8210224
          ],
          [
            -104.826074,
            38.821007
          ],
          [
            -104.8260392,
            38.8210028
          ]
        ]
      }
    },
    {
      "type": "Feature",
      "properties": {
        "osmWayId": 193049833,
        "kind": "cycleway",
        "streetName": "Shooks Run Trail",
        "startNodeId": 2035834505,
        "endNodeId": 2035835087,
        "pieceIndex": 0,
        "lengthM": 35.01177782286352,
        "bearingDeg": 95.8174915039026
      },
      "geometry": {
        "type": "LineString",
        "coordinates": [
          [
            -104.8170645,
            38.820798
          ],
          [
            -104.8169545,
            38.8207667
          ],
          [
            -104.8168633,
            38.8207541
          ],
          [
            -104.8167695,
            38.8207541
          ],
          [
            -104.8166702,
            38.8207667
          ]
        ]
      }
    },
    {
      "type": "Feature",
      "properties": {
        "osmWayId": 193049912,
        "kind": "cycleway",
        "streetName": "Shooks Run Trail",
        "startNodeId": 2035834843,
        "endNodeId": 2035834505,
        "pieceIndex": 0,
        "lengthM": 59.18890635910288,
        "bearingDeg": 323.1891488475571
      },
      "geometry": {
        "type": "LineString",
        "coordinates": [
          [
            -104.8167088,
            38.8204277
          ],
          [
            -104.81668,
            38.8204658
          ],
          [
            -104.8166729,
            38.8205096
          ],
          [
            -104.816672,
            38.8205514
          ],
          [
            -104.8167042,
            38.8205786
          ],
          [
            -104.8167748,
            38.8206204
          ],
          [
            -104.8168473,
            38.8206517
          ],
          [
            -104.8169482,
            38.8206852
          ],
          [
            -104.816984,
            38.8207103
          ],
          [
            -104.817026,
            38.8207458
          ],
          [
            -104.8170645,
            38.820798
          ]
        ]
      }
    },
    {
      "type": "Feature",
      "properties": {
        "osmWayId": 193049912,
        "kind": "cycleway",
        "streetName": "Shooks Run Trail",
        "startNodeId": 2035834505,
        "endNodeId": 554144568,
        "pieceIndex": 0,
        "lengthM": 51.890724852672946,
        "bearingDeg": 6.289844234178588
      },
      "geometry": {
        "type": "LineString",
        "coordinates": [
          [
            -104.8170645,
            38.820798
          ],
          [
            -104.817086,
            38.8208377
          ],
          [
            -104.8170797,
            38.8208732
          ],
          [
            -104.8170699,
            38.8209171
          ],
          [
            -104.8170421,
            38.8209736
          ],
          [
            -104.8170189,
            38.8210488
          ],
          [
            -104.8169975,
            38.8211136
          ],
          [
            -104.816994,
            38.821174
          ],
          [
            -104.8170003,
            38.8212518
          ]
        ]
      }
    },
    {
      "type": "Feature",
      "properties": {
        "osmWayId": 198876257,
        "kind": "road",
        "streetName": "South Wahsatch Avenue",
        "startNodeId": 55768013,
        "endNodeId": 7905900625,
        "pieceIndex": 0,
        "lengthM": 143.35156171386535,
        "bearingDeg": 6.003696278067366
      },
      "geometry": {
        "type": "LineString",
        "coordinates": [
          [
            -104.8183545,
            38.8280584
          ],
          [
            -104.818251,
            38.8281947
          ],
          [
            -104.818239,
            38.828365
          ],
          [
            -104.8182189,
            38.8287181
          ],
          [
            -104.8181836,
            38.8293243
          ]
        ]
      }
    },
    {
      "type": "Feature",
      "properties": {
        "osmWayId": 198876257,
        "kind": "road",
        "streetName": "South Wahsatch Avenue",
        "startNodeId": 7905900625,
        "endNodeId": 55811605,
        "pieceIndex": 0,
        "lengthM": 18.707078973446816,
        "bearingDeg": 2.3087931064533223
      },
      "geometry": {
        "type": "LineString",
        "coordinates": [
          [
            -104.8181836,
            38.8293243
          ],
          [
            -104.8181749,
            38.8294924
          ]
        ]
      }
    },
    {
      "type": "Feature",
      "properties": {
        "osmWayId": 198876284,
        "kind": "road",
        "streetName": "South Wahsatch Avenue",
        "startNodeId": 55811602,
        "endNodeId": 2089572816,
        "pieceIndex": 0,
        "lengthM": 79.03630334321346,
        "bearingDeg": 190.28524940377537
      },
      "geometry": {
        "type": "LineString",
        "coordinates": [
          [
            -104.8181236,
            38.8323059
          ],
          [
            -104.81825,
            38.8321862
          ],
          [
            -104.8182789,
            38.8316662
          ],
          [
            -104.81828083453081,
            38.831630923886685
          ]
        ]
      }
    },
    {
      "type": "Feature",
      "properties": {
        "osmWayId": 198876284,
        "kind": "road",
        "streetName": "South Wahsatch Avenue",
        "startNodeId": 55811602,
        "endNodeId": 2089572816,
        "pieceIndex": 1,
        "lengthM": 79.03630334561248,
        "bearingDeg": 182.47897391960245
      },
      "geometry": {
        "type": "LineString",
        "coordinates": [
          [
            -104.81828083453081,
            38.831630923886685
          ],
          [
            -104.8183125,
            38.8310535
          ],
          [
            -104.8183203,
            38.8309208
          ]
        ]
      }
    },
    {
      "type": "Feature",
      "properties": {
        "osmWayId": 198876284,
        "kind": "road",
        "streetName": "South Wahsatch Avenue",
        "startNodeId": 2089572816,
        "endNodeId": 1973264024,
        "pieceIndex": 0,
        "lengthM": 79.13076567804937,
        "bearingDeg": 182.3290410407262
      },
      "geometry": {
        "type": "LineString",
        "coordinates": [
          [
            -104.8183203,
            38.8309208
          ],
          [
            -104.8183257,
            38.8308085
          ],
          [
            -104.8183408,
            38.8305277
          ],
          [
            -104.81835742381419,
            38.83020974955772
          ]
        ]
      }
    },
    {
      "type": "Feature",
      "properties": {
        "osmWayId": 198876284,
        "kind": "road",
        "streetName": "South Wahsatch Avenue",
        "startNodeId": 2089572816,
        "endNodeId": 1973264024,
        "pieceIndex": 1,
        "lengthM": 79.13076567777371,
        "bearingDeg": 182.33234922827268
      },
      "geometry": {
        "type": "LineString",
        "coordinates": [
          [
            -104.81835742381419,
            38.83020974955772
          ],
          [
            -104.8183946,
            38.8294987
          ]
        ]
      }
    },
    {
      "type": "Feature",
      "properties": {
        "osmWayId": 198876305,
        "kind": "road",
        "streetName": "South Wahsatch Avenue",
        "startNodeId": 55768013,
        "endNodeId": 7300446626,
        "pieceIndex": 0,
        "lengthM": 91.81745734679684,
        "bearingDeg": 181.3245063790684
      },
      "geometry": {
        "type": "LineString",
        "coordinates": [
          [
            -104.8183545,
            38.8280584
          ],
          [
            -104.8183564,
            38.8279656
          ],
          [
            -104.8183668,
            38.8275662
          ],
          [
            -104.8183714,
            38.8274133
          ],
          [
            -104.818379,
            38.8272329
          ]
        ]
      }
    },
    {
      "type": "Feature",
      "properties": {
        "osmWayId": 203318224,
        "kind": "road",
        "streetName": "East Las Animas Street",
        "startNodeId": 2133328706,
        "endNodeId": 55806177,
        "pieceIndex": 0,
        "lengthM": 90.0705577512221,
        "bearingDeg": 92.24959343659066
      },
      "geometry": {
        "type": "LineString",
        "coordinates": [
          [
            -104.819632,
            38.8229846
          ],
          [
            -104.8195916,
            38.8229828
          ],
          [
            -104.8187488,
            38.8229575
          ],
          [
            -104.8185931,
            38.8229528
          ]
        ]
      }
    },
    {
      "type": "Feature",
      "properties": {
        "osmWayId": 203318225,
        "kind": "road",
        "streetName": "East Las Animas Street",
        "startNodeId": 2133328704,
        "endNodeId": 2133328706,
        "pieceIndex": 0,
        "lengthM": 80.36373876237317,
        "bearingDeg": 77.53360477306774
      },
      "geometry": {
        "type": "LineString",
        "coordinates": [
          [
            -104.8204489,
            38.8228439
          ],
          [
            -104.8203179,
            38.8228398
          ],
          [
            -104.8198328,
            38.8228288
          ],
          [
            -104.8197884,
            38.8228322
          ],
          [
            -104.819756,
            38.8228425
          ],
          [
            -104.8197267,
            38.8228558
          ],
          [
            -104.8196997,
            38.8228721
          ],
          [
            -104.8196795,
            38.8228902
          ],
          [
            -104.8196598,
            38.8229111
          ],
          [
            -104.8196456,
            38.822932
          ],
          [
            -104.819637,
            38.8229532
          ],
          [
            -104.819632,
            38.8229846
          ]
        ]
      }
    },
    {
      "type": "Feature",
      "properties": {
        "osmWayId": 203318225,
        "kind": "road",
        "streetName": "East Las Animas Street",
        "startNodeId": 2133328706,
        "endNodeId": 55774430,
        "pieceIndex": 0,
        "lengthM": 80.63205250433654,
        "bearingDeg": 286.94382751198657
      },
      "geometry": {
        "type": "LineString",
        "coordinates": [
          [
            -104.819632,
            38.8229846
          ],
          [
            -104.8196382,
            38.8230239
          ],
          [
            -104.8196609,
            38.8230651
          ],
          [
            -104.8196852,
            38.8230981
          ],
          [
            -104.8197259,
            38.8231316
          ],
          [
            -104.8197765,
            38.8231517
          ],
          [
            -104.819835,
            38.8231614
          ],
          [
            -104.8203086,
            38.8231719
          ],
          [
            -104.8204325,
            38.8231746
          ]
        ]
      }
    },
    {
      "type": "Feature",
      "properties": {
        "osmWayId": 203318226,
        "kind": "road",
        "streetName": "East Fountain Boulevard",
        "startNodeId": 55758597,
        "endNodeId": 556044319,
        "pieceIndex": 0,
        "lengthM": 77.75820089787295,
        "bearingDeg": 92.36616816634256
      },
      "geometry": {
        "type": "LineString",
        "coordinates": [
          [
            -104.8152851,
            38.8214684
          ],
          [
            -104.8144093,
            38.8214402
          ],
          [
            -104.81438830110709,
            38.82143952568342
          ]
        ]
      }
    },
    {
      "type": "Feature",
      "properties": {
        "osmWayId": 203318226,
        "kind": "road",
        "streetName": "East Fountain Boulevard",
        "startNodeId": 55758597,
        "endNodeId": 556044319,
        "pieceIndex": 1,
        "lengthM": 77.75820090072675,
        "bearingDeg": 92.36218008063577
      },
      "geometry": {
        "type": "LineString",
        "coordinates": [
          [
            -104.81438830110709,
            38.82143952568342
          ],
          [
            -104.8142318,
            38.8214345
          ],
          [
            -104.8134915,
            38.8214107
          ]
        ]
      }
    },
    {
      "type": "Feature",
      "properties": {
        "osmWayId": 203318226,
        "kind": "road",
        "streetName": "East Fountain Boulevard",
        "startNodeId": 556044319,
        "endNodeId": 55826497,
        "pieceIndex": 0,
        "lengthM": 22.618214583626493,
        "bearingDeg": 92.14115440762453
      },
      "geometry": {
        "type": "LineString",
        "coordinates": [
          [
            -104.8134915,
            38.8214107
          ],
          [
            -104.8132306,
            38.8214031
          ]
        ]
      }
    },
    {
      "type": "Feature",
      "properties": {
        "osmWayId": 203318226,
        "kind": "road",
        "streetName": "East Fountain Boulevard",
        "startNodeId": 55826497,
        "endNodeId": 2035835261,
        "pieceIndex": 0,
        "lengthM": 136.88467249606566,
        "bearingDeg": 92.44313078971811
      },
      "geometry": {
        "type": "LineString",
        "coordinates": [
          [
            -104.8132306,
            38.8214031
          ],
          [
            -104.8121563,
            38.8213674
          ],
          [
            -104.81165197621908,
            38.82135061325816
          ]
        ]
      }
    },
    {
      "type": "Feature",
      "properties": {
        "osmWayId": 203318226,
        "kind": "road",
        "streetName": "East Fountain Boulevard",
        "startNodeId": 55826497,
        "endNodeId": 2035835261,
        "pieceIndex": 1,
        "lengthM": 136.88467249578272,
        "bearingDeg": 92.32239223840861
      },
      "geometry": {
        "type": "LineString",
        "coordinates": [
          [
            -104.81165197621908,
            38.82135061325816
          ],
          [
            -104.8108796,
            38.8213249
          ],
          [
            -104.8107668,
            38.8213215
          ],
          [
            -104.8102158,
            38.821305
          ],
          [
            -104.81007321866626,
            38.82130071851837
          ]
        ]
      }
    },
    {
      "type": "Feature",
      "properties": {
        "osmWayId": 203318226,
        "kind": "road",
        "streetName": "East Fountain Boulevard",
        "startNodeId": 55826497,
        "endNodeId": 2035835261,
        "pieceIndex": 2,
        "lengthM": 136.8846724953775,
        "bearingDeg": 91.96952682384716
      },
      "geometry": {
        "type": "LineString",
        "coordinates": [
          [
            -104.81007321866626,
            38.82130071851837
          ],
          [
            -104.8099061,
            38.8212957
          ],
          [
            -104.8095964,
            38.8212864
          ],
          [
            -104.8090301,
            38.821272
          ],
          [
            -104.8089757,
            38.8212706
          ],
          [
            -104.8084941,
            38.8212584
          ]
        ]
      }
    },
    {
      "type": "Feature",
      "properties": {
        "osmWayId": 204341768,
        "kind": "footway",
        "streetName": null,
        "startNodeId": 2143456889,
        "endNodeId": 2143456315,
        "pieceIndex": 0,
        "lengthM": 9.229850110835994,
        "bearingDeg": 175.96332199732853
      },
      "geometry": {
        "type": "LineString",
        "coordinates": [
          [
            -104.8171476,
            38.8223711
          ],
          [
            -104.8171401,
            38.8222883
          ]
        ]
      }
    },
    {
      "type": "Feature",
      "properties": {
        "osmWayId": 204341768,
        "kind": "footway",
        "streetName": null,
        "startNodeId": 2143456315,
        "endNodeId": 2143455958,
        "pieceIndex": 0,
        "lengthM": 8.793445778673162,
        "bearingDeg": 177.40255630867784
      },
      "geometry": {
        "type": "LineString",
        "coordinates": [
          [
            -104.8171401,
            38.8222883
          ],
          [
            -104.8171355,
            38.8222093
          ]
        ]
      }
    },
    {
      "type": "Feature",
      "properties": {
        "osmWayId": 204341769,
        "kind": "footway",
        "streetName": null,
        "startNodeId": 554144541,
        "endNodeId": 2143457037,
        "pieceIndex": 0,
        "lengthM": 15.91458095299678,
        "bearingDeg": 231.91258979858887
      },
      "geometry": {
        "type": "LineString",
        "coordinates": [
          [
            -104.8170281,
            38.8229525
          ],
          [
            -104.8171021,
            38.8229194
          ],
          [
            -104.8171714,
            38.822865
          ]
        ]
      }
    },
    {
      "type": "Feature",
      "properties": {
        "osmWayId": 204341780,
        "kind": "footway",
        "streetName": null,
        "startNodeId": 2143455979,
        "endNodeId": 2143455677,
        "pieceIndex": 0,
        "lengthM": 48.7240749511279,
        "bearingDeg": 213.4239200763617
      },
      "geometry": {
        "type": "LineString",
        "coordinates": [
          [
            -104.8171508,
            38.8220319
          ],
          [
            -104.8172067,
            38.8219644
          ],
          [
            -104.8173113,
            38.8218327
          ],
          [
            -104.8174605,
            38.8216663
          ]
        ]
      }
    },
    {
      "type": "Feature",
      "properties": {
        "osmWayId": 204341835,
        "kind": "footway",
        "streetName": null,
        "startNodeId": 2143456189,
        "endNodeId": 2143456095,
        "pieceIndex": 0,
        "lengthM": 26.77469603709801,
        "bearingDeg": 59.81095862136664
      },
      "geometry": {
        "type": "LineString",
        "coordinates": [
          [
            -104.8174723,
            38.8221984
          ],
          [
            -104.8173462,
            38.8222465
          ],
          [
            -104.8172389,
            38.8222925
          ],
          [
            -104.8172071,
            38.8223186
          ]
        ]
      }
    },
    {
      "type": "Feature",
      "properties": {
        "osmWayId": 204341835,
        "kind": "footway",
        "streetName": null,
        "startNodeId": 2143456889,
        "endNodeId": 2143457037,
        "pieceIndex": 0,
        "lengthM": 55.222171121552435,
        "bearingDeg": 357.8499771480414
      },
      "geometry": {
        "type": "LineString",
        "coordinates": [
          [
            -104.8171476,
            38.8223711
          ],
          [
            -104.8171323,
            38.8224868
          ],
          [
            -104.8171373,
            38.8226374
          ],
          [
            -104.8171729,
            38.8228245
          ],
          [
            -104.8171714,
            38.822865
          ]
        ]
      }
    },
    {
      "type": "Feature",
      "properties": {
        "osmWayId": 204341835,
        "kind": "footway",
        "streetName": null,
        "startNodeId": 2143457037,
        "endNodeId": 2035835420,
        "pieceIndex": 0,
        "lengthM": 23.083126851876884,
        "bearingDeg": 1.6989847022460935
      },
      "geometry": {
        "type": "LineString",
        "coordinates": [
          [
            -104.8171714,
            38.822865
          ],
          [
            -104.8171635,
            38.8230725
          ]
        ]
      }
    },
    {
      "type": "Feature",
      "properties": {
        "osmWayId": 204341840,
        "kind": "footway",
        "streetName": null,
        "startNodeId": 2143456299,
        "endNodeId": 2143456503,
        "pieceIndex": 0,
        "lengthM": 19.4510485873793,
        "bearingDeg": 218.59012079114922
      },
      "geometry": {
        "type": "LineString",
        "coordinates": [
          [
            -104.8165307,
            38.8208992
          ],
          [
            -104.8165991,
            38.8208952
          ],
          [
            -104.8166396,
            38.8208696
          ],
          [
            -104.8166546,
            38.8208318
          ],
          [
            -104.8166405,
            38.820792
          ]
        ]
      }
    },
    {
      "type": "Feature",
      "properties": {
        "osmWayId": 204342008,
        "kind": "cycleway",
        "streetName": "Shooks Run Trail",
        "startNodeId": 554144568,
        "endNodeId": 554144571,
        "pieceIndex": 0,
        "lengthM": 41.82083796010261,
        "bearingDeg": 108.25516530720415
      },
      "geometry": {
        "type": "LineString",
        "coordinates": [
          [
            -104.8170003,
            38.8212518
          ],
          [
            -104.8169491,
            38.8212389
          ],
          [
            -104.8168955,
            38.8212306
          ],
          [
            -104.8168365,
            38.8212243
          ],
          [
            -104.816705,
            38.8212055
          ],
          [
            -104.8166272,
            38.8211825
          ],
          [
            -104.8165497,
            38.821136
          ]
        ]
      }
    },
    {
      "type": "Feature",
      "properties": {
        "osmWayId": 204342008,
        "kind": "cycleway",
        "streetName": "Shooks Run Trail",
        "startNodeId": 554144571,
        "endNodeId": 2143456299,
        "pieceIndex": 0,
        "lengthM": 28.468470495444958,
        "bearingDeg": 176.42292382442508
      },
      "geometry": {
        "type": "LineString",
        "coordinates": [
          [
            -104.8165497,
            38.821136
          ],
          [
            -104.8164877,
            38.8210429
          ],
          [
            -104.8164888,
            38.8209768
          ],
          [
            -104.8165106,
            38.820922
          ],
          [
            -104.8165307,
            38.8208992
          ]
        ]
      }
    },
    {
      "type": "Feature",
      "properties": {
        "osmWayId": 204342008,
        "kind": "cycleway",
        "streetName": "Shooks Run Trail",
        "startNodeId": 2143456299,
        "endNodeId": 2143456503,
        "pieceIndex": 0,
        "lengthM": 15.285316836647585,
        "bearingDeg": 218.59012079114922
      },
      "geometry": {
        "type": "LineString",
        "coordinates": [
          [
            -104.8165307,
            38.8208992
          ],
          [
            -104.816579,
            38.8208446
          ],
          [
            -104.8166405,
            38.820792
          ]
        ]
      }
    },
    {
      "type": "Feature",
      "properties": {
        "osmWayId": 204342008,
        "kind": "cycleway",
        "streetName": "Shooks Run Trail",
        "startNodeId": 2035835087,
        "endNodeId": 554143961,
        "pieceIndex": 0,
        "lengthM": 88.58979332939401,
        "bearingDeg": 154.63163678157423
      },
      "geometry": {
        "type": "LineString",
        "coordinates": [
          [
            -104.8166702,
            38.8207667
          ],
          [
            -104.8166004,
            38.8207513
          ],
          [
            -104.8165605,
            38.820734
          ],
          [
            -104.8165188,
            38.8206971
          ],
          [
            -104.8164445,
            38.8206144
          ],
          [
            -104.8163319,
            38.820397
          ],
          [
            -104.8162896,
            38.8202906
          ],
          [
            -104.81625454846319,
            38.82008371718313
          ]
        ]
      }
    },
    {
      "type": "Feature",
      "properties": {
        "osmWayId": 204342008,
        "kind": "cycleway",
        "streetName": "Shooks Run Trail",
        "startNodeId": 2035835087,
        "endNodeId": 554143961,
        "pieceIndex": 1,
        "lengthM": 88.5897933293453,
        "bearingDeg": 115.79324788510047
      },
      "geometry": {
        "type": "LineString",
        "coordinates": [
          [
            -104.81625454846319,
            38.82008371718313
          ],
          [
            -104.8162364,
            38.8199766
          ],
          [
            -104.8162015,
            38.8199169
          ],
          [
            -104.8161396,
            38.8198789
          ],
          [
            -104.8160858,
            38.8198655
          ],
          [
            -104.8159378,
            38.81988
          ],
          [
            -104.8158839,
            38.8198756
          ],
          [
            -104.8158379,
            38.8198399
          ],
          [
            -104.8157718,
            38.8197744
          ],
          [
            -104.815725,
            38.8197501
          ],
          [
            -104.8156593,
            38.8197521
          ],
          [
            -104.8155819,
            38.8197767
          ],
          [
            -104.8155045,
            38.8198013
          ]
        ]
      }
    },
    {
      "type": "Feature",
      "properties": {
        "osmWayId": 204342036,
        "kind": "footway",
        "streetName": null,
        "startNodeId": 12093790244,
        "endNodeId": 2143455677,
        "pieceIndex": 0,
        "lengthM": 90.52502651739708,
        "bearingDeg": 93.65332550309631
      },
      "geometry": {
        "type": "LineString",
        "coordinates": [
          [
            -104.8184977,
            38.8217179
          ],
          [
            -104.818449,
            38.8217121
          ],
          [
            -104.8182794,
            38.8217063
          ],
          [
            -104.818109,
            38.8217019
          ],
          [
            -104.8180608,
            38.8216816
          ],
          [
            -104.8174605,
            38.8216663
          ]
        ]
      }
    },
    {
      "type": "Feature",
      "properties": {
        "osmWayId": 204342036,
        "kind": "footway",
        "streetName": null,
        "startNodeId": 2143455677,
        "endNodeId": 2143456643,
        "pieceIndex": 0,
        "lengthM": 34.494787904317214,
        "bearingDeg": 91.69931680622926
      },
      "geometry": {
        "type": "LineString",
        "coordinates": [
          [
            -104.8174605,
            38.8216663
          ],
          [
            -104.8170625,
            38.8216571
          ]
        ]
      }
    },
    {
      "type": "Feature",
      "properties": {
        "osmWayId": 204342070,
        "kind": "footway",
        "streetName": null,
        "startNodeId": 2143456641,
        "endNodeId": 2143455161,
        "pieceIndex": 0,
        "lengthM": 11.237831248420964,
        "bearingDeg": 270.96385880410537
      },
      "geometry": {
        "type": "LineString",
        "coordinates": [
          [
            -104.8162214,
            38.8213755
          ],
          [
            -104.8163511,
            38.8213772
          ]
        ]
      }
    },
    {
      "type": "Feature",
      "properties": {
        "osmWayId": 204342070,
        "kind": "footway",
        "streetName": null,
        "startNodeId": 2143455161,
        "endNodeId": 554144565,
        "pieceIndex": 0,
        "lengthM": 62.06336935824666,
        "bearingDeg": 272.34137069227324
      },
      "geometry": {
        "type": "LineString",
        "coordinates": [
          [
            -104.8163511,
            38.8213772
          ],
          [
            -104.8170669,
            38.8214
          ]
        ]
      }
    },
    {
      "type": "Feature",
      "properties": {
        "osmWayId": 204342076,
        "kind": "road",
        "streetName": "Aldea Point",
        "startNodeId": 55805913,
        "endNodeId": 7978148883,
        "pieceIndex": 0,
        "lengthM": 14.036154240416874,
        "bearingDeg": 6.164884437185037
      },
      "geometry": {
        "type": "LineString",
        "coordinates": [
          [
            -104.8157538,
            38.8242348
          ],
          [
            -104.8157364,
            38.8243603
          ]
        ]
      }
    },
    {
      "type": "Feature",
      "properties": {
        "osmWayId": 204342076,
        "kind": "road",
        "streetName": "Aldea Point",
        "startNodeId": 7978148883,
        "endNodeId": 428878798,
        "pieceIndex": 0,
        "lengthM": 75.062727192665,
        "bearingDeg": 46.142461555272405
      },
      "geometry": {
        "type": "LineString",
        "coordinates": [
          [
            -104.8157364,
            38.8243603
          ],
          [
            -104.8157355,
            38.8243707
          ],
          [
            -104.8156787,
            38.8244461
          ],
          [
            -104.8156519,
            38.8246987
          ],
          [
            -104.8156299,
            38.8247174
          ],
          [
            -104.815589,
            38.8247331
          ],
          [
            -104.81525185041056,
            38.82472303387671
          ]
        ]
      }
    },
    {
      "type": "Feature",
      "properties": {
        "osmWayId": 204342076,
        "kind": "road",
        "streetName": "Aldea Point",
        "startNodeId": 7978148883,
        "endNodeId": 428878798,
        "pieceIndex": 1,
        "lengthM": 75.06272719378936,
        "bearingDeg": 92.2014288493292
      },
      "geometry": {
        "type": "LineString",
        "coordinates": [
          [
            -104.81525185041056,
            38.82472303387671
          ],
          [
            -104.8151201,
            38.8247191
          ],
          [
            -104.814386,
            38.8246971
          ]
        ]
      }
    },
    {
      "type": "Feature",
      "properties": {
        "osmWayId": 219146333,
        "kind": "road",
        "streetName": "South Weber Street",
        "startNodeId": 55774429,
        "endNodeId": 2143457190,
        "pieceIndex": 0,
        "lengthM": 102.45994452364926,
        "bearingDeg": 2.59254897312843
      },
      "geometry": {
        "type": "LineString",
        "coordinates": [
          [
            -104.820389,
            38.8244919
          ],
          [
            -104.8203555,
            38.8250681
          ],
          [
            -104.8203355,
            38.8254124
          ]
        ]
      }
    },
    {
      "type": "Feature",
      "properties": {
        "osmWayId": 219146333,
        "kind": "road",
        "streetName": "South Weber Street",
        "startNodeId": 2143457190,
        "endNodeId": 55774426,
        "pieceIndex": 0,
        "lengthM": 75.06153753165582,
        "bearingDeg": 2.4673310914211015
      },
      "geometry": {
        "type": "LineString",
        "coordinates": [
          [
            -104.8203355,
            38.8254124
          ],
          [
            -104.8203201,
            38.8257065
          ],
          [
            -104.82029819777061,
            38.82608681650433
          ]
        ]
      }
    },
    {
      "type": "Feature",
      "properties": {
        "osmWayId": 219146333,
        "kind": "road",
        "streetName": "South Weber Street",
        "startNodeId": 2143457190,
        "endNodeId": 55774426,
        "pieceIndex": 1,
        "lengthM": 75.06153753219506,
        "bearingDeg": 2.5331957014390127
      },
      "geometry": {
        "type": "LineString",
        "coordinates": [
          [
            -104.82029819777061,
            38.82608681650433
          ],
          [
            -104.8202671,
            38.8266268
          ],
          [
            -104.8202599,
            38.8267612
          ]
        ]
      }
    },
    {
      "type": "Feature",
      "properties": {
        "osmWayId": 219146333,
        "kind": "road",
        "streetName": "South Weber Street",
        "startNodeId": 55774426,
        "endNodeId": 1973263857,
        "pieceIndex": 0,
        "lengthM": 106.59691570427222,
        "bearingDeg": 2.5477154490659473
      },
      "geometry": {
        "type": "LineString",
        "coordinates": [
          [
            -104.8202599,
            38.8267612
          ],
          [
            -104.8202528,
            38.8268813
          ],
          [
            -104.8202307,
            38.827271
          ],
          [
            -104.8202148,
            38.8275508
          ],
          [
            -104.8202089,
            38.8276535
          ],
          [
            -104.8202052,
            38.8277189
          ]
        ]
      }
    },
    {
      "type": "Feature",
      "properties": {
        "osmWayId": 219146333,
        "kind": "road",
        "streetName": "South Weber Street",
        "startNodeId": 1973263857,
        "endNodeId": 55768011,
        "pieceIndex": 0,
        "lengthM": 45.7694958791374,
        "bearingDeg": 2.5708727712065524
      },
      "geometry": {
        "type": "LineString",
        "coordinates": [
          [
            -104.8202052,
            38.8277189
          ],
          [
            -104.8201886,
            38.8280099
          ],
          [
            -104.8201815,
            38.8281301
          ]
        ]
      }
    },
    {
      "type": "Feature",
      "properties": {
        "osmWayId": 221120987,
        "kind": "road",
        "streetName": "South Nevada Avenue",
        "startNodeId": 9183542594,
        "endNodeId": 1973263686,
        "pieceIndex": 0,
        "lengthM": 13.390898985282849,
        "bearingDeg": 182.63242019877148
      },
      "geometry": {
        "type": "LineString",
        "coordinates": [
          [
            -104.8220366,
            38.8296793
          ],
          [
            -104.8220437,
            38.829559
          ]
        ]
      }
    },
    {
      "type": "Feature",
      "properties": {
        "osmWayId": 221120988,
        "kind": "road",
        "streetName": "South Nevada Avenue",
        "startNodeId": 55772273,
        "endNodeId": 3168070634,
        "pieceIndex": 0,
        "lengthM": 117.20068754713857,
        "bearingDeg": 2.38055269844466
      },
      "geometry": {
        "type": "LineString",
        "coordinates": [
          [
            -104.8218204,
            38.8296728
          ],
          [
            -104.8218145,
            38.8297838
          ],
          [
            -104.8218005,
            38.830046
          ],
          [
            -104.8217888,
            38.8302641
          ],
          [
            -104.8217778,
            38.8304709
          ],
          [
            -104.8217722,
            38.8305755
          ],
          [
            -104.8217642,
            38.8307259
          ]
        ]
      }
    },
    {
      "type": "Feature",
      "properties": {
        "osmWayId": 228001664,
        "kind": "road",
        "streetName": "South Tejon Street",
        "startNodeId": 55799161,
        "endNodeId": 6966498356,
        "pieceIndex": 0,
        "lengthM": 53.577411778057325,
        "bearingDeg": 182.42802952590438
      },
      "geometry": {
        "type": "LineString",
        "coordinates": [
          [
            -104.8241808,
            38.8217437
          ],
          [
            -104.824207,
            38.8212623
          ]
        ]
      }
    },
    {
      "type": "Feature",
      "properties": {
        "osmWayId": 228001665,
        "kind": "road",
        "streetName": "South Tejon Street",
        "startNodeId": 55799064,
        "endNodeId": 55799159,
        "pieceIndex": 0,
        "lengthM": 112.63818844514005,
        "bearingDeg": 182.98899965898846
      },
      "geometry": {
        "type": "LineString",
        "coordinates": [
          [
            -104.823976,
            38.8254916
          ],
          [
            -104.8239835,
            38.8253823
          ],
          [
            -104.8240358,
            38.8245997
          ],
          [
            -104.8240438,
            38.82448
          ]
        ]
      }
    },
    {
      "type": "Feature",
      "properties": {
        "osmWayId": 229025692,
        "kind": "road",
        "streetName": "East Colorado Avenue",
        "startNodeId": 55774421,
        "endNodeId": 55811602,
        "pieceIndex": 0,
        "lengthM": 79.5356391662271,
        "bearingDeg": 92.26123021356352
      },
      "geometry": {
        "type": "LineString",
        "coordinates": [
          [
            -104.8199585,
            38.8323642
          ],
          [
            -104.8198819,
            38.8323624
          ],
          [
            -104.8197946,
            38.8323603
          ],
          [
            -104.8194371,
            38.8323494
          ],
          [
            -104.8193856,
            38.8323478
          ],
          [
            -104.819206,
            38.8323423
          ],
          [
            -104.8190789,
            38.8323372
          ],
          [
            -104.8190410090902,
            38.83233597503932
          ]
        ]
      }
    },
    {
      "type": "Feature",
      "properties": {
        "osmWayId": 229025692,
        "kind": "road",
        "streetName": "East Colorado Avenue",
        "startNodeId": 55774421,
        "endNodeId": 55811602,
        "pieceIndex": 1,
        "lengthM": 79.53563916634133,
        "bearingDeg": 92.40951162634883
      },
      "geometry": {
        "type": "LineString",
        "coordinates": [
          [
            -104.8190410090902,
            38.83233597503932
          ],
          [
            -104.8187201,
            38.8323256
          ],
          [
            -104.8185702,
            38.8323207
          ],
          [
            -104.818353,
            38.8323137
          ],
          [
            -104.8181236,
            38.8323059
          ]
        ]
      }
    },
    {
      "type": "Feature",
      "properties": {
        "osmWayId": 236513772,
        "kind": "footway",
        "streetName": null,
        "startNodeId": 7905734580,
        "endNodeId": 13884752596,
        "pieceIndex": 0,
        "lengthM": 141.17295437980638,
        "bearingDeg": 92.2023408200605
      },
      "geometry": {
        "type": "LineString",
        "coordinates": [
          [
            -104.8181466,
            38.8279695
          ],
          [
            -104.8173461,
            38.8279443
          ],
          [
            -104.8168117,
            38.8279282
          ],
          [
            -104.8165181,
            38.8279207
          ]
        ]
      }
    },
    {
      "type": "Feature",
      "properties": {
        "osmWayId": 236513784,
        "kind": "footway",
        "streetName": null,
        "startNodeId": 2445359847,
        "endNodeId": 2445359680,
        "pieceIndex": 0,
        "lengthM": 17.73828206482139,
        "bearingDeg": 36.40856054298803
      },
      "geometry": {
        "type": "LineString",
        "coordinates": [
          [
            -104.815152,
            38.8267825
          ],
          [
            -104.8151359,
            38.8268121
          ],
          [
            -104.8150313,
            38.82691
          ]
        ]
      }
    },
    {
      "type": "Feature",
      "properties": {
        "osmWayId": 236513803,
        "kind": "footway",
        "streetName": null,
        "startNodeId": 2445359680,
        "endNodeId": 2445359732,
        "pieceIndex": 0,
        "lengthM": 14.583686121326352,
        "bearingDeg": 312.5347405532991
      },
      "geometry": {
        "type": "LineString",
        "coordinates": [
          [
            -104.8150313,
            38.82691
          ],
          [
            -104.8151306,
            38.826927
          ],
          [
            -104.8151277,
            38.8269789
          ]
        ]
      }
    },
    {
      "type": "Feature",
      "properties": {
        "osmWayId": 236513803,
        "kind": "footway",
        "streetName": null,
        "startNodeId": 2445359732,
        "endNodeId": 2445359703,
        "pieceIndex": 0,
        "lengthM": 21.870601210621253,
        "bearingDeg": 2.4971107287478276
      },
      "geometry": {
        "type": "LineString",
        "coordinates": [
          [
            -104.8151277,
            38.8269789
          ],
          [
            -104.8151167,
            38.8271754
          ]
        ]
      }
    },
    {
      "type": "Feature",
      "properties": {
        "osmWayId": 236513803,
        "kind": "footway",
        "streetName": null,
        "startNodeId": 2445359779,
        "endNodeId": 2445359649,
        "pieceIndex": 0,
        "lengthM": 21.625450258448957,
        "bearingDeg": 2.4794752213521747
      },
      "geometry": {
        "type": "LineString",
        "coordinates": [
          [
            -104.8151025,
            38.8274281
          ],
          [
            -104.8150917,
            38.8276224
          ]
        ]
      }
    },
    {
      "type": "Feature",
      "properties": {
        "osmWayId": 236513803,
        "kind": "footway",
        "streetName": null,
        "startNodeId": 2445359649,
        "endNodeId": 2445359765,
        "pieceIndex": 0,
        "lengthM": 23.72957016486176,
        "bearingDeg": 2.5106991989499647
      },
      "geometry": {
        "type": "LineString",
        "coordinates": [
          [
            -104.8150917,
            38.8276224
          ],
          [
            -104.8150797,
            38.8278356
          ]
        ]
      }
    },
    {
      "type": "Feature",
      "properties": {
        "osmWayId": 236513860,
        "kind": "footway",
        "streetName": null,
        "startNodeId": 2445359893,
        "endNodeId": 2445359638,
        "pieceIndex": 0,
        "lengthM": 10.164095421739447,
        "bearingDeg": 91.37908968378753
      },
      "geometry": {
        "type": "LineString",
        "coordinates": [
          [
            -104.8151092,
            38.8273092
          ],
          [
            -104.8149919,
            38.827307
          ]
        ]
      }
    },
    {
      "type": "Feature",
      "properties": {
        "osmWayId": 305941088,
        "kind": "footway",
        "streetName": null,
        "startNodeId": 3106395880,
        "endNodeId": 3106395870,
        "pieceIndex": 0,
        "lengthM": 29.8972791191105,
        "bearingDeg": 28.215709823038196
      },
      "geometry": {
        "type": "LineString",
        "coordinates": [
          [
            -104.8260953,
            38.8302723
          ],
          [
            -104.8260363,
            38.8303162
          ],
          [
            -104.8260048,
            38.8303462
          ],
          [
            -104.8259773,
            38.8303747
          ],
          [
            -104.8259592,
            38.8304047
          ],
          [
            -104.8259451,
            38.8304395
          ],
          [
            -104.825936,
            38.8304855
          ],
          [
            -104.8259384,
            38.8305001
          ]
        ]
      }
    },
    {
      "type": "Feature",
      "properties": {
        "osmWayId": 305941088,
        "kind": "footway",
        "streetName": null,
        "startNodeId": 3106395870,
        "endNodeId": 3106395999,
        "pieceIndex": 0,
        "lengthM": 32.32406670548625,
        "bearingDeg": 331.7985392271946
      },
      "geometry": {
        "type": "LineString",
        "coordinates": [
          [
            -104.8259384,
            38.8305001
          ],
          [
            -104.8259398,
            38.8305084
          ],
          [
            -104.8259485,
            38.8305509
          ],
          [
            -104.8259646,
            38.8305948
          ],
          [
            -104.8259881,
            38.8306359
          ],
          [
            -104.8260156,
            38.83067
          ],
          [
            -104.8260485,
            38.8307049
          ],
          [
            -104.8261098,
            38.8307491
          ]
        ]
      }
    },
    {
      "type": "Feature",
      "properties": {
        "osmWayId": 305941089,
        "kind": "footway",
        "streetName": null,
        "startNodeId": 3106396027,
        "endNodeId": 3106396029,
        "pieceIndex": 0,
        "lengthM": 19.784178143199238,
        "bearingDeg": 199.16271915089962
      },
      "geometry": {
        "type": "LineString",
        "coordinates": [
          [
            -104.826445,
            38.8306325
          ],
          [
            -104.8264512,
            38.8305065
          ],
          [
            -104.8265112,
            38.8304841
          ]
        ]
      }
    },
    {
      "type": "Feature",
      "properties": {
        "osmWayId": 305941089,
        "kind": "footway",
        "streetName": null,
        "startNodeId": 3106396029,
        "endNodeId": 3106395970,
        "pieceIndex": 0,
        "lengthM": 14.089428968179257,
        "bearingDeg": 271.492425619993
      },
      "geometry": {
        "type": "LineString",
        "coordinates": [
          [
            -104.8265112,
            38.8304841
          ],
          [
            -104.8266738,
            38.8304874
          ]
        ]
      }
    },
    {
      "type": "Feature",
      "properties": {
        "osmWayId": 305941090,
        "kind": "footway",
        "streetName": null,
        "startNodeId": 3106395899,
        "endNodeId": 3106395974,
        "pieceIndex": 0,
        "lengthM": 62.18037394566153,
        "bearingDeg": 93.16119775905071
      },
      "geometry": {
        "type": "LineString",
        "coordinates": [
          [
            -104.8253452,
            38.8299042
          ],
          [
            -104.8253229,
            38.8298936
          ],
          [
            -104.8251573,
            38.8298909
          ],
          [
            -104.8246317,
            38.8298735
          ]
        ]
      }
    },
    {
      "type": "Feature",
      "properties": {
        "osmWayId": 305941090,
        "kind": "footway",
        "streetName": null,
        "startNodeId": 3106395974,
        "endNodeId": 3106396026,
        "pieceIndex": 0,
        "lengthM": 46.74755618784641,
        "bearingDeg": 92.12637116441147
      },
      "geometry": {
        "type": "LineString",
        "coordinates": [
          [
            -104.8246317,
            38.8298735
          ],
          [
            -104.8240924,
            38.8298579
          ]
        ]
      }
    },
    {
      "type": "Feature",
      "properties": {
        "osmWayId": 305941090,
        "kind": "footway",
        "streetName": null,
        "startNodeId": 3106396026,
        "endNodeId": 3106395857,
        "pieceIndex": 0,
        "lengthM": 17.403432187551,
        "bearingDeg": 90.62228138214198
      },
      "geometry": {
        "type": "LineString",
        "coordinates": [
          [
            -104.8240924,
            38.8298579
          ],
          [
            -104.8238915,
            38.8298562
          ]
        ]
      }
    },
    {
      "type": "Feature",
      "properties": {
        "osmWayId": 305941092,
        "kind": "footway",
        "streetName": null,
        "startNodeId": 3106395870,
        "endNodeId": 3106395926,
        "pieceIndex": 0,
        "lengthM": 16.146036058646636,
        "bearingDeg": 91.8548224079151
      },
      "geometry": {
        "type": "LineString",
        "coordinates": [
          [
            -104.8259384,
            38.8305001
          ],
          [
            -104.8257521,
            38.8304954
          ]
        ]
      }
    },
    {
      "type": "Feature",
      "properties": {
        "osmWayId": 305941098,
        "kind": "footway",
        "streetName": null,
        "startNodeId": 3106396005,
        "endNodeId": 7160789443,
        "pieceIndex": 0,
        "lengthM": 24.20489924205051,
        "bearingDeg": 134.47276844009838
      },
      "geometry": {
        "type": "LineString",
        "coordinates": [
          [
            -104.8260984,
            38.8310628
          ],
          [
            -104.825899,
            38.8309103
          ]
        ]
      }
    },
    {
      "type": "Feature",
      "properties": {
        "osmWayId": 305941098,
        "kind": "footway",
        "streetName": null,
        "startNodeId": 7160789443,
        "endNodeId": 3106395929,
        "pieceIndex": 0,
        "lengthM": 21.08174373968959,
        "bearingDeg": 134.4630614166391
      },
      "geometry": {
        "type": "LineString",
        "coordinates": [
          [
            -104.825899,
            38.8309103
          ],
          [
            -104.8257253,
            38.8307775
          ]
        ]
      }
    },
    {
      "type": "Feature",
      "properties": {
        "osmWayId": 305941109,
        "kind": "footway",
        "streetName": null,
        "startNodeId": 3106396017,
        "endNodeId": 3106396027,
        "pieceIndex": 0,
        "lengthM": 19.035783532789434,
        "bearingDeg": 94.08656364620981
      },
      "geometry": {
        "type": "LineString",
        "coordinates": [
          [
            -104.8266642,
            38.8306447
          ],
          [
            -104.826445,
            38.8306325
          ]
        ]
      }
    },
    {
      "type": "Feature",
      "properties": {
        "osmWayId": 305941109,
        "kind": "footway",
        "streetName": null,
        "startNodeId": 3106396027,
        "endNodeId": 3106395893,
        "pieceIndex": 0,
        "lengthM": 20.953424967019494,
        "bearingDeg": 80.96743078522309
      },
      "geometry": {
        "type": "LineString",
        "coordinates": [
          [
            -104.826445,
            38.8306325
          ],
          [
            -104.8262857,
            38.8306224
          ],
          [
            -104.8262197,
            38.8306604
          ]
        ]
      }
    },
    {
      "type": "Feature",
      "properties": {
        "osmWayId": 305941109,
        "kind": "footway",
        "streetName": null,
        "startNodeId": 3106395893,
        "endNodeId": 3106395999,
        "pieceIndex": 0,
        "lengthM": 13.707769585290642,
        "bearingDeg": 43.98516531451611
      },
      "geometry": {
        "type": "LineString",
        "coordinates": [
          [
            -104.8262197,
            38.8306604
          ],
          [
            -104.8261098,
            38.8307491
          ]
        ]
      }
    },
    {
      "type": "Feature",
      "properties": {
        "osmWayId": 305941109,
        "kind": "footway",
        "streetName": null,
        "startNodeId": 3106395999,
        "endNodeId": 7160789439,
        "pieceIndex": 0,
        "lengthM": 9.71382491823112,
        "bearingDeg": 357.90474739291324
      },
      "geometry": {
        "type": "LineString",
        "coordinates": [
          [
            -104.8261098,
            38.8307491
          ],
          [
            -104.8261139,
            38.8308364
          ]
        ]
      }
    },
    {
      "type": "Feature",
      "properties": {
        "osmWayId": 305941109,
        "kind": "footway",
        "streetName": null,
        "startNodeId": 7160789439,
        "endNodeId": 3106396005,
        "pieceIndex": 0,
        "lengthM": 25.63061012104106,
        "bearingDeg": 3.0528331568937688
      },
      "geometry": {
        "type": "LineString",
        "coordinates": [
          [
            -104.8261139,
            38.8308364
          ],
          [
            -104.8261226,
            38.8310201
          ],
          [
            -104.8260984,
            38.8310628
          ]
        ]
      }
    },
    {
      "type": "Feature",
      "properties": {
        "osmWayId": 305941109,
        "kind": "footway",
        "streetName": null,
        "startNodeId": 3106396005,
        "endNodeId": 7160789448,
        "pieceIndex": 0,
        "lengthM": 26.06788071900517,
        "bearingDeg": 81.55472551431001
      },
      "geometry": {
        "type": "LineString",
        "coordinates": [
          [
            -104.8260984,
            38.8310628
          ],
          [
            -104.8260379,
            38.831087
          ],
          [
            -104.8258053,
            38.8310967
          ]
        ]
      }
    },
    {
      "type": "Feature",
      "properties": {
        "osmWayId": 305941109,
        "kind": "footway",
        "streetName": null,
        "startNodeId": 7160789448,
        "endNodeId": 3106395841,
        "pieceIndex": 0,
        "lengthM": 8.674652307541011,
        "bearingDeg": 86.91382996524419
      },
      "geometry": {
        "type": "LineString",
        "coordinates": [
          [
            -104.8258053,
            38.8310967
          ],
          [
            -104.8257053,
            38.8311009
          ]
        ]
      }
    },
    {
      "type": "Feature",
      "properties": {
        "osmWayId": 305941110,
        "kind": "footway",
        "streetName": null,
        "startNodeId": 3106395836,
        "endNodeId": 3106395974,
        "pieceIndex": 0,
        "lengthM": 8.5131292601467,
        "bearingDeg": 182.27426626162156
      },
      "geometry": {
        "type": "LineString",
        "coordinates": [
          [
            -104.8246278,
            38.82995
          ],
          [
            -104.8246317,
            38.8298735
          ]
        ]
      }
    },
    {
      "type": "Feature",
      "properties": {
        "osmWayId": 305941119,
        "kind": "footway",
        "streetName": null,
        "startNodeId": 3106396023,
        "endNodeId": 3106396020,
        "pieceIndex": 0,
        "lengthM": 19.618843949356176,
        "bearingDeg": 92.89133556067702
      },
      "geometry": {
        "type": "LineString",
        "coordinates": [
          [
            -104.8241009,
            38.8301523
          ],
          [
            -104.8238747,
            38.8301434
          ]
        ]
      }
    },
    {
      "type": "Feature",
      "properties": {
        "osmWayId": 305941122,
        "kind": "footway",
        "streetName": null,
        "startNodeId": 3106396026,
        "endNodeId": 3106395848,
        "pieceIndex": 0,
        "lengthM": 25.177901752295362,
        "bearingDeg": 46.59733365727624
      },
      "geometry": {
        "type": "LineString",
        "coordinates": [
          [
            -104.8240924,
            38.8298579
          ],
          [
            -104.8240681,
            38.8298868
          ],
          [
            -104.8240451,
            38.8299052
          ],
          [
            -104.8240161,
            38.8299236
          ],
          [
            -104.823987,
            38.8299352
          ],
          [
            -104.8239696,
            38.8299473
          ],
          [
            -104.8239543,
            38.8299609
          ],
          [
            -104.8239447,
            38.829976
          ],
          [
            -104.8239239,
            38.8299926
          ],
          [
            -104.823885,
            38.8300107
          ]
        ]
      }
    },
    {
      "type": "Feature",
      "properties": {
        "osmWayId": 305941125,
        "kind": "footway",
        "streetName": null,
        "startNodeId": 1989249500,
        "endNodeId": 3106396048,
        "pieceIndex": 0,
        "lengthM": 62.73259353714783,
        "bearingDeg": 272.37737047769787
      },
      "geometry": {
        "type": "LineString",
        "coordinates": [
          [
            -104.824567,
            38.8312475
          ],
          [
            -104.8252906,
            38.8312709
          ]
        ]
      }
    },
    {
      "type": "Feature",
      "properties": {
        "osmWayId": 305941126,
        "kind": "footway",
        "streetName": null,
        "startNodeId": 1973263644,
        "endNodeId": 3106395978,
        "pieceIndex": 0,
        "lengthM": 42.77388716460769,
        "bearingDeg": 92.83097549474547
      },
      "geometry": {
        "type": "LineString",
        "coordinates": [
          [
            -104.8243533,
            38.8305385
          ],
          [
            -104.8238601,
            38.8305195
          ]
        ]
      }
    },
    {
      "type": "Feature",
      "properties": {
        "osmWayId": 305941128,
        "kind": "footway",
        "streetName": null,
        "startNodeId": 1989249500,
        "endNodeId": 6013478889,
        "pieceIndex": 0,
        "lengthM": 76.46928057839716,
        "bearingDeg": 103.59524298396576
      },
      "geometry": {
        "type": "LineString",
        "coordinates": [
          [
            -104.824567,
            38.8312475
          ],
          [
            -104.8245717,
            38.8311532
          ],
          [
            -104.824537,
            38.8311248
          ],
          [
            -104.823826,
            38.8311079
          ]
        ]
      }
    },
    {
      "type": "Feature",
      "properties": {
        "osmWayId": 305941136,
        "kind": "footway",
        "streetName": null,
        "startNodeId": 1973263682,
        "endNodeId": 3106395901,
        "pieceIndex": 0,
        "lengthM": 37.62418994575546,
        "bearingDeg": 92.30341031239828
      },
      "geometry": {
        "type": "LineString",
        "coordinates": [
          [
            -104.8243582,
            38.8303574
          ],
          [
            -104.8239242,
            38.8303438
          ]
        ]
      }
    },
    {
      "type": "Feature",
      "properties": {
        "osmWayId": 305941140,
        "kind": "footway",
        "streetName": null,
        "startNodeId": 3106395897,
        "endNodeId": 3106395926,
        "pieceIndex": 0,
        "lengthM": 56.87884290910652,
        "bearingDeg": 1.2565930180572877
      },
      "geometry": {
        "type": "LineString",
        "coordinates": [
          [
            -104.8257665,
            38.829984
          ],
          [
            -104.8257521,
            38.8304954
          ]
        ]
      }
    },
    {
      "type": "Feature",
      "properties": {
        "osmWayId": 305941140,
        "kind": "footway",
        "streetName": null,
        "startNodeId": 3106395926,
        "endNodeId": 3106395929,
        "pieceIndex": 0,
        "lengthM": 31.453916211567442,
        "bearingDeg": 4.232544181092237
      },
      "geometry": {
        "type": "LineString",
        "coordinates": [
          [
            -104.8257521,
            38.8304954
          ],
          [
            -104.8257253,
            38.8307775
          ]
        ]
      }
    },
    {
      "type": "Feature",
      "properties": {
        "osmWayId": 305941140,
        "kind": "footway",
        "streetName": null,
        "startNodeId": 3106395929,
        "endNodeId": 3106395841,
        "pieceIndex": 0,
        "lengthM": 36.002194908401314,
        "bearingDeg": 2.758119974710553
      },
      "geometry": {
        "type": "LineString",
        "coordinates": [
          [
            -104.8257253,
            38.8307775
          ],
          [
            -104.8257053,
            38.8311009
          ]
        ]
      }
    },
    {
      "type": "Feature",
      "properties": {
        "osmWayId": 305941140,
        "kind": "footway",
        "streetName": null,
        "startNodeId": 3106395841,
        "endNodeId": 3106395850,
        "pieceIndex": 0,
        "lengthM": 13.668140915972314,
        "bearingDeg": 6.623282188563962
      },
      "geometry": {
        "type": "LineString",
        "coordinates": [
          [
            -104.8257053,
            38.8311009
          ],
          [
            -104.8256871,
            38.831223
          ]
        ]
      }
    },
    {
      "type": "Feature",
      "properties": {
        "osmWayId": 305941146,
        "kind": "footway",
        "streetName": null,
        "startNodeId": 3106395889,
        "endNodeId": 3106395988,
        "pieceIndex": 0,
        "lengthM": 42.555473605801566,
        "bearingDeg": 92.78556216245249
      },
      "geometry": {
        "type": "LineString",
        "coordinates": [
          [
            -104.824355,
            38.8304391
          ],
          [
            -104.8238643,
            38.8304205
          ]
        ]
      }
    },
    {
      "type": "Feature",
      "properties": {
        "osmWayId": 305941154,
        "kind": "footway",
        "streetName": null,
        "startNodeId": 3106395897,
        "endNodeId": 9183544812,
        "pieceIndex": 0,
        "lengthM": 33.33076093390234,
        "bearingDeg": 318.4136946388058
      },
      "geometry": {
        "type": "LineString",
        "coordinates": [
          [
            -104.8257665,
            38.829984
          ],
          [
            -104.8260219,
            38.8302082
          ]
        ]
      }
    },
    {
      "type": "Feature",
      "properties": {
        "osmWayId": 305941154,
        "kind": "footway",
        "streetName": null,
        "startNodeId": 9183544812,
        "endNodeId": 3106395880,
        "pieceIndex": 0,
        "lengthM": 9.55130284904771,
        "bearingDeg": 318.2661034830567
      },
      "geometry": {
        "type": "LineString",
        "coordinates": [
          [
            -104.8260219,
            38.8302082
          ],
          [
            -104.8260953,
            38.8302723
          ]
        ]
      }
    },
    {
      "type": "Feature",
      "properties": {
        "osmWayId": 305941160,
        "kind": "footway",
        "streetName": null,
        "startNodeId": 3106395850,
        "endNodeId": 7160789451,
        "pieceIndex": 0,
        "lengthM": 14.653333989738574,
        "bearingDeg": 273.2191345263783
      },
      "geometry": {
        "type": "LineString",
        "coordinates": [
          [
            -104.8256871,
            38.831223
          ],
          [
            -104.825856,
            38.8312304
          ]
        ]
      }
    },
    {
      "type": "Feature",
      "properties": {
        "osmWayId": 305941160,
        "kind": "footway",
        "streetName": null,
        "startNodeId": 7160789451,
        "endNodeId": 3106395855,
        "pieceIndex": 0,
        "lengthM": 34.818477249956494,
        "bearingDeg": 260.9602836158889
      },
      "geometry": {
        "type": "LineString",
        "coordinates": [
          [
            -104.825856,
            38.8312304
          ],
          [
            -104.8259793,
            38.8312326
          ],
          [
            -104.826064,
            38.8311774
          ],
          [
            -104.826232,
            38.8311838
          ]
        ]
      }
    },
    {
      "type": "Feature",
      "properties": {
        "osmWayId": 305941160,
        "kind": "footway",
        "streetName": null,
        "startNodeId": 3106395855,
        "endNodeId": 7787948888,
        "pieceIndex": 0,
        "lengthM": 115.10989515525341,
        "bearingDeg": 257.6979444326436
      },
      "geometry": {
        "type": "LineString",
        "coordinates": [
          [
            -104.826232,
            38.8311838
          ],
          [
            -104.8263701,
            38.8311899
          ],
          [
            -104.8264566,
            38.8312614
          ],
          [
            -104.8271678,
            38.8312848
          ],
          [
            -104.827193,
            38.8312655
          ],
          [
            -104.8272008,
            38.8311057
          ],
          [
            -104.8272011,
            38.8310864
          ],
          [
            -104.82720490477274,
            38.8310185204162
          ]
        ]
      }
    },
    {
      "type": "Feature",
      "properties": {
        "osmWayId": 305941160,
        "kind": "footway",
        "streetName": null,
        "startNodeId": 3106395855,
        "endNodeId": 7787948888,
        "pieceIndex": 1,
        "lengthM": 115.1098951554333,
        "bearingDeg": 182.50131714971556
      },
      "geometry": {
        "type": "LineString",
        "coordinates": [
          [
            -104.82720490477274,
            38.8310185204162
          ],
          [
            -104.8272325,
            38.8305262
          ],
          [
            -104.8272629,
            38.8299843
          ]
        ]
      }
    },
    {
      "type": "Feature",
      "properties": {
        "osmWayId": 305941165,
        "kind": "footway",
        "streetName": null,
        "startNodeId": 6013478889,
        "endNodeId": 3106395978,
        "pieceIndex": 0,
        "lengthM": 65.49667404337472,
        "bearingDeg": 182.58493298854992
      },
      "geometry": {
        "type": "LineString",
        "coordinates": [
          [
            -104.823826,
            38.8311079
          ],
          [
            -104.8238283,
            38.8310261
          ],
          [
            -104.8238601,
            38.8305195
          ]
        ]
      }
    },
    {
      "type": "Feature",
      "properties": {
        "osmWayId": 305941165,
        "kind": "footway",
        "streetName": null,
        "startNodeId": 3106395978,
        "endNodeId": 3106395988,
        "pieceIndex": 0,
        "lengthM": 11.014323026360751,
        "bearingDeg": 181.89286231881476
      },
      "geometry": {
        "type": "LineString",
        "coordinates": [
          [
            -104.8238601,
            38.8305195
          ],
          [
            -104.8238643,
            38.8304205
          ]
        ]
      }
    },
    {
      "type": "Feature",
      "properties": {
        "osmWayId": 305941165,
        "kind": "footway",
        "streetName": null,
        "startNodeId": 3106395988,
        "endNodeId": 3106396084,
        "pieceIndex": 0,
        "lengthM": 8.678820370922496,
        "bearingDeg": 182.0591325836521
      },
      "geometry": {
        "type": "LineString",
        "coordinates": [
          [
            -104.8238643,
            38.8304205
          ],
          [
            -104.8238679,
            38.8303425
          ]
        ]
      }
    },
    {
      "type": "Feature",
      "properties": {
        "osmWayId": 305941165,
        "kind": "footway",
        "streetName": null,
        "startNodeId": 3106396084,
        "endNodeId": 3106395866,
        "pieceIndex": 0,
        "lengthM": 16.6987435074956,
        "bearingDeg": 181.8132950576381
      },
      "geometry": {
        "type": "LineString",
        "coordinates": [
          [
            -104.8238679,
            38.8303425
          ],
          [
            -104.823874,
            38.8301924
          ]
        ]
      }
    },
    {
      "type": "Feature",
      "properties": {
        "osmWayId": 305941165,
        "kind": "footway",
        "streetName": null,
        "startNodeId": 3106396020,
        "endNodeId": 3106395848,
        "pieceIndex": 0,
        "lengthM": 14.782536450728712,
        "bearingDeg": 183.46021700770532
      },
      "geometry": {
        "type": "LineString",
        "coordinates": [
          [
            -104.8238747,
            38.8301434
          ],
          [
            -104.823885,
            38.8300107
          ]
        ]
      }
    },
    {
      "type": "Feature",
      "properties": {
        "osmWayId": 305941165,
        "kind": "footway",
        "streetName": null,
        "startNodeId": 3106395848,
        "endNodeId": 3106395857,
        "pieceIndex": 0,
        "lengthM": 17.1888639929407,
        "bearingDeg": 181.87713653710003
      },
      "geometry": {
        "type": "LineString",
        "coordinates": [
          [
            -104.823885,
            38.8300107
          ],
          [
            -104.8238915,
            38.8298562
          ]
        ]
      }
    },
    {
      "type": "Feature",
      "properties": {
        "osmWayId": 305941167,
        "kind": "footway",
        "streetName": null,
        "startNodeId": 3106395901,
        "endNodeId": 3106395866,
        "pieceIndex": 0,
        "lengthM": 20.281003460558807,
        "bearingDeg": 165.51721027982092
      },
      "geometry": {
        "type": "LineString",
        "coordinates": [
          [
            -104.8239242,
            38.8303438
          ],
          [
            -104.8239438,
            38.8302944
          ],
          [
            -104.823952,
            38.8302744
          ],
          [
            -104.8239547,
            38.8302502
          ],
          [
            -104.823874,
            38.8301924
          ]
        ]
      }
    },
    {
      "type": "Feature",
      "properties": {
        "osmWayId": 305941175,
        "kind": "footway",
        "streetName": null,
        "startNodeId": 3106396029,
        "endNodeId": 3106396078,
        "pieceIndex": 0,
        "lengthM": 18.694791013108098,
        "bearingDeg": 181.00886859804797
      },
      "geometry": {
        "type": "LineString",
        "coordinates": [
          [
            -104.8265112,
            38.8304841
          ],
          [
            -104.826515,
            38.830316
          ]
        ]
      }
    },
    {
      "type": "Feature",
      "properties": {
        "osmWayId": 305941187,
        "kind": "footway",
        "streetName": null,
        "startNodeId": 7787948887,
        "endNodeId": 3106395970,
        "pieceIndex": 0,
        "lengthM": 58.78496756417876,
        "bearingDeg": 3.0662153250199253
      },
      "geometry": {
        "type": "LineString",
        "coordinates": [
          [
            -104.8267101,
            38.8299595
          ],
          [
            -104.8266856,
            38.8302889
          ],
          [
            -104.8266738,
            38.8304874
          ]
        ]
      }
    },
    {
      "type": "Feature",
      "properties": {
        "osmWayId": 305941187,
        "kind": "footway",
        "streetName": null,
        "startNodeId": 3106395970,
        "endNodeId": 3106396017,
        "pieceIndex": 0,
        "lengthM": 17.510742302633183,
        "bearingDeg": 2.721931695296689
      },
      "geometry": {
        "type": "LineString",
        "coordinates": [
          [
            -104.8266738,
            38.8304874
          ],
          [
            -104.8266642,
            38.8306447
          ]
        ]
      }
    },
    {
      "type": "Feature",
      "properties": {
        "osmWayId": 311219985,
        "kind": "road",
        "streetName": "South Corona Street",
        "startNodeId": 55747554,
        "endNodeId": 7905900662,
        "pieceIndex": 0,
        "lengthM": 131.478761107666,
        "bearingDeg": 181.98970290949805
      },
      "geometry": {
        "type": "LineString",
        "coordinates": [
          [
            -104.8163055,
            38.8321744
          ],
          [
            -104.816308,
            38.8321103
          ],
          [
            -104.8163125,
            38.8320232
          ],
          [
            -104.816318,
            38.8319061
          ],
          [
            -104.8163231,
            38.8317955
          ],
          [
            -104.8163582,
            38.8309927
          ]
        ]
      }
    },
    {
      "type": "Feature",
      "properties": {
        "osmWayId": 311219985,
        "kind": "road",
        "streetName": "South Corona Street",
        "startNodeId": 7905900662,
        "endNodeId": 55747557,
        "pieceIndex": 0,
        "lengthM": 14.688216122462283,
        "bearingDeg": 182.16301704531992
      },
      "geometry": {
        "type": "LineString",
        "coordinates": [
          [
            -104.8163582,
            38.8309927
          ],
          [
            -104.8163646,
            38.8308607
          ]
        ]
      }
    },
    {
      "type": "Feature",
      "properties": {
        "osmWayId": 311220017,
        "kind": "road",
        "streetName": "East Colorado Avenue",
        "startNodeId": 55747554,
        "endNodeId": 3168070660,
        "pieceIndex": 0,
        "lengthM": 107.4285938935816,
        "bearingDeg": 90.32118612464865
      },
      "geometry": {
        "type": "LineString",
        "coordinates": [
          [
            -104.8163055,
            38.8321744
          ],
          [
            -104.8161759,
            38.8321972
          ],
          [
            -104.8161327,
            38.8322006
          ],
          [
            -104.8160533,
            38.8322071
          ],
          [
            -104.8159959,
            38.8322049
          ],
          [
            -104.8154138,
            38.8321823
          ],
          [
            -104.8150704,
            38.832169
          ]
        ]
      }
    },
    {
      "type": "Feature",
      "properties": {
        "osmWayId": 311729994,
        "kind": "road",
        "streetName": "South Wahsatch Avenue",
        "startNodeId": 55811608,
        "endNodeId": 3174483429,
        "pieceIndex": 0,
        "lengthM": 28.09938267369687,
        "bearingDeg": 179.69971967043784
      },
      "geometry": {
        "type": "LineString",
        "coordinates": [
          [
            -104.8184668,
            38.8267043
          ],
          [
            -104.8184651,
            38.8264516
          ]
        ]
      }
    },
    {
      "type": "Feature",
      "properties": {
        "osmWayId": 311729994,
        "kind": "road",
        "streetName": "South Wahsatch Avenue",
        "startNodeId": 3174483429,
        "endNodeId": 3174483451,
        "pieceIndex": 0,
        "lengthM": 8.563683709059035,
        "bearingDeg": 156.44903610802703
      },
      "geometry": {
        "type": "LineString",
        "coordinates": [
          [
            -104.8184651,
            38.8264516
          ],
          [
            -104.8184256,
            38.826381
          ]
        ]
      }
    },
    {
      "type": "Feature",
      "properties": {
        "osmWayId": 311730004,
        "kind": "road",
        "streetName": "South Wahsatch Avenue",
        "startNodeId": 3174483451,
        "endNodeId": 55805908,
        "pieceIndex": 0,
        "lengthM": 104.35723172685158,
        "bearingDeg": 182.19545043206318
      },
      "geometry": {
        "type": "LineString",
        "coordinates": [
          [
            -104.8184256,
            38.826381
          ],
          [
            -104.8184467,
            38.8259127
          ],
          [
            -104.8184562,
            38.8257827
          ],
          [
            -104.81847174758128,
            38.825443209084476
          ]
        ]
      }
    },
    {
      "type": "Feature",
      "properties": {
        "osmWayId": 311730004,
        "kind": "road",
        "streetName": "South Wahsatch Avenue",
        "startNodeId": 3174483451,
        "endNodeId": 55805908,
        "pieceIndex": 1,
        "lengthM": 104.35723172775965,
        "bearingDeg": 182.04334531691623
      },
      "geometry": {
        "type": "LineString",
        "coordinates": [
          [
            -104.81847174758128,
            38.825443209084476
          ],
          [
            -104.8185147,
            38.8245053
          ]
        ]
      }
    },
    {
      "type": "Feature",
      "properties": {
        "osmWayId": 311730051,
        "kind": "road",
        "streetName": "South Wahsatch Avenue",
        "startNodeId": 3174483451,
        "endNodeId": 3174483479,
        "pieceIndex": 0,
        "lengthM": 73.28605289335853,
        "bearingDeg": 3.1505946628947186
      },
      "geometry": {
        "type": "LineString",
        "coordinates": [
          [
            -104.8184256,
            38.826381
          ],
          [
            -104.8183538,
            38.8264509
          ],
          [
            -104.8183295,
            38.8269388
          ],
          [
            -104.8183397,
            38.8269533
          ],
          [
            -104.8183812,
            38.8270094
          ]
        ]
      }
    },
    {
      "type": "Feature",
      "properties": {
        "osmWayId": 351710088,
        "kind": "road",
        "streetName": "East Las Animas Street",
        "startNodeId": 3575392026,
        "endNodeId": 11701937350,
        "pieceIndex": 0,
        "lengthM": 13.826856999277975,
        "bearingDeg": 92.11997835269528
      },
      "geometry": {
        "type": "LineString",
        "coordinates": [
          [
            -104.8204073,
            38.8239466
          ],
          [
            -104.8202478,
            38.823942
          ]
        ]
      }
    },
    {
      "type": "Feature",
      "properties": {
        "osmWayId": 351710088,
        "kind": "road",
        "streetName": "East Las Animas Street",
        "startNodeId": 11701937350,
        "endNodeId": 3575392025,
        "pieceIndex": 0,
        "lengthM": 147.55636793718475,
        "bearingDeg": 92.15449600349791
      },
      "geometry": {
        "type": "LineString",
        "coordinates": [
          [
            -104.8202478,
            38.823942
          ],
          [
            -104.819908,
            38.8239321
          ],
          [
            -104.8196945,
            38.8239259
          ],
          [
            -104.8195365,
            38.8239213
          ],
          [
            -104.8193082,
            38.8239147
          ],
          [
            -104.8186985,
            38.8238966
          ],
          [
            -104.8185457,
            38.8238921
          ]
        ]
      }
    },
    {
      "type": "Feature",
      "properties": {
        "osmWayId": 353232934,
        "kind": "road",
        "streetName": "Obyrne Court",
        "startNodeId": 3590105862,
        "endNodeId": 3590105863,
        "pieceIndex": 0,
        "lengthM": 69.14912489704369,
        "bearingDeg": 2.2328418379290156
      },
      "geometry": {
        "type": "LineString",
        "coordinates": [
          [
            -104.8154839,
            38.8255725
          ],
          [
            -104.8154528,
            38.8261939
          ]
        ]
      }
    },
    {
      "type": "Feature",
      "properties": {
        "osmWayId": 380557445,
        "kind": "footway",
        "streetName": null,
        "startNodeId": 3106395885,
        "endNodeId": 3106395834,
        "pieceIndex": 0,
        "lengthM": 47.86008431411162,
        "bearingDeg": 92.91635687491174
      },
      "geometry": {
        "type": "LineString",
        "coordinates": [
          [
            -104.827264,
            38.8299472
          ],
          [
            -104.8267122,
            38.8299253
          ]
        ]
      }
    },
    {
      "type": "Feature",
      "properties": {
        "osmWayId": 380557445,
        "kind": "footway",
        "streetName": null,
        "startNodeId": 3106395834,
        "endNodeId": 3106395937,
        "pieceIndex": 0,
        "lengthM": 55.51756132848306,
        "bearingDeg": 92.70906550581026
      },
      "geometry": {
        "type": "LineString",
        "coordinates": [
          [
            -104.8267122,
            38.8299253
          ],
          [
            -104.826072,
            38.8299017
          ]
        ]
      }
    },
    {
      "type": "Feature",
      "properties": {
        "osmWayId": 380557445,
        "kind": "footway",
        "streetName": null,
        "startNodeId": 3106395937,
        "endNodeId": 7160789454,
        "pieceIndex": 0,
        "lengthM": 24.36887708886669,
        "bearingDeg": 91.69952364483584
      },
      "geometry": {
        "type": "LineString",
        "coordinates": [
          [
            -104.826072,
            38.8299017
          ],
          [
            -104.8257908,
            38.8298952
          ]
        ]
      }
    },
    {
      "type": "Feature",
      "properties": {
        "osmWayId": 425689775,
        "kind": "road",
        "streetName": "South Wahsatch Avenue",
        "startNodeId": 55805908,
        "endNodeId": 3575392025,
        "pieceIndex": 0,
        "lengthM": 68.23768781470044,
        "bearingDeg": 182.2554745566023
      },
      "geometry": {
        "type": "LineString",
        "coordinates": [
          [
            -104.8185147,
            38.8245053
          ],
          [
            -104.8185457,
            38.8238921
          ]
        ]
      }
    },
    {
      "type": "Feature",
      "properties": {
        "osmWayId": 425689775,
        "kind": "road",
        "streetName": "South Wahsatch Avenue",
        "startNodeId": 3575392025,
        "endNodeId": 55806177,
        "pieceIndex": 0,
        "lengthM": 104.52625100311099,
        "bearingDeg": 182.25143253880836
      },
      "geometry": {
        "type": "LineString",
        "coordinates": [
          [
            -104.8185457,
            38.8238921
          ],
          [
            -104.8185615,
            38.8235797
          ],
          [
            -104.8185746,
            38.8233132
          ],
          [
            -104.8185931,
            38.8229528
          ]
        ]
      }
    },
    {
      "type": "Feature",
      "properties": {
        "osmWayId": 435900700,
        "kind": "footway",
        "streetName": null,
        "startNodeId": 4337927399,
        "endNodeId": 4337927409,
        "pieceIndex": 0,
        "lengthM": 23.34749649153051,
        "bearingDeg": 15.119993602003717
      },
      "geometry": {
        "type": "LineString",
        "coordinates": [
          [
            -104.8163515,
            38.8243816
          ],
          [
            -104.8162812,
            38.8245843
          ]
        ]
      }
    },
    {
      "type": "Feature",
      "properties": {
        "osmWayId": 435900700,
        "kind": "footway",
        "streetName": null,
        "startNodeId": 4337927409,
        "endNodeId": 4337944893,
        "pieceIndex": 0,
        "lengthM": 27.963884131499427,
        "bearingDeg": 15.10154110378204
      },
      "geometry": {
        "type": "LineString",
        "coordinates": [
          [
            -104.8162812,
            38.8245843
          ],
          [
            -104.8161971,
            38.8248271
          ]
        ]
      }
    },
    {
      "type": "Feature",
      "properties": {
        "osmWayId": 435900700,
        "kind": "footway",
        "streetName": null,
        "startNodeId": 4337944893,
        "endNodeId": 4337944894,
        "pieceIndex": 0,
        "lengthM": 28.277594492872907,
        "bearingDeg": 269.301647699202
      },
      "geometry": {
        "type": "LineString",
        "coordinates": [
          [
            -104.8161971,
            38.8248271
          ],
          [
            -104.8165235,
            38.824824
          ]
        ]
      }
    },
    {
      "type": "Feature",
      "properties": {
        "osmWayId": 435900701,
        "kind": "footway",
        "streetName": null,
        "startNodeId": 4337944896,
        "endNodeId": 4337944897,
        "pieceIndex": 0,
        "lengthM": 16.037455905699172,
        "bearingDeg": 93.4183892224093
      },
      "geometry": {
        "type": "LineString",
        "coordinates": [
          [
            -104.816153,
            38.824825
          ],
          [
            -104.8159682,
            38.8248164
          ]
        ]
      }
    },
    {
      "type": "Feature",
      "properties": {
        "osmWayId": 435900701,
        "kind": "footway",
        "streetName": null,
        "startNodeId": 4337944897,
        "endNodeId": 4337927400,
        "pieceIndex": 0,
        "lengthM": 24.307626101490932,
        "bearingDeg": 93.40921301119289
      },
      "geometry": {
        "type": "LineString",
        "coordinates": [
          [
            -104.8159682,
            38.8248164
          ],
          [
            -104.8156881,
            38.8248034
          ]
        ]
      }
    },
    {
      "type": "Feature",
      "properties": {
        "osmWayId": 435900701,
        "kind": "footway",
        "streetName": null,
        "startNodeId": 4337927400,
        "endNodeId": 4337927401,
        "pieceIndex": 0,
        "lengthM": 40.524224438992235,
        "bearingDeg": 91.14759836314909
      },
      "geometry": {
        "type": "LineString",
        "coordinates": [
          [
            -104.8156881,
            38.8248034
          ],
          [
            -104.8152204,
            38.8247961
          ]
        ]
      }
    },
    {
      "type": "Feature",
      "properties": {
        "osmWayId": 435900701,
        "kind": "footway",
        "streetName": null,
        "startNodeId": 4337927401,
        "endNodeId": 4337932403,
        "pieceIndex": 0,
        "lengthM": 66.45069424525431,
        "bearingDeg": 305.7410621646687
      },
      "geometry": {
        "type": "LineString",
        "coordinates": [
          [
            -104.8152204,
            38.8247961
          ],
          [
            -104.8152184,
            38.8250374
          ],
          [
            -104.8156754,
            38.8250512
          ]
        ]
      }
    },
    {
      "type": "Feature",
      "properties": {
        "osmWayId": 435900701,
        "kind": "footway",
        "streetName": null,
        "startNodeId": 4337932403,
        "endNodeId": 4337922901,
        "pieceIndex": 0,
        "lengthM": 29.232995531659185,
        "bearingDeg": 272.22364123937314
      },
      "geometry": {
        "type": "LineString",
        "coordinates": [
          [
            -104.8156754,
            38.8250512
          ],
          [
            -104.8160126,
            38.8250614
          ]
        ]
      }
    },
    {
      "type": "Feature",
      "properties": {
        "osmWayId": 435900701,
        "kind": "footway",
        "streetName": null,
        "startNodeId": 4337922901,
        "endNodeId": 4337944896,
        "pieceIndex": 0,
        "lengthM": 41.0479956762526,
        "bearingDeg": 204.82971724299458
      },
      "geometry": {
        "type": "LineString",
        "coordinates": [
          [
            -104.8160126,
            38.8250614
          ],
          [
            -104.816178,
            38.8250602
          ],
          [
            -104.8161632,
            38.8250322
          ],
          [
            -104.8161437,
            38.8249881
          ],
          [
            -104.8161432,
            38.8249351
          ],
          [
            -104.816153,
            38.824825
          ]
        ]
      }
    },
    {
      "type": "Feature",
      "properties": {
        "osmWayId": 435900702,
        "kind": "footway",
        "streetName": null,
        "startNodeId": 4337922901,
        "endNodeId": 4337944894,
        "pieceIndex": 0,
        "lengthM": 75.94930918998206,
        "bearingDeg": 331.4325386845851
      },
      "geometry": {
        "type": "LineString",
        "coordinates": [
          [
            -104.8160126,
            38.8250614
          ],
          [
            -104.8159855,
            38.8254842
          ],
          [
            -104.816307,
            38.8254951
          ],
          [
            -104.81630958330949,
            38.82548633177411
          ]
        ]
      }
    },
    {
      "type": "Feature",
      "properties": {
        "osmWayId": 435900702,
        "kind": "footway",
        "streetName": null,
        "startNodeId": 4337922901,
        "endNodeId": 4337944894,
        "pieceIndex": 1,
        "lengthM": 75.94930919019065,
        "bearingDeg": 194.12352344183782
      },
      "geometry": {
        "type": "LineString",
        "coordinates": [
          [
            -104.81630958330949,
            38.82548633177411
          ],
          [
            -104.8163552,
            38.8253315
          ],
          [
            -104.8164228,
            38.8251228
          ],
          [
            -104.8165235,
            38.824824
          ]
        ]
      }
    },
    {
      "type": "Feature",
      "properties": {
        "osmWayId": 435900702,
        "kind": "footway",
        "streetName": null,
        "startNodeId": 4337944894,
        "endNodeId": 4337927408,
        "pieceIndex": 0,
        "lengthM": 20.48823496530548,
        "bearingDeg": 194.97180323988752
      },
      "geometry": {
        "type": "LineString",
        "coordinates": [
          [
            -104.8165235,
            38.824824
          ],
          [
            -104.8165846,
            38.824646
          ]
        ]
      }
    },
    {
      "type": "Feature",
      "properties": {
        "osmWayId": 435900702,
        "kind": "footway",
        "streetName": null,
        "startNodeId": 4337927408,
        "endNodeId": 4337927410,
        "pieceIndex": 0,
        "lengthM": 27.85446750328417,
        "bearingDeg": 194.70132447948984
      },
      "geometry": {
        "type": "LineString",
        "coordinates": [
          [
            -104.8165846,
            38.824646
          ],
          [
            -104.8166662,
            38.8244037
          ]
        ]
      }
    },
    {
      "type": "Feature",
      "properties": {
        "osmWayId": 435900703,
        "kind": "footway",
        "streetName": null,
        "startNodeId": 4337927409,
        "endNodeId": 4337927408,
        "pieceIndex": 0,
        "lengthM": 27.1638003930364,
        "bearingDeg": 284.6296852667452
      },
      "geometry": {
        "type": "LineString",
        "coordinates": [
          [
            -104.8162812,
            38.8245843
          ],
          [
            -104.8165846,
            38.824646
          ]
        ]
      }
    },
    {
      "type": "Feature",
      "properties": {
        "osmWayId": 435900704,
        "kind": "footway",
        "streetName": null,
        "startNodeId": 4337944897,
        "endNodeId": 4337944898,
        "pieceIndex": 0,
        "lengthM": 50.0085190553678,
        "bearingDeg": 194.61205199642987
      },
      "geometry": {
        "type": "LineString",
        "coordinates": [
          [
            -104.8159682,
            38.8248164
          ],
          [
            -104.8160385,
            38.8246244
          ],
          [
            -104.8161138,
            38.8243813
          ]
        ]
      }
    },
    {
      "type": "Feature",
      "properties": {
        "osmWayId": 435900704,
        "kind": "footway",
        "streetName": null,
        "startNodeId": 4337944898,
        "endNodeId": 4337945790,
        "pieceIndex": 0,
        "lengthM": 27.429372690294905,
        "bearingDeg": 94.39410246344386
      },
      "geometry": {
        "type": "LineString",
        "coordinates": [
          [
            -104.8161138,
            38.8243813
          ],
          [
            -104.8157981,
            38.8243624
          ]
        ]
      }
    },
    {
      "type": "Feature",
      "properties": {
        "osmWayId": 435900704,
        "kind": "footway",
        "streetName": null,
        "startNodeId": 4337945790,
        "endNodeId": 4337927400,
        "pieceIndex": 0,
        "lengthM": 50.92903321669503,
        "bearingDeg": 10.996945707720784
      },
      "geometry": {
        "type": "LineString",
        "coordinates": [
          [
            -104.8157981,
            38.8243624
          ],
          [
            -104.8157797,
            38.8243924
          ],
          [
            -104.8157402,
            38.8244335
          ],
          [
            -104.8157254,
            38.8244639
          ],
          [
            -104.8157204,
            38.824567
          ],
          [
            -104.8156881,
            38.8248034
          ]
        ]
      }
    },
    {
      "type": "Feature",
      "properties": {
        "osmWayId": 435900704,
        "kind": "footway",
        "streetName": null,
        "startNodeId": 4337927400,
        "endNodeId": 4337932403,
        "pieceIndex": 0,
        "lengthM": 27.576096032423496,
        "bearingDeg": 2.286480567183503
      },
      "geometry": {
        "type": "LineString",
        "coordinates": [
          [
            -104.8156881,
            38.8248034
          ],
          [
            -104.8156754,
            38.8250512
          ]
        ]
      }
    },
    {
      "type": "Feature",
      "properties": {
        "osmWayId": 435900705,
        "kind": "footway",
        "streetName": null,
        "startNodeId": 4337944898,
        "endNodeId": 4337927399,
        "pieceIndex": 0,
        "lengthM": 20.591960099006492,
        "bearingDeg": 270.0928935674997
      },
      "geometry": {
        "type": "LineString",
        "coordinates": [
          [
            -104.8161138,
            38.8243813
          ],
          [
            -104.8162307,
            38.8243819
          ],
          [
            -104.8163515,
            38.8243816
          ]
        ]
      }
    },
    {
      "type": "Feature",
      "properties": {
        "osmWayId": 435900705,
        "kind": "footway",
        "streetName": null,
        "startNodeId": 4337927399,
        "endNodeId": 4337927410,
        "pieceIndex": 0,
        "lengthM": 27.372639173101085,
        "bearingDeg": 275.1508302867334
      },
      "geometry": {
        "type": "LineString",
        "coordinates": [
          [
            -104.8163515,
            38.8243816
          ],
          [
            -104.8166662,
            38.8244037
          ]
        ]
      }
    },
    {
      "type": "Feature",
      "properties": {
        "osmWayId": 435900706,
        "kind": "footway",
        "streetName": null,
        "startNodeId": 4337922902,
        "endNodeId": 4337927412,
        "pieceIndex": 0,
        "lengthM": 126.21217837683065,
        "bearingDeg": 73.7210860733972
      },
      "geometry": {
        "type": "LineString",
        "coordinates": [
          [
            -104.8155549,
            38.8243539
          ],
          [
            -104.815538,
            38.8246431
          ],
          [
            -104.8144538,
            38.8246044
          ]
        ]
      }
    },
    {
      "type": "Feature",
      "properties": {
        "osmWayId": 435900707,
        "kind": "footway",
        "streetName": null,
        "startNodeId": 4337932404,
        "endNodeId": 4337937294,
        "pieceIndex": 0,
        "lengthM": 46.01380991309495,
        "bearingDeg": 114.51229899699399
      },
      "geometry": {
        "type": "LineString",
        "coordinates": [
          [
            -104.8142969,
            38.8245966
          ],
          [
            -104.8139356,
            38.8245847
          ],
          [
            -104.8139294,
            38.8245561
          ],
          [
            -104.8139254,
            38.8245141
          ],
          [
            -104.8139129,
            38.8244866
          ],
          [
            -104.8139014,
            38.8244561
          ]
        ]
      }
    },
    {
      "type": "Feature",
      "properties": {
        "osmWayId": 435900708,
        "kind": "footway",
        "streetName": null,
        "startNodeId": 4337945791,
        "endNodeId": 4337932404,
        "pieceIndex": 0,
        "lengthM": 32.71231357610306,
        "bearingDeg": 2.944867581320864
      },
      "geometry": {
        "type": "LineString",
        "coordinates": [
          [
            -104.8143163,
            38.8243028
          ],
          [
            -104.8142969,
            38.8245966
          ]
        ]
      }
    },
    {
      "type": "Feature",
      "properties": {
        "osmWayId": 435900709,
        "kind": "footway",
        "streetName": null,
        "startNodeId": 4337944793,
        "endNodeId": 4337922905,
        "pieceIndex": 0,
        "lengthM": 66.84761267815,
        "bearingDeg": 286.23631279531776
      },
      "geometry": {
        "type": "LineString",
        "coordinates": [
          [
            -104.8141188,
            38.8247704
          ],
          [
            -104.8141186,
            38.8248377
          ],
          [
            -104.8141305,
            38.8248807
          ],
          [
            -104.8141685,
            38.8248948
          ],
          [
            -104.8142023,
            38.8248992
          ],
          [
            -104.8147544,
            38.8249146
          ]
        ]
      }
    },
    {
      "type": "Feature",
      "properties": {
        "osmWayId": 435900709,
        "kind": "footway",
        "streetName": null,
        "startNodeId": 4337922905,
        "endNodeId": 4337944992,
        "pieceIndex": 0,
        "lengthM": 15.73901616557866,
        "bearingDeg": 178.73300290325608
      },
      "geometry": {
        "type": "LineString",
        "coordinates": [
          [
            -104.8147544,
            38.8249146
          ],
          [
            -104.8147458,
            38.8248763
          ],
          [
            -104.8147504,
            38.8247737
          ]
        ]
      }
    },
    {
      "type": "Feature",
      "properties": {
        "osmWayId": 435900709,
        "kind": "footway",
        "streetName": null,
        "startNodeId": 4337944992,
        "endNodeId": 4337944793,
        "pieceIndex": 0,
        "lengthM": 54.8357732859423,
        "bearingDeg": 90.38405136409335
      },
      "geometry": {
        "type": "LineString",
        "coordinates": [
          [
            -104.8147504,
            38.8247737
          ],
          [
            -104.814327,
            38.8247636
          ],
          [
            -104.8142799,
            38.8247719
          ],
          [
            -104.8141188,
            38.8247704
          ]
        ]
      }
    },
    {
      "type": "Feature",
      "properties": {
        "osmWayId": 435900710,
        "kind": "footway",
        "streetName": null,
        "startNodeId": 4337922905,
        "endNodeId": 4337944794,
        "pieceIndex": 0,
        "lengthM": 28.804896763485367,
        "bearingDeg": 301.5542199314285
      },
      "geometry": {
        "type": "LineString",
        "coordinates": [
          [
            -104.8147544,
            38.8249146
          ],
          [
            -104.8147679,
            38.8249649
          ],
          [
            -104.8147886,
            38.825006
          ],
          [
            -104.8148246,
            38.825021
          ],
          [
            -104.8149018,
            38.8250282
          ],
          [
            -104.8149931,
            38.8250288
          ]
        ]
      }
    },
    {
      "type": "Feature",
      "properties": {
        "osmWayId": 435900711,
        "kind": "footway",
        "streetName": null,
        "startNodeId": 4337922909,
        "endNodeId": 4337944794,
        "pieceIndex": 0,
        "lengthM": 8.817837947106796,
        "bearingDeg": 179.77484560153846
      },
      "geometry": {
        "type": "LineString",
        "coordinates": [
          [
            -104.8149935,
            38.8251081
          ],
          [
            -104.8149931,
            38.8250288
          ]
        ]
      }
    },
    {
      "type": "Feature",
      "properties": {
        "osmWayId": 435900711,
        "kind": "footway",
        "streetName": null,
        "startNodeId": 4337944794,
        "endNodeId": 4337944795,
        "pieceIndex": 0,
        "lengthM": 25.908808264083824,
        "bearingDeg": 181.7052558333629
      },
      "geometry": {
        "type": "LineString",
        "coordinates": [
          [
            -104.8149931,
            38.8250288
          ],
          [
            -104.815002,
            38.8247959
          ]
        ]
      }
    },
    {
      "type": "Feature",
      "properties": {
        "osmWayId": 435900712,
        "kind": "footway",
        "streetName": null,
        "startNodeId": 4337927401,
        "endNodeId": 4337944795,
        "pieceIndex": 0,
        "lengthM": 18.91965260813727,
        "bearingDeg": 90.06727960612432
      },
      "geometry": {
        "type": "LineString",
        "coordinates": [
          [
            -104.8152204,
            38.8247961
          ],
          [
            -104.8151179,
            38.824796
          ],
          [
            -104.815002,
            38.8247959
          ]
        ]
      }
    },
    {
      "type": "Feature",
      "properties": {
        "osmWayId": 435900712,
        "kind": "footway",
        "streetName": null,
        "startNodeId": 4337944795,
        "endNodeId": 4337944992,
        "pieceIndex": 0,
        "lengthM": 21.937694577797842,
        "bearingDeg": 96.4615729278309
      },
      "geometry": {
        "type": "LineString",
        "coordinates": [
          [
            -104.815002,
            38.8247959
          ],
          [
            -104.8148283,
            38.824782
          ],
          [
            -104.8147504,
            38.8247737
          ]
        ]
      }
    },
    {
      "type": "Feature",
      "properties": {
        "osmWayId": 637966646,
        "kind": "footway",
        "streetName": null,
        "startNodeId": 6013478756,
        "endNodeId": 6013478887,
        "pieceIndex": 0,
        "lengthM": 142.8163519813666,
        "bearingDeg": 182.45059892913568
      },
      "geometry": {
        "type": "LineString",
        "coordinates": [
          [
            -104.8255755,
            38.8339536
          ],
          [
            -104.8255763,
            38.8338953
          ],
          [
            -104.8255776,
            38.833872
          ],
          [
            -104.82558,
            38.8338071
          ],
          [
            -104.8255884,
            38.8335945
          ],
          [
            -104.8256005,
            38.8332883
          ],
          [
            -104.8256025,
            38.833239
          ],
          [
            -104.8256353,
            38.8326877
          ],
          [
            -104.8256459,
            38.8326722
          ]
        ]
      }
    },
    {
      "type": "Feature",
      "properties": {
        "osmWayId": 637966648,
        "kind": "footway",
        "streetName": null,
        "startNodeId": 6013478760,
        "endNodeId": 6013478762,
        "pieceIndex": 0,
        "lengthM": 131.67035361749615,
        "bearingDeg": 2.6091546989416656
      },
      "geometry": {
        "type": "LineString",
        "coordinates": [
          [
            -104.8251975,
            38.8326543
          ],
          [
            -104.8251304,
            38.833777
          ],
          [
            -104.8251283,
            38.8338372
          ]
        ]
      }
    },
    {
      "type": "Feature",
      "properties": {
        "osmWayId": 637966656,
        "kind": "footway",
        "streetName": null,
        "startNodeId": 6013478887,
        "endNodeId": 3136287719,
        "pieceIndex": 0,
        "lengthM": 126.28509485092793,
        "bearingDeg": 272.0188415227124
      },
      "geometry": {
        "type": "LineString",
        "coordinates": [
          [
            -104.8256459,
            38.8326722
          ],
          [
            -104.8256739,
            38.8326618
          ],
          [
            -104.8261586,
            38.8326741
          ],
          [
            -104.8270993,
            38.8327121
          ]
        ]
      }
    },
    {
      "type": "Feature",
      "properties": {
        "osmWayId": 637966665,
        "kind": "footway",
        "streetName": null,
        "startNodeId": 6013478778,
        "endNodeId": 6013478779,
        "pieceIndex": 0,
        "lengthM": 127.45253590401057,
        "bearingDeg": 92.8449864299426
      },
      "geometry": {
        "type": "LineString",
        "coordinates": [
          [
            -104.8271033,
            38.8324746
          ],
          [
            -104.8264408,
            38.832449
          ],
          [
            -104.8259758,
            38.832431
          ],
          [
            -104.8256337,
            38.8324177
          ]
        ]
      }
    },
    {
      "type": "Feature",
      "properties": {
        "osmWayId": 637966671,
        "kind": "footway",
        "streetName": null,
        "startNodeId": 6013478888,
        "endNodeId": 3106395831,
        "pieceIndex": 0,
        "lengthM": 112.05434941790571,
        "bearingDeg": 183.1551023629159
      },
      "geometry": {
        "type": "LineString",
        "coordinates": [
          [
            -104.8252141,
            38.8323964
          ],
          [
            -104.825282,
            38.8314385
          ],
          [
            -104.8252853,
            38.8313902
          ]
        ]
      }
    },
    {
      "type": "Feature",
      "properties": {
        "osmWayId": 637966673,
        "kind": "footway",
        "streetName": null,
        "startNodeId": 6013478889,
        "endNodeId": 6013478890,
        "pieceIndex": 0,
        "lengthM": 138.92257495565985,
        "bearingDeg": 1.8187161651458723
      },
      "geometry": {
        "type": "LineString",
        "coordinates": [
          [
            -104.823826,
            38.8311079
          ],
          [
            -104.8238148,
            38.8315093
          ],
          [
            -104.8237751,
            38.8323566
          ]
        ]
      }
    },
    {
      "type": "Feature",
      "properties": {
        "osmWayId": 637966675,
        "kind": "footway",
        "streetName": null,
        "startNodeId": 6013478888,
        "endNodeId": 6013478890,
        "pieceIndex": 0,
        "lengthM": 124.75504770922657,
        "bearingDeg": 92.03300171029764
      },
      "geometry": {
        "type": "LineString",
        "coordinates": [
          [
            -104.8252141,
            38.8323964
          ],
          [
            -104.8246438,
            38.8323726
          ],
          [
            -104.8245057,
            38.8323755
          ],
          [
            -104.8237751,
            38.8323566
          ]
        ]
      }
    },
    {
      "type": "Feature",
      "properties": {
        "osmWayId": 637966677,
        "kind": "footway",
        "streetName": null,
        "startNodeId": 6013478760,
        "endNodeId": 6015613300,
        "pieceIndex": 0,
        "lengthM": 124.75798696661839,
        "bearingDeg": 92.14486211070698
      },
      "geometry": {
        "type": "LineString",
        "coordinates": [
          [
            -104.8251975,
            38.8326543
          ],
          [
            -104.8244852,
            38.8326331
          ],
          [
            -104.8237582,
            38.8326123
          ]
        ]
      }
    },
    {
      "type": "Feature",
      "properties": {
        "osmWayId": 637966679,
        "kind": "footway",
        "streetName": null,
        "startNodeId": 6013478765,
        "endNodeId": 6015613300,
        "pieceIndex": 0,
        "lengthM": 126.6667715666229,
        "bearingDeg": 182.32406055980124
      },
      "geometry": {
        "type": "LineString",
        "coordinates": [
          [
            -104.8236989,
            38.8337505
          ],
          [
            -104.8237258,
            38.8332015
          ],
          [
            -104.8237314,
            38.833099
          ],
          [
            -104.8237582,
            38.8326123
          ]
        ]
      }
    },
    {
      "type": "Feature",
      "properties": {
        "osmWayId": 638258157,
        "kind": "footway",
        "streetName": null,
        "startNodeId": 6015613302,
        "endNodeId": 6716865350,
        "pieceIndex": 0,
        "lengthM": 133.00754508605687,
        "bearingDeg": 272.3824233594743
      },
      "geometry": {
        "type": "LineString",
        "coordinates": [
          [
            -104.8220133,
            38.8322998
          ],
          [
            -104.8227363,
            38.8323295
          ],
          [
            -104.8228417,
            38.8323315
          ],
          [
            -104.8234599,
            38.8323528
          ],
          [
            -104.8235471,
            38.8323495
          ]
        ]
      }
    },
    {
      "type": "Feature",
      "properties": {
        "osmWayId": 638258158,
        "kind": "footway",
        "streetName": null,
        "startNodeId": 6716865350,
        "endNodeId": 6015613299,
        "pieceIndex": 0,
        "lengthM": 139.21010915003436,
        "bearingDeg": 183.4316926768335
      },
      "geometry": {
        "type": "LineString",
        "coordinates": [
          [
            -104.8235471,
            38.8323495
          ],
          [
            -104.8236433,
            38.8310998
          ]
        ]
      }
    },
    {
      "type": "Feature",
      "properties": {
        "osmWayId": 638258158,
        "kind": "footway",
        "streetName": null,
        "startNodeId": 6015613299,
        "endNodeId": 12328218593,
        "pieceIndex": 0,
        "lengthM": 8.011147130178955,
        "bearingDeg": 182.04482556743258
      },
      "geometry": {
        "type": "LineString",
        "coordinates": [
          [
            -104.8236433,
            38.8310998
          ],
          [
            -104.8236466,
            38.8310278
          ]
        ]
      }
    },
    {
      "type": "Feature",
      "properties": {
        "osmWayId": 638258158,
        "kind": "footway",
        "streetName": null,
        "startNodeId": 12328218593,
        "endNodeId": 1973263858,
        "pieceIndex": 0,
        "lengthM": 15.79287736890982,
        "bearingDeg": 122.16621321409997
      },
      "geometry": {
        "type": "LineString",
        "coordinates": [
          [
            -104.8236466,
            38.8310278
          ],
          [
            -104.8236489,
            38.8309766
          ],
          [
            -104.8235325,
            38.8309719
          ]
        ]
      }
    },
    {
      "type": "Feature",
      "properties": {
        "osmWayId": 638258161,
        "kind": "footway",
        "streetName": null,
        "startNodeId": 7967144397,
        "endNodeId": 6015613301,
        "pieceIndex": 0,
        "lengthM": 124.89166899070352,
        "bearingDeg": 92.18850764612779
      },
      "geometry": {
        "type": "LineString",
        "coordinates": [
          [
            -104.8234426,
            38.8326027
          ],
          [
            -104.8227227,
            38.8325811
          ],
          [
            -104.8220018,
            38.8325598
          ]
        ]
      }
    },
    {
      "type": "Feature",
      "properties": {
        "osmWayId": 641324461,
        "kind": "footway",
        "streetName": null,
        "startNodeId": 3106395899,
        "endNodeId": 3106396048,
        "pieceIndex": 0,
        "lengthM": 76.20339948875174,
        "bearingDeg": 1.2445923462951214
      },
      "geometry": {
        "type": "LineString",
        "coordinates": [
          [
            -104.8253452,
            38.8299042
          ],
          [
            -104.8253604,
            38.8299276
          ],
          [
            -104.82532618112678,
            38.83058614806511
          ]
        ]
      }
    },
    {
      "type": "Feature",
      "properties": {
        "osmWayId": 641324461,
        "kind": "footway",
        "streetName": null,
        "startNodeId": 3106395899,
        "endNodeId": 3106396048,
        "pieceIndex": 1,
        "lengthM": 76.20339948936693,
        "bearingDeg": 2.31796663750265
      },
      "geometry": {
        "type": "LineString",
        "coordinates": [
          [
            -104.82532618112678,
            38.83058614806511
          ],
          [
            -104.8252906,
            38.8312709
          ]
        ]
      }
    },
    {
      "type": "Feature",
      "properties": {
        "osmWayId": 641324461,
        "kind": "footway",
        "streetName": null,
        "startNodeId": 3106396048,
        "endNodeId": 3106395831,
        "pieceIndex": 0,
        "lengthM": 13.273514643821665,
        "bearingDeg": 1.9820709146989088
      },
      "geometry": {
        "type": "LineString",
        "coordinates": [
          [
            -104.8252906,
            38.8312709
          ],
          [
            -104.8252853,
            38.8313902
          ]
        ]
      }
    },
    {
      "type": "Feature",
      "properties": {
        "osmWayId": 641324469,
        "kind": "footway",
        "streetName": null,
        "startNodeId": 6039982348,
        "endNodeId": 13540184524,
        "pieceIndex": 0,
        "lengthM": 17.551650755407238,
        "bearingDeg": 182.46087954971006
      },
      "geometry": {
        "type": "LineString",
        "coordinates": [
          [
            -104.821725,
            38.8294316
          ],
          [
            -104.8217337,
            38.8292739
          ]
        ]
      }
    },
    {
      "type": "Feature",
      "properties": {
        "osmWayId": 641324470,
        "kind": "footway",
        "streetName": null,
        "startNodeId": 6039982348,
        "endNodeId": 13540184525,
        "pieceIndex": 0,
        "lengthM": 17.359896361432284,
        "bearingDeg": 90.51373816021129
      },
      "geometry": {
        "type": "LineString",
        "coordinates": [
          [
            -104.821725,
            38.8294316
          ],
          [
            -104.8215246,
            38.8294302
          ]
        ]
      }
    },
    {
      "type": "Feature",
      "properties": {
        "osmWayId": 641324471,
        "kind": "footway",
        "streetName": null,
        "startNodeId": 6039982346,
        "endNodeId": 11879885965,
        "pieceIndex": 0,
        "lengthM": 125.2951343509541,
        "bearingDeg": 272.65057936792437
      },
      "geometry": {
        "type": "LineString",
        "coordinates": [
          [
            -104.822156,
            38.8294474
          ],
          [
            -104.8236009,
            38.8294995
          ]
        ]
      }
    },
    {
      "type": "Feature",
      "properties": {
        "osmWayId": 641324472,
        "kind": "footway",
        "streetName": null,
        "startNodeId": 6039982351,
        "endNodeId": 6039982352,
        "pieceIndex": 0,
        "lengthM": 141.83351169989092,
        "bearingDeg": 137.0939729764002
      },
      "geometry": {
        "type": "LineString",
        "coordinates": [
          [
            -104.821738,
            38.8291972
          ],
          [
            -104.8211232,
            38.828682
          ],
          [
            -104.8206233,
            38.8282629
          ]
        ]
      }
    },
    {
      "type": "Feature",
      "properties": {
        "osmWayId": 641324473,
        "kind": "footway",
        "streetName": null,
        "startNodeId": 6039982349,
        "endNodeId": 6039982353,
        "pieceIndex": 0,
        "lengthM": 93.41061849559202,
        "bearingDeg": 182.59378189070065
      },
      "geometry": {
        "type": "LineString",
        "coordinates": [
          [
            -104.8217413,
            38.829137
          ],
          [
            -104.8217742,
            38.8285683
          ],
          [
            -104.8217844,
            38.8283936
          ],
          [
            -104.8217901,
            38.8282978
          ]
        ]
      }
    },
    {
      "type": "Feature",
      "properties": {
        "osmWayId": 641324474,
        "kind": "footway",
        "streetName": null,
        "startNodeId": 6039982353,
        "endNodeId": 6039982352,
        "pieceIndex": 0,
        "lengthM": 101.14752675731515,
        "bearingDeg": 92.19843037746648
      },
      "geometry": {
        "type": "LineString",
        "coordinates": [
          [
            -104.8217901,
            38.8282978
          ],
          [
            -104.8212909,
            38.8282829
          ],
          [
            -104.8206233,
            38.8282629
          ]
        ]
      }
    },
    {
      "type": "Feature",
      "properties": {
        "osmWayId": 641324475,
        "kind": "footway",
        "streetName": null,
        "startNodeId": 6039982350,
        "endNodeId": 5932100644,
        "pieceIndex": 0,
        "lengthM": 144.52890669877868,
        "bearingDeg": 138.27358825002455
      },
      "geometry": {
        "type": "LineString",
        "coordinates": [
          [
            -104.821403,
            38.8294293
          ],
          [
            -104.8213235,
            38.8292592
          ],
          [
            -104.8212692,
            38.8292219
          ],
          [
            -104.8203053,
            38.8284704
          ]
        ]
      }
    },
    {
      "type": "Feature",
      "properties": {
        "osmWayId": 641324476,
        "kind": "footway",
        "streetName": null,
        "startNodeId": 6039982346,
        "endNodeId": 3171796795,
        "pieceIndex": 0,
        "lengthM": 124.48179865891018,
        "bearingDeg": 182.52863268583394
      },
      "geometry": {
        "type": "LineString",
        "coordinates": [
          [
            -104.822156,
            38.8294474
          ],
          [
            -104.8221858,
            38.828918
          ],
          [
            -104.8221994,
            38.8286761
          ],
          [
            -104.8222194,
            38.828329
          ]
        ]
      }
    },
    {
      "type": "Feature",
      "properties": {
        "osmWayId": 641324478,
        "kind": "footway",
        "streetName": null,
        "startNodeId": 6039982354,
        "endNodeId": 3171796795,
        "pieceIndex": 0,
        "lengthM": 125.57097206668094,
        "bearingDeg": 91.79082960835717
      },
      "geometry": {
        "type": "LineString",
        "coordinates": [
          [
            -104.8236683,
            38.8283643
          ],
          [
            -104.8232876,
            38.828355
          ],
          [
            -104.8229418,
            38.8283466
          ],
          [
            -104.8222194,
            38.828329
          ]
        ]
      }
    },
    {
      "type": "Feature",
      "properties": {
        "osmWayId": 641324479,
        "kind": "footway",
        "streetName": null,
        "startNodeId": 11879885965,
        "endNodeId": 6039982354,
        "pieceIndex": 0,
        "lengthM": 126.36364498933517,
        "bearingDeg": 182.6482173198896
      },
      "geometry": {
        "type": "LineString",
        "coordinates": [
          [
            -104.8236009,
            38.8294995
          ],
          [
            -104.8236194,
            38.8291805
          ],
          [
            -104.8236407,
            38.8288233
          ],
          [
            -104.8236542,
            38.8285956
          ],
          [
            -104.8236683,
            38.8283643
          ]
        ]
      }
    },
    {
      "type": "Feature",
      "properties": {
        "osmWayId": 641324480,
        "kind": "footway",
        "streetName": null,
        "startNodeId": 6039982350,
        "endNodeId": 6039982355,
        "pieceIndex": 0,
        "lengthM": 100.04144551356109,
        "bearingDeg": 92.47798387193836
      },
      "geometry": {
        "type": "LineString",
        "coordinates": [
          [
            -104.821403,
            38.8294293
          ],
          [
            -104.8211453,
            38.829415
          ],
          [
            -104.8202865,
            38.8293914
          ],
          [
            -104.8202493,
            38.8293904
          ]
        ]
      }
    },
    {
      "type": "Feature",
      "properties": {
        "osmWayId": 641324481,
        "kind": "footway",
        "streetName": null,
        "startNodeId": 6039982355,
        "endNodeId": 5932100644,
        "pieceIndex": 0,
        "lengthM": 102.4144358645396,
        "bearingDeg": 182.71487524875315
      },
      "geometry": {
        "type": "LineString",
        "coordinates": [
          [
            -104.8202493,
            38.8293904
          ],
          [
            -104.8202641,
            38.829143
          ],
          [
            -104.8202767,
            38.8289357
          ],
          [
            -104.8203053,
            38.8284704
          ]
        ]
      }
    },
    {
      "type": "Feature",
      "properties": {
        "osmWayId": 641324482,
        "kind": "footway",
        "streetName": null,
        "startNodeId": 6039982347,
        "endNodeId": 10009877677,
        "pieceIndex": 0,
        "lengthM": 126.56760106674074,
        "bearingDeg": 2.127039640614612
      },
      "geometry": {
        "type": "LineString",
        "coordinates": [
          [
            -104.8217007,
            38.82978
          ],
          [
            -104.8216835,
            38.8300424
          ],
          [
            -104.8216698,
            38.8302604
          ],
          [
            -104.8216791,
            38.8304684
          ],
          [
            -104.8216711,
            38.8305733
          ],
          [
            -104.8216605,
            38.8307201
          ],
          [
            -104.8216465,
            38.8309168
          ]
        ]
      }
    },
    {
      "type": "Feature",
      "properties": {
        "osmWayId": 641324484,
        "kind": "footway",
        "streetName": null,
        "startNodeId": 6039982347,
        "endNodeId": 3168070579,
        "pieceIndex": 0,
        "lengthM": 124.59833216776934,
        "bearingDeg": 91.52347370168133
      },
      "geometry": {
        "type": "LineString",
        "coordinates": [
          [
            -104.8217007,
            38.82978
          ],
          [
            -104.8209634,
            38.8297647
          ],
          [
            -104.8206526,
            38.8297583
          ],
          [
            -104.8202628,
            38.8297502
          ]
        ]
      }
    },
    {
      "type": "Feature",
      "properties": {
        "osmWayId": 641324486,
        "kind": "footway",
        "streetName": null,
        "startNodeId": 6015613302,
        "endNodeId": 9650290069,
        "pieceIndex": 0,
        "lengthM": 134.9613340939711,
        "bearingDeg": 182.06352124427227
      },
      "geometry": {
        "type": "LineString",
        "coordinates": [
          [
            -104.8220133,
            38.8322998
          ],
          [
            -104.8220311,
            38.8317673
          ],
          [
            -104.8220644,
            38.8311818
          ],
          [
            -104.8220694,
            38.8310869
          ]
        ]
      }
    },
    {
      "type": "Feature",
      "properties": {
        "osmWayId": 641324487,
        "kind": "footway",
        "streetName": null,
        "startNodeId": 6039982357,
        "endNodeId": 6039982358,
        "pieceIndex": 0,
        "lengthM": 126.97036696809984,
        "bearingDeg": 181.96259418589867
      },
      "geometry": {
        "type": "LineString",
        "coordinates": [
          [
            -104.8215788,
            38.8323025
          ],
          [
            -104.8215898,
            38.8320386
          ],
          [
            -104.8216002,
            38.8318063
          ],
          [
            -104.821629,
            38.8311613
          ]
        ]
      }
    },
    {
      "type": "Feature",
      "properties": {
        "osmWayId": 641324490,
        "kind": "footway",
        "streetName": null,
        "startNodeId": 6039982357,
        "endNodeId": 6039982359,
        "pieceIndex": 0,
        "lengthM": 128.29998942216733,
        "bearingDeg": 91.98622452479526
      },
      "geometry": {
        "type": "LineString",
        "coordinates": [
          [
            -104.8215788,
            38.8323025
          ],
          [
            -104.8214108,
            38.8322971
          ],
          [
            -104.8208333,
            38.8322819
          ],
          [
            -104.8200985,
            38.8322625
          ]
        ]
      }
    },
    {
      "type": "Feature",
      "properties": {
        "osmWayId": 641324491,
        "kind": "footway",
        "streetName": null,
        "startNodeId": 6039982359,
        "endNodeId": 6039982360,
        "pieceIndex": 0,
        "lengthM": 127.98323145910975,
        "bearingDeg": 183.22104474118964
      },
      "geometry": {
        "type": "LineString",
        "coordinates": [
          [
            -104.8200985,
            38.8322625
          ],
          [
            -104.8200995,
            38.832235
          ],
          [
            -104.8201116,
            38.8320181
          ],
          [
            -104.8201207,
            38.8318561
          ],
          [
            -104.8201246,
            38.8317868
          ],
          [
            -104.8201442,
            38.831435
          ],
          [
            -104.8201815,
            38.8311136
          ]
        ]
      }
    },
    {
      "type": "Feature",
      "properties": {
        "osmWayId": 641324492,
        "kind": "footway",
        "streetName": null,
        "startNodeId": 6039982360,
        "endNodeId": 6039982358,
        "pieceIndex": 0,
        "lengthM": 125.50051072844357,
        "bearingDeg": 272.422752092007
      },
      "geometry": {
        "type": "LineString",
        "coordinates": [
          [
            -104.8201815,
            38.8311136
          ],
          [
            -104.8209033,
            38.8311387
          ],
          [
            -104.8210752,
            38.8311419
          ],
          [
            -104.8213515,
            38.8311536
          ],
          [
            -104.821629,
            38.8311613
          ]
        ]
      }
    },
    {
      "type": "Feature",
      "properties": {
        "osmWayId": 641324494,
        "kind": "footway",
        "streetName": null,
        "startNodeId": 10009877677,
        "endNodeId": 6039982361,
        "pieceIndex": 0,
        "lengthM": 125.59551261345729,
        "bearingDeg": 92.3359271235995
      },
      "geometry": {
        "type": "LineString",
        "coordinates": [
          [
            -104.8216465,
            38.8309168
          ],
          [
            -104.8216329,
            38.8309211
          ],
          [
            -104.8215258,
            38.8309155
          ],
          [
            -104.8212475,
            38.8309043
          ],
          [
            -104.8209112,
            38.8308907
          ],
          [
            -104.8204298,
            38.8308801
          ],
          [
            -104.8201992,
            38.8308708
          ]
        ]
      }
    },
    {
      "type": "Feature",
      "properties": {
        "osmWayId": 641324495,
        "kind": "footway",
        "streetName": null,
        "startNodeId": 6039982361,
        "endNodeId": 3168070579,
        "pieceIndex": 0,
        "lengthM": 127.37566879400454,
        "bearingDeg": 182.53157511461848
      },
      "geometry": {
        "type": "LineString",
        "coordinates": [
          [
            -104.8201992,
            38.8308708
          ],
          [
            -104.8202081,
            38.830606
          ],
          [
            -104.8202084,
            38.8300981
          ],
          [
            -104.8202245,
            38.829756
          ],
          [
            -104.8202628,
            38.8297502
          ]
        ]
      }
    },
    {
      "type": "Feature",
      "properties": {
        "osmWayId": 641623828,
        "kind": "road",
        "streetName": "East Colorado Avenue",
        "startNodeId": 12863767245,
        "endNodeId": 55799152,
        "pieceIndex": 0,
        "lengthM": 102.89063512093085,
        "bearingDeg": 272.52134273435536
      },
      "geometry": {
        "type": "LineString",
        "coordinates": [
          [
            -104.8224411,
            38.832435
          ],
          [
            -104.82273,
            38.8324442
          ],
          [
            -104.8228362,
            38.8324477
          ],
          [
            -104.8234546,
            38.8324697
          ],
          [
            -104.8236278,
            38.8324757
          ]
        ]
      }
    },
    {
      "type": "Feature",
      "properties": {
        "osmWayId": 641623829,
        "kind": "road",
        "streetName": "South Tejon Street",
        "startNodeId": 55799152,
        "endNodeId": 3106396055,
        "pieceIndex": 0,
        "lengthM": 80.84488727192375,
        "bearingDeg": 183.8640439178429
      },
      "geometry": {
        "type": "LineString",
        "coordinates": [
          [
            -104.8236278,
            38.8324757
          ],
          [
            -104.8236398,
            38.8323487
          ],
          [
            -104.82369069603189,
            38.83175030101656
          ]
        ]
      }
    },
    {
      "type": "Feature",
      "properties": {
        "osmWayId": 641623829,
        "kind": "road",
        "streetName": "South Tejon Street",
        "startNodeId": 55799152,
        "endNodeId": 3106396055,
        "pieceIndex": 1,
        "lengthM": 80.84488727134053,
        "bearingDeg": 182.65347763309757
      },
      "geometry": {
        "type": "LineString",
        "coordinates": [
          [
            -104.82369069603189,
            38.83175030101656
          ],
          [
            -104.8237115,
            38.8315057
          ],
          [
            -104.8237297,
            38.8311033
          ],
          [
            -104.8237339,
            38.8310241
          ]
        ]
      }
    },
    {
      "type": "Feature",
      "properties": {
        "osmWayId": 641623830,
        "kind": "road",
        "streetName": "South Tejon Street",
        "startNodeId": 8398307947,
        "endNodeId": 1973263887,
        "pieceIndex": 0,
        "lengthM": 76.6642741695693,
        "bearingDeg": 180.73156223960083
      },
      "geometry": {
        "type": "LineString",
        "coordinates": [
          [
            -104.8237448,
            38.8303319
          ],
          [
            -104.8237534,
            38.8298543
          ],
          [
            -104.8237561,
            38.8296425
          ]
        ]
      }
    },
    {
      "type": "Feature",
      "properties": {
        "osmWayId": 641623831,
        "kind": "road",
        "streetName": "East Costilla Street",
        "startNodeId": 55768007,
        "endNodeId": 1973263719,
        "pieceIndex": 0,
        "lengthM": 149.06447407298174,
        "bearingDeg": 92.32515312254498
      },
      "geometry": {
        "type": "LineString",
        "coordinates": [
          [
            -104.8238323,
            38.8282455
          ],
          [
            -104.8236751,
            38.8282405
          ],
          [
            -104.8232952,
            38.8282285
          ],
          [
            -104.823208,
            38.8282257
          ],
          [
            -104.8229488,
            38.8282175
          ],
          [
            -104.8224127,
            38.8282006
          ],
          [
            -104.8222301,
            38.8281948
          ],
          [
            -104.8221129,
            38.8281911
          ]
        ]
      }
    },
    {
      "type": "Feature",
      "properties": {
        "osmWayId": 641623831,
        "kind": "road",
        "streetName": "East Costilla Street",
        "startNodeId": 1973263719,
        "endNodeId": 55768009,
        "pieceIndex": 0,
        "lengthM": 19.49778598019851,
        "bearingDeg": 92.32052794802689
      },
      "geometry": {
        "type": "LineString",
        "coordinates": [
          [
            -104.8221129,
            38.8281911
          ],
          [
            -104.821888,
            38.828184
          ]
        ]
      }
    },
    {
      "type": "Feature",
      "properties": {
        "osmWayId": 641623831,
        "kind": "road",
        "streetName": "East Costilla Street",
        "startNodeId": 55768009,
        "endNodeId": 1973263760,
        "pieceIndex": 0,
        "lengthM": 115.39147899291993,
        "bearingDeg": 92.31912562652383
      },
      "geometry": {
        "type": "LineString",
        "coordinates": [
          [
            -104.821888,
            38.828184
          ],
          [
            -104.8217847,
            38.8281808
          ],
          [
            -104.8216341,
            38.828176
          ],
          [
            -104.8212972,
            38.8281654
          ],
          [
            -104.8210637,
            38.828158
          ],
          [
            -104.820557,
            38.828142
          ]
        ]
      }
    },
    {
      "type": "Feature",
      "properties": {
        "osmWayId": 641623832,
        "kind": "road",
        "streetName": "South Tejon Street",
        "startNodeId": 55768007,
        "endNodeId": 55799158,
        "pieceIndex": 0,
        "lengthM": 76.20905298724861,
        "bearingDeg": 182.4446333720437
      },
      "geometry": {
        "type": "LineString",
        "coordinates": [
          [
            -104.8238323,
            38.8282455
          ],
          [
            -104.8238389,
            38.8281248
          ],
          [
            -104.82386982515831,
            38.82756076020748
          ]
        ]
      }
    },
    {
      "type": "Feature",
      "properties": {
        "osmWayId": 641623832,
        "kind": "road",
        "streetName": "South Tejon Street",
        "startNodeId": 55768007,
        "endNodeId": 55799158,
        "pieceIndex": 1,
        "lengthM": 76.20905298680339,
        "bearingDeg": 182.1936934742975
      },
      "geometry": {
        "type": "LineString",
        "coordinates": [
          [
            -104.82386982515831,
            38.82756076020748
          ],
          [
            -104.8238749,
            38.8274682
          ],
          [
            -104.8238951,
            38.8270515
          ],
          [
            -104.8238975,
            38.8270014
          ],
          [
            -104.8239035,
            38.8268759
          ]
        ]
      }
    },
    {
      "type": "Feature",
      "properties": {
        "osmWayId": 641657647,
        "kind": "road",
        "streetName": "South Nevada Avenue",
        "startNodeId": 1973263913,
        "endNodeId": 9713245405,
        "pieceIndex": 0,
        "lengthM": 62.570781983044476,
        "bearingDeg": 3.261717479198353
      },
      "geometry": {
        "type": "LineString",
        "coordinates": [
          [
            -104.8217474,
            38.8310401
          ],
          [
            -104.8217382,
            38.8311695
          ],
          [
            -104.8217063,
            38.8316019
          ]
        ]
      }
    },
    {
      "type": "Feature",
      "properties": {
        "osmWayId": 641657648,
        "kind": "road",
        "streetName": "South Nevada Avenue",
        "startNodeId": 6042344020,
        "endNodeId": 9748966050,
        "pieceIndex": 0,
        "lengthM": 83.32484969337675,
        "bearingDeg": 2.204285200070899
      },
      "geometry": {
        "type": "LineString",
        "coordinates": [
          [
            -104.8216652,
            38.8324139
          ],
          [
            -104.8216577,
            38.8325476
          ],
          [
            -104.8216306,
            38.8331188
          ],
          [
            -104.8216282,
            38.8331627
          ]
        ]
      }
    },
    {
      "type": "Feature",
      "properties": {
        "osmWayId": 641921853,
        "kind": "footway",
        "streetName": null,
        "startNodeId": 6044362731,
        "endNodeId": 6044362732,
        "pieceIndex": 0,
        "lengthM": 126.46372131838231,
        "bearingDeg": 181.54273771520818
      },
      "geometry": {
        "type": "LineString",
        "coordinates": [
          [
            -104.8200488,
            38.8336215
          ],
          [
            -104.8200455,
            38.833404
          ],
          [
            -104.8200522,
            38.8332593
          ],
          [
            -104.8200598,
            38.8330952
          ],
          [
            -104.8200881,
            38.8324848
          ]
        ]
      }
    },
    {
      "type": "Feature",
      "properties": {
        "osmWayId": 641935000,
        "kind": "footway",
        "streetName": null,
        "startNodeId": 6044468800,
        "endNodeId": 6044362732,
        "pieceIndex": 0,
        "lengthM": 128.0186507489805,
        "bearingDeg": 92.5036443840757
      },
      "geometry": {
        "type": "LineString",
        "coordinates": [
          [
            -104.8215646,
            38.8325351
          ],
          [
            -104.8208209,
            38.832514
          ],
          [
            -104.8200881,
            38.8324848
          ]
        ]
      }
    },
    {
      "type": "Feature",
      "properties": {
        "osmWayId": 641935006,
        "kind": "footway",
        "streetName": null,
        "startNodeId": 6044468803,
        "endNodeId": 6015613301,
        "pieceIndex": 0,
        "lengthM": 125.71067636088316,
        "bearingDeg": 182.42478186720334
      },
      "geometry": {
        "type": "LineString",
        "coordinates": [
          [
            -104.8219404,
            38.8336893
          ],
          [
            -104.8219652,
            38.8331366
          ],
          [
            -104.8220018,
            38.8325598
          ]
        ]
      }
    },
    {
      "type": "Feature",
      "properties": {
        "osmWayId": 654401999,
        "kind": "road",
        "streetName": "South El Paso Street",
        "startNodeId": 2143455416,
        "endNodeId": 11999672979,
        "pieceIndex": 0,
        "lengthM": 60.47275733022581,
        "bearingDeg": 181.7157504707655
      },
      "geometry": {
        "type": "LineString",
        "coordinates": [
          [
            -104.8134656,
            38.8220856
          ],
          [
            -104.8134865,
            38.821542
          ]
        ]
      }
    },
    {
      "type": "Feature",
      "properties": {
        "osmWayId": 654401999,
        "kind": "road",
        "streetName": "South El Paso Street",
        "startNodeId": 11999672979,
        "endNodeId": 556044319,
        "pieceIndex": 0,
        "lengthM": 14.606338324314937,
        "bearingDeg": 181.6994008531022
      },
      "geometry": {
        "type": "LineString",
        "coordinates": [
          [
            -104.8134865,
            38.821542
          ],
          [
            -104.8134915,
            38.8214107
          ]
        ]
      }
    },
    {
      "type": "Feature",
      "properties": {
        "osmWayId": 690092708,
        "kind": "footway",
        "streetName": null,
        "startNodeId": 6044468800,
        "endNodeId": 6044468802,
        "pieceIndex": 0,
        "lengthM": 126.304322543588,
        "bearingDeg": 2.5981589734741988
      },
      "geometry": {
        "type": "LineString",
        "coordinates": [
          [
            -104.8215646,
            38.8325351
          ],
          [
            -104.8215342,
            38.8331165
          ],
          [
            -104.8214985,
            38.8336698
          ]
        ]
      }
    },
    {
      "type": "Feature",
      "properties": {
        "osmWayId": 721610589,
        "kind": "footway",
        "streetName": null,
        "startNodeId": 6769323784,
        "endNodeId": 11701937354,
        "pieceIndex": 0,
        "lengthM": 8.071760819607702,
        "bearingDeg": 92.28953860718912
      },
      "geometry": {
        "type": "LineString",
        "coordinates": [
          [
            -104.8134351,
            38.8229057
          ],
          [
            -104.813342,
            38.8229028
          ]
        ]
      }
    },
    {
      "type": "Feature",
      "properties": {
        "osmWayId": 721610589,
        "kind": "footway",
        "streetName": null,
        "startNodeId": 11701937354,
        "endNodeId": 12420471647,
        "pieceIndex": 0,
        "lengthM": 145.73070891362661,
        "bearingDeg": 92.3041876777944
      },
      "geometry": {
        "type": "LineString",
        "coordinates": [
          [
            -104.813342,
            38.8229028
          ],
          [
            -104.81166115487486,
            38.82285009608312
          ]
        ]
      }
    },
    {
      "type": "Feature",
      "properties": {
        "osmWayId": 721610589,
        "kind": "footway",
        "streetName": null,
        "startNodeId": 11701937354,
        "endNodeId": 12420471647,
        "pieceIndex": 1,
        "lengthM": 145.73070891373712,
        "bearingDeg": 92.32777782328515
      },
      "geometry": {
        "type": "LineString",
        "coordinates": [
          [
            -104.81166115487486,
            38.82285009608312
          ],
          [
            -104.810928,
            38.8228271
          ],
          [
            -104.8108367,
            38.8228242
          ],
          [
            -104.8107321,
            38.8228209
          ],
          [
            -104.8099803391119,
            38.82279685300921
          ]
        ]
      }
    },
    {
      "type": "Feature",
      "properties": {
        "osmWayId": 721610589,
        "kind": "footway",
        "streetName": null,
        "startNodeId": 11701937354,
        "endNodeId": 12420471647,
        "pieceIndex": 2,
        "lengthM": 145.7307089119012,
        "bearingDeg": 92.34183697584336
      },
      "geometry": {
        "type": "LineString",
        "coordinates": [
          [
            -104.8099803391119,
            38.82279685300921
          ],
          [
            -104.8084848,
            38.822749
          ],
          [
            -104.8083537,
            38.8227448
          ],
          [
            -104.80829954203658,
            38.822743288632296
          ]
        ]
      }
    },
    {
      "type": "Feature",
      "properties": {
        "osmWayId": 721610589,
        "kind": "footway",
        "streetName": null,
        "startNodeId": 11701937354,
        "endNodeId": 12420471647,
        "pieceIndex": 3,
        "lengthM": 145.73070891488865,
        "bearingDeg": 92.05352309558714
      },
      "geometry": {
        "type": "LineString",
        "coordinates": [
          [
            -104.80829954203658,
            38.822743288632296
          ],
          [
            -104.8082247,
            38.8227412
          ],
          [
            -104.807165,
            38.8227114
          ],
          [
            -104.80661842082327,
            38.822696314275454
          ]
        ]
      }
    },
    {
      "type": "Feature",
      "properties": {
        "osmWayId": 721610589,
        "kind": "footway",
        "streetName": null,
        "startNodeId": 11701937354,
        "endNodeId": 12420471647,
        "pieceIndex": 4,
        "lengthM": 145.73070891410734,
        "bearingDeg": 92.0705836091957
      },
      "geometry": {
        "type": "LineString",
        "coordinates": [
          [
            -104.80661842082327,
            38.822696314275454
          ],
          [
            -104.8060383,
            38.8226803
          ],
          [
            -104.8059521,
            38.8226779
          ],
          [
            -104.8058496,
            38.822675
          ],
          [
            -104.80493731893633,
            38.82264894993396
          ]
        ]
      }
    },
    {
      "type": "Feature",
      "properties": {
        "osmWayId": 721610589,
        "kind": "footway",
        "streetName": null,
        "startNodeId": 11701937354,
        "endNodeId": 12420471647,
        "pieceIndex": 5,
        "lengthM": 145.73070891306352,
        "bearingDeg": 92.19499098632474
      },
      "geometry": {
        "type": "LineString",
        "coordinates": [
          [
            -104.80493731893633,
            38.82264894993396
          ],
          [
            -104.8044804,
            38.8226359
          ],
          [
            -104.8043511,
            38.8226322
          ],
          [
            -104.8042214,
            38.8226279
          ],
          [
            -104.8036555,
            38.822609
          ],
          [
            -104.8032563673509,
            38.82259874226133
          ]
        ]
      }
    },
    {
      "type": "Feature",
      "properties": {
        "osmWayId": 721610589,
        "kind": "footway",
        "streetName": null,
        "startNodeId": 11701937354,
        "endNodeId": 12420471647,
        "pieceIndex": 6,
        "lengthM": 145.7307089131569,
        "bearingDeg": 92.14576130505765
      },
      "geometry": {
        "type": "LineString",
        "coordinates": [
          [
            -104.8032563673509,
            38.82259874226133
          ],
          [
            -104.8029746,
            38.8225915
          ],
          [
            -104.8028439,
            38.8225881
          ],
          [
            -104.802767,
            38.8225858
          ],
          [
            -104.8022381,
            38.8225698
          ],
          [
            -104.8021448,
            38.8225669
          ],
          [
            -104.80157535396464,
            38.82254965961265
          ]
        ]
      }
    },
    {
      "type": "Feature",
      "properties": {
        "osmWayId": 721610589,
        "kind": "footway",
        "streetName": null,
        "startNodeId": 11701937354,
        "endNodeId": 12420471647,
        "pieceIndex": 7,
        "lengthM": 145.7307089122796,
        "bearingDeg": 93.16917674151426
      },
      "geometry": {
        "type": "LineString",
        "coordinates": [
          [
            -104.80157535396464,
            38.82254965961265
          ],
          [
            -104.8014677,
            38.8225464
          ],
          [
            -104.8013291,
            38.8225422
          ],
          [
            -104.8012238,
            38.8225381
          ],
          [
            -104.8004276,
            38.8225072
          ],
          [
            -104.7999451,
            38.822479
          ],
          [
            -104.7999163,
            38.8224773
          ],
          [
            -104.7998959,
            38.8224772
          ]
        ]
      }
    },
    {
      "type": "Feature",
      "properties": {
        "osmWayId": 721610592,
        "kind": "footway",
        "streetName": null,
        "startNodeId": 6769330354,
        "endNodeId": 6769323740,
        "pieceIndex": 0,
        "lengthM": 146.81283956571338,
        "bearingDeg": 92.29114397673686
      },
      "geometry": {
        "type": "LineString",
        "coordinates": [
          [
            -104.8132228,
            38.8263975
          ],
          [
            -104.81152937509292,
            38.82634470497171
          ]
        ]
      }
    },
    {
      "type": "Feature",
      "properties": {
        "osmWayId": 721610592,
        "kind": "footway",
        "streetName": null,
        "startNodeId": 6769330354,
        "endNodeId": 6769323740,
        "pieceIndex": 1,
        "lengthM": 146.81283956338456,
        "bearingDeg": 92.16323132908065
      },
      "geometry": {
        "type": "LineString",
        "coordinates": [
          [
            -104.81152937509292,
            38.82634470497171
          ],
          [
            -104.8108302,
            38.8263229
          ],
          [
            -104.8107427,
            38.8263202
          ],
          [
            -104.8106512,
            38.8263176
          ],
          [
            -104.8098358079269,
            38.82629485542508
          ]
        ]
      }
    },
    {
      "type": "Feature",
      "properties": {
        "osmWayId": 721610592,
        "kind": "footway",
        "streetName": null,
        "startNodeId": 6769330354,
        "endNodeId": 6769323740,
        "pieceIndex": 2,
        "lengthM": 146.8128395641043,
        "bearingDeg": 92.03910085714682
      },
      "geometry": {
        "type": "LineString",
        "coordinates": [
          [
            -104.8098358079269,
            38.82629485542508
          ],
          [
            -104.8097693,
            38.826293
          ],
          [
            -104.8097372,
            38.8262846
          ],
          [
            -104.8086446,
            38.8262637
          ],
          [
            -104.808416,
            38.8262561
          ],
          [
            -104.8083307,
            38.8262533
          ],
          [
            -104.8082365,
            38.8262506
          ],
          [
            -104.80814357626154,
            38.82624790516338
          ]
        ]
      }
    },
    {
      "type": "Feature",
      "properties": {
        "osmWayId": 721610592,
        "kind": "footway",
        "streetName": null,
        "startNodeId": 6769330354,
        "endNodeId": 6769323740,
        "pieceIndex": 3,
        "lengthM": 146.8128395665789,
        "bearingDeg": 92.13190605515933
      },
      "geometry": {
        "type": "LineString",
        "coordinates": [
          [
            -104.80814357626154,
            38.82624790516338
          ],
          [
            -104.80644997306581,
            38.82619877685973
          ]
        ]
      }
    },
    {
      "type": "Feature",
      "properties": {
        "osmWayId": 721610592,
        "kind": "footway",
        "streetName": null,
        "startNodeId": 6769330354,
        "endNodeId": 6769323740,
        "pieceIndex": 4,
        "lengthM": 146.81283956517558,
        "bearingDeg": 92.18431712159577
      },
      "geometry": {
        "type": "LineString",
        "coordinates": [
          [
            -104.80644997306581,
            38.82619877685973
          ],
          [
            -104.8060131,
            38.8261861
          ],
          [
            -104.8059186,
            38.8261833
          ],
          [
            -104.8058305,
            38.8261807
          ],
          [
            -104.8053801,
            38.8261672
          ],
          [
            -104.80475642971274,
            38.826148441666554
          ]
        ]
      }
    },
    {
      "type": "Feature",
      "properties": {
        "osmWayId": 721610592,
        "kind": "footway",
        "streetName": null,
        "startNodeId": 6769330354,
        "endNodeId": 6769323740,
        "pieceIndex": 5,
        "lengthM": 146.8128395650514,
        "bearingDeg": 92.39164284753724
      },
      "geometry": {
        "type": "LineString",
        "coordinates": [
          [
            -104.80475642971274,
            38.826148441666554
          ],
          [
            -104.8047218,
            38.8261474
          ],
          [
            -104.8042878,
            38.8261344
          ],
          [
            -104.804163,
            38.8261307
          ],
          [
            -104.80404,
            38.8261272
          ],
          [
            -104.8035714,
            38.826114
          ],
          [
            -104.8031055,
            38.8261008
          ],
          [
            -104.8030827,
            38.8261008
          ],
          [
            -104.8030652,
            38.8260934
          ]
        ]
      }
    },
    {
      "type": "Feature",
      "properties": {
        "osmWayId": 766725062,
        "kind": "footway",
        "streetName": null,
        "startNodeId": 7160789439,
        "endNodeId": 7160789443,
        "pieceIndex": 0,
        "lengthM": 20.838277650948257,
        "bearingDeg": 66.18141148139898
      },
      "geometry": {
        "type": "LineString",
        "coordinates": [
          [
            -104.8261139,
            38.8308364
          ],
          [
            -104.8260486,
            38.8308423
          ],
          [
            -104.825994,
            38.8308579
          ],
          [
            -104.8259447,
            38.8308813
          ],
          [
            -104.825899,
            38.8309103
          ]
        ]
      }
    },
    {
      "type": "Feature",
      "properties": {
        "osmWayId": 766725062,
        "kind": "footway",
        "streetName": null,
        "startNodeId": 7160789443,
        "endNodeId": 7160789448,
        "pieceIndex": 0,
        "lengthM": 22.982715133948837,
        "bearingDeg": 21.384734364837925
      },
      "geometry": {
        "type": "LineString",
        "coordinates": [
          [
            -104.825899,
            38.8309103
          ],
          [
            -104.8258653,
            38.8309407
          ],
          [
            -104.8258314,
            38.8309803
          ],
          [
            -104.8258137,
            38.8310301
          ],
          [
            -104.8258045,
            38.8310697
          ],
          [
            -104.8258053,
            38.8310967
          ]
        ]
      }
    },
    {
      "type": "Feature",
      "properties": {
        "osmWayId": 766725062,
        "kind": "footway",
        "streetName": null,
        "startNodeId": 7160789448,
        "endNodeId": 7160789451,
        "pieceIndex": 0,
        "lengthM": 15.622994267815782,
        "bearingDeg": 343.54280854787794
      },
      "geometry": {
        "type": "LineString",
        "coordinates": [
          [
            -104.8258053,
            38.8310967
          ],
          [
            -104.8258129,
            38.831141
          ],
          [
            -104.8258277,
            38.8311826
          ],
          [
            -104.825856,
            38.8312304
          ]
        ]
      }
    },
    {
      "type": "Feature",
      "properties": {
        "osmWayId": 776929166,
        "kind": "road",
        "streetName": "South Wahsatch Avenue",
        "startNodeId": 55811602,
        "endNodeId": 7249367171,
        "pieceIndex": 0,
        "lengthM": 40.91873825348516,
        "bearingDeg": 1.843873499700976
      },
      "geometry": {
        "type": "LineString",
        "coordinates": [
          [
            -104.8181236,
            38.8323059
          ],
          [
            -104.8181188,
            38.8324229
          ],
          [
            -104.8181084,
            38.8326737
          ]
        ]
      }
    },
    {
      "type": "Feature",
      "properties": {
        "osmWayId": 776929167,
        "kind": "road",
        "streetName": "South Wahsatch Avenue",
        "startNodeId": 7249367171,
        "endNodeId": 7025872660,
        "pieceIndex": 0,
        "lengthM": 11.69253672106218,
        "bearingDeg": 1.8254390672850036
      },
      "geometry": {
        "type": "LineString",
        "coordinates": [
          [
            -104.8181084,
            38.8326737
          ],
          [
            -104.8181041,
            38.8327788
          ]
        ]
      }
    },
    {
      "type": "Feature",
      "properties": {
        "osmWayId": 776929170,
        "kind": "road",
        "streetName": "East Colorado Avenue",
        "startNodeId": 55811602,
        "endNodeId": 3166179261,
        "pieceIndex": 0,
        "lengthM": 54.29742918152826,
        "bearingDeg": 93.31053201520984
      },
      "geometry": {
        "type": "LineString",
        "coordinates": [
          [
            -104.8181236,
            38.8323059
          ],
          [
            -104.8179185,
            38.8322957
          ],
          [
            -104.8174978,
            38.8322777
          ]
        ]
      }
    },
    {
      "type": "Feature",
      "properties": {
        "osmWayId": 781940314,
        "kind": "road",
        "streetName": "South Wahsatch Avenue",
        "startNodeId": 3174483479,
        "endNodeId": 55811608,
        "pieceIndex": 0,
        "lengthM": 35.37151759352985,
        "bearingDeg": 192.3293563347018
      },
      "geometry": {
        "type": "LineString",
        "coordinates": [
          [
            -104.8183812,
            38.8270094
          ],
          [
            -104.8184368,
            38.826936
          ],
          [
            -104.8184668,
            38.8267043
          ]
        ]
      }
    },
    {
      "type": "Feature",
      "properties": {
        "osmWayId": 781940320,
        "kind": "road",
        "streetName": "South Wahsatch Avenue",
        "startNodeId": 7300446626,
        "endNodeId": 3174483479,
        "pieceIndex": 0,
        "lengthM": 24.852831129943098,
        "bearingDeg": 180.43935990812216
      },
      "geometry": {
        "type": "LineString",
        "coordinates": [
          [
            -104.818379,
            38.8272329
          ],
          [
            -104.8183812,
            38.8270094
          ]
        ]
      }
    },
    {
      "type": "Feature",
      "properties": {
        "osmWayId": 781940321,
        "kind": "road",
        "streetName": null,
        "startNodeId": 7967160809,
        "endNodeId": 1973263849,
        "pieceIndex": 0,
        "lengthM": 20.825192637187662,
        "bearingDeg": 250.75129939853386
      },
      "geometry": {
        "type": "LineString",
        "coordinates": [
          [
            -104.8185895,
            38.826849
          ],
          [
            -104.8186886,
            38.8268048
          ],
          [
            -104.818813,
            38.8267882
          ]
        ]
      }
    },
    {
      "type": "Feature",
      "properties": {
        "osmWayId": 781940321,
        "kind": "road",
        "streetName": null,
        "startNodeId": 1973263849,
        "endNodeId": 1973263777,
        "pieceIndex": 0,
        "lengthM": 21.703060064447463,
        "bearingDeg": 250.60776073092165
      },
      "geometry": {
        "type": "LineString",
        "coordinates": [
          [
            -104.818813,
            38.8267882
          ],
          [
            -104.8188991,
            38.826766
          ],
          [
            -104.8190493,
            38.8267234
          ]
        ]
      }
    },
    {
      "type": "Feature",
      "properties": {
        "osmWayId": 816282643,
        "kind": "cycleway",
        "streetName": null,
        "startNodeId": 7623647396,
        "endNodeId": 55825623,
        "pieceIndex": 0,
        "lengthM": 10.119763480972194,
        "bearingDeg": 152.19335187601234
      },
      "geometry": {
        "type": "LineString",
        "coordinates": [
          [
            -104.8131629,
            38.8322033
          ],
          [
            -104.8131084,
            38.8321228
          ]
        ]
      }
    },
    {
      "type": "Feature",
      "properties": {
        "osmWayId": 816282645,
        "kind": "cycleway",
        "streetName": null,
        "startNodeId": 55747563,
        "endNodeId": 2035834680,
        "pieceIndex": 0,
        "lengthM": 11.247107750281739,
        "bearingDeg": 268.7537358574585
      },
      "geometry": {
        "type": "LineString",
        "coordinates": [
          [
            -104.8168115,
            38.8242744
          ],
          [
            -104.8169413,
            38.8242722
          ]
        ]
      }
    },
    {
      "type": "Feature",
      "properties": {
        "osmWayId": 827465947,
        "kind": "road",
        "streetName": "South Cascade Avenue",
        "startNodeId": 1973264192,
        "endNodeId": 1973263944,
        "pieceIndex": 0,
        "lengthM": 76.31380074118478,
        "bearingDeg": 182.29588840960903
      },
      "geometry": {
        "type": "LineString",
        "coordinates": [
          [
            -104.8255139,
            38.8325351
          ],
          [
            -104.8255195,
            38.832411
          ],
          [
            -104.82554919365509,
            38.83184934720439
          ]
        ]
      }
    },
    {
      "type": "Feature",
      "properties": {
        "osmWayId": 827465947,
        "kind": "road",
        "streetName": "South Cascade Avenue",
        "startNodeId": 1973264192,
        "endNodeId": 1973263944,
        "pieceIndex": 1,
        "lengthM": 76.31380073996178,
        "bearingDeg": 182.30975019787883
      },
      "geometry": {
        "type": "LineString",
        "coordinates": [
          [
            -104.82554919365509,
            38.83184934720439
          ],
          [
            -104.825576,
            38.8313423
          ],
          [
            -104.8255794,
            38.8312705
          ],
          [
            -104.8255847,
            38.8311636
          ]
        ]
      }
    },
    {
      "type": "Feature",
      "properties": {
        "osmWayId": 827465947,
        "kind": "road",
        "streetName": "South Cascade Avenue",
        "startNodeId": 1973263944,
        "endNodeId": 10005025643,
        "pieceIndex": 0,
        "lengthM": 83.03570610126987,
        "bearingDeg": 182.1102284306879
      },
      "geometry": {
        "type": "LineString",
        "coordinates": [
          [
            -104.8255847,
            38.8311636
          ],
          [
            -104.82561999779693,
            38.83041734940411
          ]
        ]
      }
    },
    {
      "type": "Feature",
      "properties": {
        "osmWayId": 827465947,
        "kind": "road",
        "streetName": "South Cascade Avenue",
        "startNodeId": 1973263944,
        "endNodeId": 10005025643,
        "pieceIndex": 1,
        "lengthM": 83.03570610083605,
        "bearingDeg": 176.68920663286053
      },
      "geometry": {
        "type": "LineString",
        "coordinates": [
          [
            -104.82561999779693,
            38.83041734940411
          ],
          [
            -104.8256489,
            38.8298063
          ],
          [
            -104.8255658,
            38.8296875
          ]
        ]
      }
    },
    {
      "type": "Feature",
      "properties": {
        "osmWayId": 827465948,
        "kind": "road",
        "streetName": "West Colorado Avenue",
        "startNodeId": 1973264192,
        "endNodeId": 1148062832,
        "pieceIndex": 0,
        "lengthM": 149.84210753429045,
        "bearingDeg": 272.531213465518
      },
      "geometry": {
        "type": "LineString",
        "coordinates": [
          [
            -104.8255139,
            38.8325351
          ],
          [
            -104.8256424,
            38.8325389
          ],
          [
            -104.825968,
            38.832549
          ],
          [
            -104.8261656,
            38.8325555
          ],
          [
            -104.8264348,
            38.8325643
          ],
          [
            -104.8272421,
            38.8325946
          ]
        ]
      }
    },
    {
      "type": "Feature",
      "properties": {
        "osmWayId": 827465949,
        "kind": "road",
        "streetName": "South Cascade Avenue",
        "startNodeId": 55777119,
        "endNodeId": 55734222,
        "pieceIndex": 0,
        "lengthM": 82.53100184348358,
        "bearingDeg": 2.301903889203288
      },
      "geometry": {
        "type": "LineString",
        "coordinates": [
          [
            -104.8253225,
            38.8325309
          ],
          [
            -104.8253148,
            38.8326574
          ],
          [
            -104.82528423039287,
            38.83327251521492
          ]
        ]
      }
    },
    {
      "type": "Feature",
      "properties": {
        "osmWayId": 827465949,
        "kind": "road",
        "streetName": "South Cascade Avenue",
        "startNodeId": 55777119,
        "endNodeId": 55734222,
        "pieceIndex": 1,
        "lengthM": 82.53100184185473,
        "bearingDeg": 2.167122679213662
      },
      "geometry": {
        "type": "LineString",
        "coordinates": [
          [
            -104.82528423039287,
            38.83327251521492
          ],
          [
            -104.8252589,
            38.8337822
          ],
          [
            -104.8252524,
            38.8339103
          ],
          [
            -104.8252482,
            38.8340142
          ]
        ]
      }
    },
    {
      "type": "Feature",
      "properties": {
        "osmWayId": 834284123,
        "kind": "footway",
        "streetName": null,
        "startNodeId": 7787938980,
        "endNodeId": 7787948888,
        "pieceIndex": 0,
        "lengthM": 91.41752454066241,
        "bearingDeg": 79.19713938949491
      },
      "geometry": {
        "type": "LineString",
        "coordinates": [
          [
            -104.8291602,
            38.8299066
          ],
          [
            -104.8291667,
            38.8299995
          ],
          [
            -104.8291662,
            38.8300068
          ],
          [
            -104.8291695,
            38.8300626
          ],
          [
            -104.8291268,
            38.8300678
          ],
          [
            -104.8290108,
            38.8300632
          ],
          [
            -104.82831648125322,
            38.830032010951264
          ]
        ]
      }
    },
    {
      "type": "Feature",
      "properties": {
        "osmWayId": 834284123,
        "kind": "footway",
        "streetName": null,
        "startNodeId": 7787938980,
        "endNodeId": 7787948888,
        "pieceIndex": 1,
        "lengthM": 91.41752453915416,
        "bearingDeg": 93.32658193170232
      },
      "geometry": {
        "type": "LineString",
        "coordinates": [
          [
            -104.82831648125322,
            38.830032010951264
          ],
          [
            -104.827486,
            38.8299947
          ],
          [
            -104.8273812,
            38.8299896
          ],
          [
            -104.8272629,
            38.8299843
          ]
        ]
      }
    },
    {
      "type": "Feature",
      "properties": {
        "osmWayId": 834284123,
        "kind": "footway",
        "streetName": null,
        "startNodeId": 7787948888,
        "endNodeId": 7787948887,
        "pieceIndex": 0,
        "lengthM": 47.96402949992796,
        "bearingDeg": 93.29580070354962
      },
      "geometry": {
        "type": "LineString",
        "coordinates": [
          [
            -104.8272629,
            38.8299843
          ],
          [
            -104.8267101,
            38.8299595
          ]
        ]
      }
    },
    {
      "type": "Feature",
      "properties": {
        "osmWayId": 834284123,
        "kind": "footway",
        "streetName": null,
        "startNodeId": 7787948887,
        "endNodeId": 7787948885,
        "pieceIndex": 0,
        "lengthM": 55.39957737275912,
        "bearingDeg": 93.29063851434228
      },
      "geometry": {
        "type": "LineString",
        "coordinates": [
          [
            -104.8267101,
            38.8299595
          ],
          [
            -104.8260716,
            38.8299309
          ]
        ]
      }
    },
    {
      "type": "Feature",
      "properties": {
        "osmWayId": 834284123,
        "kind": "footway",
        "streetName": null,
        "startNodeId": 7787948885,
        "endNodeId": 3106396003,
        "pieceIndex": 0,
        "lengthM": 26.4024632871399,
        "bearingDeg": 93.28343025409515
      },
      "geometry": {
        "type": "LineString",
        "coordinates": [
          [
            -104.8260716,
            38.8299309
          ],
          [
            -104.8257673,
            38.8299173
          ]
        ]
      }
    },
    {
      "type": "Feature",
      "properties": {
        "osmWayId": 834284123,
        "kind": "footway",
        "streetName": null,
        "startNodeId": 3106396003,
        "endNodeId": 1973263823,
        "pieceIndex": 0,
        "lengthM": 24.75227179963977,
        "bearingDeg": 187.04488310309074
      },
      "geometry": {
        "type": "LineString",
        "coordinates": [
          [
            -104.8257673,
            38.8299173
          ],
          [
            -104.8257716,
            38.8298115
          ],
          [
            -104.8257723,
            38.8298032
          ],
          [
            -104.8258022,
            38.8296973
          ]
        ]
      }
    },
    {
      "type": "Feature",
      "properties": {
        "osmWayId": 834284123,
        "kind": "footway",
        "streetName": null,
        "startNodeId": 1973263823,
        "endNodeId": 7905901570,
        "pieceIndex": 0,
        "lengthM": 19.98532038699684,
        "bearingDeg": 182.94252799029596
      },
      "geometry": {
        "type": "LineString",
        "coordinates": [
          [
            -104.8258022,
            38.8296973
          ],
          [
            -104.8257825,
            38.829571
          ],
          [
            -104.8257839,
            38.8295408
          ],
          [
            -104.8258125,
            38.8295412
          ]
        ]
      }
    },
    {
      "type": "Feature",
      "properties": {
        "osmWayId": 834284123,
        "kind": "footway",
        "streetName": null,
        "startNodeId": 7905901570,
        "endNodeId": 7787938980,
        "pieceIndex": 0,
        "lengthM": 109.35390996987459,
        "bearingDeg": 270.93998019882895
      },
      "geometry": {
        "type": "LineString",
        "coordinates": [
          [
            -104.8258125,
            38.8295412
          ],
          [
            -104.8264204,
            38.829549
          ],
          [
            -104.82707474799743,
            38.82955732658758
          ]
        ]
      }
    },
    {
      "type": "Feature",
      "properties": {
        "osmWayId": 834284123,
        "kind": "footway",
        "streetName": null,
        "startNodeId": 7905901570,
        "endNodeId": 7787938980,
        "pieceIndex": 1,
        "lengthM": 109.35390996960045,
        "bearingDeg": 270.942460719334
      },
      "geometry": {
        "type": "LineString",
        "coordinates": [
          [
            -104.82707474799743,
            38.82955732658758
          ],
          [
            -104.8272849,
            38.82956
          ],
          [
            -104.827404,
            38.8295616
          ],
          [
            -104.8275265,
            38.8295552
          ],
          [
            -104.8280954,
            38.829567
          ],
          [
            -104.8283143,
            38.8295732
          ],
          [
            -104.8283364957021,
            38.82957348934768
          ]
        ]
      }
    },
    {
      "type": "Feature",
      "properties": {
        "osmWayId": 834284123,
        "kind": "footway",
        "streetName": null,
        "startNodeId": 7905901570,
        "endNodeId": 7787938980,
        "pieceIndex": 2,
        "lengthM": 109.35390997035479,
        "bearingDeg": 297.4352534430272
      },
      "geometry": {
        "type": "LineString",
        "coordinates": [
          [
            -104.8283364957021,
            38.82957348934768
          ],
          [
            -104.8285291,
            38.829576
          ],
          [
            -104.8286562,
            38.8295776
          ],
          [
            -104.8287195,
            38.8295744
          ],
          [
            -104.8289287,
            38.8295811
          ],
          [
            -104.8290302,
            38.8295815
          ],
          [
            -104.829145,
            38.8295835
          ],
          [
            -104.8291835,
            38.8295838
          ],
          [
            -104.8291801,
            38.8296224
          ],
          [
            -104.8291602,
            38.8299066
          ]
        ]
      }
    },
    {
      "type": "Feature",
      "properties": {
        "osmWayId": 845446864,
        "kind": "footway",
        "streetName": null,
        "startNodeId": 7887778443,
        "endNodeId": 7887778457,
        "pieceIndex": 0,
        "lengthM": 74.46601156159595,
        "bearingDeg": 2.580516243421755
      },
      "geometry": {
        "type": "LineString",
        "coordinates": [
          [
            -104.8258189,
            38.8211331
          ],
          [
            -104.8257857,
            38.8216823
          ],
          [
            -104.825784,
            38.82171
          ],
          [
            -104.8257802,
            38.8218021
          ]
        ]
      }
    },
    {
      "type": "Feature",
      "properties": {
        "osmWayId": 845446864,
        "kind": "footway",
        "streetName": null,
        "startNodeId": 7887778457,
        "endNodeId": 12026390476,
        "pieceIndex": 0,
        "lengthM": 13.485377446972853,
        "bearingDeg": 2.024855413899843
      },
      "geometry": {
        "type": "LineString",
        "coordinates": [
          [
            -104.8257802,
            38.8218021
          ],
          [
            -104.8257764,
            38.821892
          ],
          [
            -104.8257747,
            38.8219233
          ]
        ]
      }
    },
    {
      "type": "Feature",
      "properties": {
        "osmWayId": 845446864,
        "kind": "footway",
        "streetName": null,
        "startNodeId": 12026390476,
        "endNodeId": 12093764183,
        "pieceIndex": 0,
        "lengthM": 125.48087603923233,
        "bearingDeg": 2.3819769697274182
      },
      "geometry": {
        "type": "LineString",
        "coordinates": [
          [
            -104.8257747,
            38.8219233
          ],
          [
            -104.8257145,
            38.8230508
          ]
        ]
      }
    },
    {
      "type": "Feature",
      "properties": {
        "osmWayId": 845446864,
        "kind": "footway",
        "streetName": null,
        "startNodeId": 12093764183,
        "endNodeId": 7887778456,
        "pieceIndex": 0,
        "lengthM": 12.433265422701476,
        "bearingDeg": 2.5957935382907635
      },
      "geometry": {
        "type": "LineString",
        "coordinates": [
          [
            -104.8257145,
            38.8230508
          ],
          [
            -104.8257127,
            38.8230836
          ],
          [
            -104.825708,
            38.8231625
          ]
        ]
      }
    },
    {
      "type": "Feature",
      "properties": {
        "osmWayId": 845446864,
        "kind": "footway",
        "streetName": null,
        "startNodeId": 7887778456,
        "endNodeId": 12026390488,
        "pieceIndex": 0,
        "lengthM": 15.04641752871626,
        "bearingDeg": 2.3098958163997168
      },
      "geometry": {
        "type": "LineString",
        "coordinates": [
          [
            -104.825708,
            38.8231625
          ],
          [
            -104.8257021,
            38.8232632
          ],
          [
            -104.825701,
            38.8232977
          ]
        ]
      }
    },
    {
      "type": "Feature",
      "properties": {
        "osmWayId": 845446864,
        "kind": "footway",
        "streetName": null,
        "startNodeId": 12026390488,
        "endNodeId": 7967129469,
        "pieceIndex": 0,
        "lengthM": 117.94935466263556,
        "bearingDeg": 1.4561724502835887
      },
      "geometry": {
        "type": "LineString",
        "coordinates": [
          [
            -104.825701,
            38.8232977
          ],
          [
            -104.8256664,
            38.8243581
          ]
        ]
      }
    },
    {
      "type": "Feature",
      "properties": {
        "osmWayId": 845446869,
        "kind": "footway",
        "streetName": null,
        "startNodeId": 7887778452,
        "endNodeId": 7887778483,
        "pieceIndex": 0,
        "lengthM": 125.52726355960917,
        "bearingDeg": 92.67805846760331
      },
      "geometry": {
        "type": "LineString",
        "coordinates": [
          [
            -104.8255108,
            38.82681
          ],
          [
            -104.8247784,
            38.8267853
          ],
          [
            -104.8240649,
            38.8267586
          ],
          [
            -104.82406497193513,
            38.82675730533697
          ]
        ]
      }
    },
    {
      "type": "Feature",
      "properties": {
        "osmWayId": 845446869,
        "kind": "footway",
        "streetName": null,
        "startNodeId": 7887778452,
        "endNodeId": 7887778483,
        "pieceIndex": 1,
        "lengthM": 125.52726355992364,
        "bearingDeg": 182.5127260151045
      },
      "geometry": {
        "type": "LineString",
        "coordinates": [
          [
            -104.82406497193513,
            38.82675730533697
          ],
          [
            -104.8241116,
            38.8259181
          ],
          [
            -104.8241246,
            38.8256896
          ],
          [
            -104.8241285,
            38.8256295
          ]
        ]
      }
    },
    {
      "type": "Feature",
      "properties": {
        "osmWayId": 845446874,
        "kind": "footway",
        "streetName": null,
        "startNodeId": 12026390473,
        "endNodeId": 7887778472,
        "pieceIndex": 0,
        "lengthM": 13.22027758409117,
        "bearingDeg": 189.96220002141553
      },
      "geometry": {
        "type": "LineString",
        "coordinates": [
          [
            -104.8243072,
            38.8218664
          ],
          [
            -104.8243336,
            38.8217493
          ]
        ]
      }
    },
    {
      "type": "Feature",
      "properties": {
        "osmWayId": 845446874,
        "kind": "footway",
        "streetName": null,
        "startNodeId": 7887778472,
        "endNodeId": 7887778476,
        "pieceIndex": 0,
        "lengthM": 119.84072396345806,
        "bearingDeg": 180.30618657691488
      },
      "geometry": {
        "type": "LineString",
        "coordinates": [
          [
            -104.8243336,
            38.8217493
          ],
          [
            -104.8243638,
            38.8211532
          ],
          [
            -104.8243259,
            38.8209747
          ],
          [
            -104.82434097102295,
            38.82067466767245
          ]
        ]
      }
    },
    {
      "type": "Feature",
      "properties": {
        "osmWayId": 845446874,
        "kind": "footway",
        "streetName": null,
        "startNodeId": 7887778472,
        "endNodeId": 7887778476,
        "pieceIndex": 1,
        "lengthM": 119.84072396499297,
        "bearingDeg": 182.89431608717516
      },
      "geometry": {
        "type": "LineString",
        "coordinates": [
          [
            -104.82434097102295,
            38.82067466767245
          ],
          [
            -104.8243411,
            38.8206721
          ],
          [
            -104.8243684,
            38.8204214
          ],
          [
            -104.824393,
            38.819944
          ],
          [
            -104.8243971,
            38.8198642
          ],
          [
            -104.8244003,
            38.8198031
          ],
          [
            -104.8244054,
            38.8197032
          ],
          [
            -104.82441080617721,
            38.819598481273616
          ]
        ]
      }
    },
    {
      "type": "Feature",
      "properties": {
        "osmWayId": 845446874,
        "kind": "footway",
        "streetName": null,
        "startNodeId": 7887778472,
        "endNodeId": 7887778476,
        "pieceIndex": 2,
        "lengthM": 119.84072396291431,
        "bearingDeg": 182.30335152760637
      },
      "geometry": {
        "type": "LineString",
        "coordinates": [
          [
            -104.82441080617721,
            38.819598481273616
          ],
          [
            -104.8244664,
            38.8185216
          ]
        ]
      }
    },
    {
      "type": "Feature",
      "properties": {
        "osmWayId": 845446880,
        "kind": "footway",
        "streetName": null,
        "startNodeId": 7887791286,
        "endNodeId": 7887778483,
        "pieceIndex": 0,
        "lengthM": 125.49120934151733,
        "bearingDeg": 92.45749877498304
      },
      "geometry": {
        "type": "LineString",
        "coordinates": [
          [
            -104.8255758,
            38.8256779
          ],
          [
            -104.824848,
            38.8256536
          ],
          [
            -104.8241285,
            38.8256295
          ]
        ]
      }
    },
    {
      "type": "Feature",
      "properties": {
        "osmWayId": 845446882,
        "kind": "footway",
        "streetName": null,
        "startNodeId": 7887791288,
        "endNodeId": 7887791289,
        "pieceIndex": 0,
        "lengthM": 125.78742073360584,
        "bearingDeg": 92.49226301182267
      },
      "geometry": {
        "type": "LineString",
        "coordinates": [
          [
            -104.8237604,
            38.8267497
          ],
          [
            -104.8232581,
            38.8267326
          ],
          [
            -104.8230335,
            38.826725
          ],
          [
            -104.8223097,
            38.8267005
          ]
        ]
      }
    },
    {
      "type": "Feature",
      "properties": {
        "osmWayId": 845446884,
        "kind": "footway",
        "streetName": null,
        "startNodeId": 7887791293,
        "endNodeId": 7887791298,
        "pieceIndex": 0,
        "lengthM": 125.22755176695203,
        "bearingDeg": 272.89387673364
      },
      "geometry": {
        "type": "LineString",
        "coordinates": [
          [
            -104.8223061,
            38.8269395
          ],
          [
            -104.8226048,
            38.8269525
          ],
          [
            -104.822981,
            38.826969
          ],
          [
            -104.82302,
            38.8269609
          ],
          [
            -104.8231109,
            38.8269423
          ],
          [
            -104.8235782,
            38.8269563
          ],
          [
            -104.8236612,
            38.8269929
          ],
          [
            -104.8237334,
            38.8269957
          ]
        ]
      }
    },
    {
      "type": "Feature",
      "properties": {
        "osmWayId": 845446886,
        "kind": "footway",
        "streetName": null,
        "startNodeId": 7887791300,
        "endNodeId": 7887778461,
        "pieceIndex": 0,
        "lengthM": 125.08222673522715,
        "bearingDeg": 272.5024171645555
      },
      "geometry": {
        "type": "LineString",
        "coordinates": [
          [
            -104.8240546,
            38.8270069
          ],
          [
            -104.8245281,
            38.8270183
          ],
          [
            -104.8247656,
            38.8270252
          ],
          [
            -104.8250961,
            38.8270349
          ],
          [
            -104.825497,
            38.827056
          ]
        ]
      }
    },
    {
      "type": "Feature",
      "properties": {
        "osmWayId": 845446887,
        "kind": "footway",
        "streetName": null,
        "startNodeId": 7887791288,
        "endNodeId": 7887778484,
        "pieceIndex": 0,
        "lengthM": 126.05160115758558,
        "bearingDeg": 181.89086667866792
      },
      "geometry": {
        "type": "LineString",
        "coordinates": [
          [
            -104.8237604,
            38.8267497
          ],
          [
            -104.8237762,
            38.8263683
          ],
          [
            -104.8238015,
            38.8256497
          ],
          [
            -104.8238084,
            38.825617
          ]
        ]
      }
    },
    {
      "type": "Feature",
      "properties": {
        "osmWayId": 845446888,
        "kind": "footway",
        "streetName": null,
        "startNodeId": 7887791303,
        "endNodeId": 2029496636,
        "pieceIndex": 0,
        "lengthM": 87.88308672369783,
        "bearingDeg": 182.49711474082414
      },
      "geometry": {
        "type": "LineString",
        "coordinates": [
          [
            -104.8241418,
            38.8253922
          ],
          [
            -104.824186,
            38.8246026
          ]
        ]
      }
    },
    {
      "type": "Feature",
      "properties": {
        "osmWayId": 845446890,
        "kind": "footway",
        "streetName": null,
        "startNodeId": 7887791304,
        "endNodeId": 7887778481,
        "pieceIndex": 0,
        "lengthM": 85.72324829893536,
        "bearingDeg": 182.1022959866296
      },
      "geometry": {
        "type": "LineString",
        "coordinates": [
          [
            -104.8238264,
            38.8253725
          ],
          [
            -104.8238288,
            38.8253404
          ],
          [
            -104.8238627,
            38.8246021
          ]
        ]
      }
    },
    {
      "type": "Feature",
      "properties": {
        "osmWayId": 845448858,
        "kind": "footway",
        "streetName": null,
        "startNodeId": 7887791304,
        "endNodeId": 7887806384,
        "pieceIndex": 0,
        "lengthM": 126.44163297931445,
        "bearingDeg": 91.86422130933812
      },
      "geometry": {
        "type": "LineString",
        "coordinates": [
          [
            -104.8238264,
            38.8253725
          ],
          [
            -104.8231038,
            38.825354
          ],
          [
            -104.82284,
            38.8253451
          ],
          [
            -104.8223732,
            38.8253356
          ],
          [
            -104.8223676,
            38.8253355
          ]
        ]
      }
    },
    {
      "type": "Feature",
      "properties": {
        "osmWayId": 845448859,
        "kind": "footway",
        "streetName": null,
        "startNodeId": 7887778481,
        "endNodeId": 7887810689,
        "pieceIndex": 0,
        "lengthM": 127.67409650240197,
        "bearingDeg": 89.84983569193412
      },
      "geometry": {
        "type": "LineString",
        "coordinates": [
          [
            -104.8238627,
            38.8246021
          ],
          [
            -104.8231441,
            38.8246048
          ],
          [
            -104.8224143,
            38.8246049
          ],
          [
            -104.8223889,
            38.8246051
          ]
        ]
      }
    },
    {
      "type": "Feature",
      "properties": {
        "osmWayId": 845448860,
        "kind": "footway",
        "streetName": null,
        "startNodeId": 7887778482,
        "endNodeId": 7887810687,
        "pieceIndex": 0,
        "lengthM": 124.89336924041592,
        "bearingDeg": 89.49961072223664
      },
      "geometry": {
        "type": "LineString",
        "coordinates": [
          [
            -104.8238765,
            38.8243567
          ],
          [
            -104.8231559,
            38.8243663
          ],
          [
            -104.8224349,
            38.8243665
          ]
        ]
      }
    },
    {
      "type": "Feature",
      "properties": {
        "osmWayId": 845448864,
        "kind": "footway",
        "streetName": null,
        "startNodeId": 7887810692,
        "endNodeId": 7887810694,
        "pieceIndex": 0,
        "lengthM": 124.70571828209316,
        "bearingDeg": 272.15177580162356
      },
      "geometry": {
        "type": "LineString",
        "coordinates": [
          [
            -104.822241,
            38.828074
          ],
          [
            -104.8229557,
            38.8280949
          ],
          [
            -104.8232128,
            38.8281024
          ],
          [
            -104.8236796,
            38.8281161
          ]
        ]
      }
    },
    {
      "type": "Feature",
      "properties": {
        "osmWayId": 845448867,
        "kind": "footway",
        "streetName": null,
        "startNodeId": 7887810704,
        "endNodeId": 6039982345,
        "pieceIndex": 0,
        "lengthM": 127.07963603487113,
        "bearingDeg": 2.3400529651344186
      },
      "geometry": {
        "type": "LineString",
        "coordinates": [
          [
            -104.8239859,
            38.8283705
          ],
          [
            -104.8239458,
            38.8291354
          ],
          [
            -104.823926,
            38.8295124
          ]
        ]
      }
    },
    {
      "type": "Feature",
      "properties": {
        "osmWayId": 845448867,
        "kind": "footway",
        "streetName": null,
        "startNodeId": 6039982345,
        "endNodeId": 7887810705,
        "pieceIndex": 0,
        "lengthM": 125.50062864952376,
        "bearingDeg": 272.2244979176325
      },
      "geometry": {
        "type": "LineString",
        "coordinates": [
          [
            -104.823926,
            38.8295124
          ],
          [
            -104.8246541,
            38.829536
          ],
          [
            -104.8253697,
            38.8295591
          ],
          [
            -104.82536985518068,
            38.82955608260929
          ]
        ]
      }
    },
    {
      "type": "Feature",
      "properties": {
        "osmWayId": 845448867,
        "kind": "footway",
        "streetName": null,
        "startNodeId": 6039982345,
        "endNodeId": 7887810705,
        "pieceIndex": 1,
        "lengthM": 125.5006286513719,
        "bearingDeg": 182.37528043419422
      },
      "geometry": {
        "type": "LineString",
        "coordinates": [
          [
            -104.82536985518068,
            38.82955608260929
          ],
          [
            -104.8253841,
            38.8292791
          ],
          [
            -104.8253903,
            38.8291647
          ],
          [
            -104.8253978,
            38.8290245
          ],
          [
            -104.8254194,
            38.8286243
          ],
          [
            -104.8254299,
            38.8284284
          ]
        ]
      }
    },
    {
      "type": "Feature",
      "properties": {
        "osmWayId": 845448868,
        "kind": "footway",
        "streetName": null,
        "startNodeId": 7887810704,
        "endNodeId": 7887810705,
        "pieceIndex": 0,
        "lengthM": 125.25063913579379,
        "bearingDeg": 272.9468971572098
      },
      "geometry": {
        "type": "LineString",
        "coordinates": [
          [
            -104.8239859,
            38.8283705
          ],
          [
            -104.8242997,
            38.8283831
          ],
          [
            -104.824479,
            38.8283903
          ],
          [
            -104.8247078,
            38.8283994
          ],
          [
            -104.8254299,
            38.8284284
          ]
        ]
      }
    },
    {
      "type": "Feature",
      "properties": {
        "osmWayId": 845448873,
        "kind": "footway",
        "streetName": null,
        "startNodeId": 7887810710,
        "endNodeId": 7887810715,
        "pieceIndex": 0,
        "lengthM": 124.60936352492998,
        "bearingDeg": 182.08397190968677
      },
      "geometry": {
        "type": "LineString",
        "coordinates": [
          [
            -104.8258877,
            38.8281884
          ],
          [
            -104.8259017,
            38.8279278
          ],
          [
            -104.8259152,
            38.8276261
          ],
          [
            -104.825913,
            38.8274984
          ],
          [
            -104.82594,
            38.8270687
          ]
        ]
      }
    },
    {
      "type": "Feature",
      "properties": {
        "osmWayId": 845448874,
        "kind": "footway",
        "streetName": null,
        "startNodeId": 7887810715,
        "endNodeId": 8957947007,
        "pieceIndex": 0,
        "lengthM": 124.19151274994024,
        "bearingDeg": 272.53046253182936
      },
      "geometry": {
        "type": "LineString",
        "coordinates": [
          [
            -104.82594,
            38.8270687
          ],
          [
            -104.8263899,
            38.8270794
          ],
          [
            -104.8273722,
            38.827118
          ]
        ]
      }
    },
    {
      "type": "Feature",
      "properties": {
        "osmWayId": 845448875,
        "kind": "footway",
        "streetName": null,
        "startNodeId": 8401061381,
        "endNodeId": 7887778459,
        "pieceIndex": 0,
        "lengthM": 127.00557166124932,
        "bearingDeg": 92.21964148939156
      },
      "geometry": {
        "type": "LineString",
        "coordinates": [
          [
            -104.8274184,
            38.8268662
          ],
          [
            -104.8273753,
            38.8268653
          ],
          [
            -104.827123,
            38.8268602
          ],
          [
            -104.8270674,
            38.8268489
          ],
          [
            -104.8267554,
            38.8268449
          ],
          [
            -104.8263818,
            38.8268294
          ],
          [
            -104.8259549,
            38.826822
          ]
        ]
      }
    },
    {
      "type": "Feature",
      "properties": {
        "osmWayId": 845448876,
        "kind": "footway",
        "streetName": null,
        "startNodeId": 8401061389,
        "endNodeId": 12026390491,
        "pieceIndex": 0,
        "lengthM": 117.02150955054941,
        "bearingDeg": 182.36746731289088
      },
      "geometry": {
        "type": "LineString",
        "coordinates": [
          [
            -104.8260868,
            38.8243647
          ],
          [
            -104.8261426,
            38.8233132
          ]
        ]
      }
    },
    {
      "type": "Feature",
      "properties": {
        "osmWayId": 845448876,
        "kind": "footway",
        "streetName": null,
        "startNodeId": 12026390491,
        "endNodeId": 7887810727,
        "pieceIndex": 0,
        "lengthM": 15.0242887515466,
        "bearingDeg": 182.37933793774428
      },
      "geometry": {
        "type": "LineString",
        "coordinates": [
          [
            -104.8261426,
            38.8233132
          ],
          [
            -104.8261498,
            38.8231782
          ]
        ]
      }
    },
    {
      "type": "Feature",
      "properties": {
        "osmWayId": 845448876,
        "kind": "footway",
        "streetName": null,
        "startNodeId": 7887810727,
        "endNodeId": 12093764186,
        "pieceIndex": 0,
        "lengthM": 12.620230641740868,
        "bearingDeg": 182.36047950802958
      },
      "geometry": {
        "type": "LineString",
        "coordinates": [
          [
            -104.8261498,
            38.8231782
          ],
          [
            -104.8261558,
            38.8230648
          ]
        ]
      }
    },
    {
      "type": "Feature",
      "properties": {
        "osmWayId": 845448876,
        "kind": "footway",
        "streetName": null,
        "startNodeId": 12093764186,
        "endNodeId": 12023707565,
        "pieceIndex": 0,
        "lengthM": 125.13324475427481,
        "bearingDeg": 182.35290467809554
      },
      "geometry": {
        "type": "LineString",
        "coordinates": [
          [
            -104.8261558,
            38.8230648
          ],
          [
            -104.8262151,
            38.8219404
          ]
        ]
      }
    },
    {
      "type": "Feature",
      "properties": {
        "osmWayId": 845455138,
        "kind": "footway",
        "streetName": null,
        "startNodeId": 7887810709,
        "endNodeId": 7887848415,
        "pieceIndex": 0,
        "lengthM": 62.456029112620634,
        "bearingDeg": 91.3464023795741
      },
      "geometry": {
        "type": "LineString",
        "coordinates": [
          [
            -104.825439,
            38.8281786
          ],
          [
            -104.8247182,
            38.8281654
          ]
        ]
      }
    },
    {
      "type": "Feature",
      "properties": {
        "osmWayId": 845455139,
        "kind": "footway",
        "streetName": null,
        "startNodeId": 7887810692,
        "endNodeId": 7887791293,
        "pieceIndex": 0,
        "lengthM": 126.27680211520179,
        "bearingDeg": 182.559597391548
      },
      "geometry": {
        "type": "LineString",
        "coordinates": [
          [
            -104.822241,
            38.828074
          ],
          [
            -104.8222779,
            38.8274299
          ],
          [
            -104.8223061,
            38.8269395
          ]
        ]
      }
    },
    {
      "type": "Feature",
      "properties": {
        "osmWayId": 845455140,
        "kind": "footway",
        "streetName": null,
        "startNodeId": 7887791289,
        "endNodeId": 7887778484,
        "pieceIndex": 0,
        "lengthM": 125.72410983321313,
        "bearingDeg": 181.91884102739658
      },
      "geometry": {
        "type": "LineString",
        "coordinates": [
          [
            -104.8223097,
            38.8267005
          ],
          [
            -104.8223196,
            38.8264453
          ],
          [
            -104.8223272,
            38.8262658
          ],
          [
            -104.8223394,
            38.8259742
          ],
          [
            -104.8223562,
            38.825572
          ],
          [
            -104.82235822738167,
            38.825572061208085
          ]
        ]
      }
    },
    {
      "type": "Feature",
      "properties": {
        "osmWayId": 845455140,
        "kind": "footway",
        "streetName": null,
        "startNodeId": 7887791289,
        "endNodeId": 7887778484,
        "pieceIndex": 1,
        "lengthM": 125.72410983224793,
        "bearingDeg": 272.27830738813077
      },
      "geometry": {
        "type": "LineString",
        "coordinates": [
          [
            -104.82235822738167,
            38.825572061208085
          ],
          [
            -104.8228332,
            38.8255864
          ],
          [
            -104.823095,
            38.8255949
          ],
          [
            -104.8238084,
            38.825617
          ]
        ]
      }
    },
    {
      "type": "Feature",
      "properties": {
        "osmWayId": 845455145,
        "kind": "footway",
        "streetName": null,
        "startNodeId": 7887848422,
        "endNodeId": 7887848428,
        "pieceIndex": 0,
        "lengthM": 144.97842121067254,
        "bearingDeg": 183.1102064897548
      },
      "geometry": {
        "type": "LineString",
        "coordinates": [
          [
            -104.8219829,
            38.8243639
          ],
          [
            -104.8220737,
            38.823062
          ]
        ]
      }
    },
    {
      "type": "Feature",
      "properties": {
        "osmWayId": 845455145,
        "kind": "footway",
        "streetName": null,
        "startNodeId": 7887848428,
        "endNodeId": 12140803362,
        "pieceIndex": 0,
        "lengthM": 11.002323681867766,
        "bearingDeg": 183.11438709128694
      },
      "geometry": {
        "type": "LineString",
        "coordinates": [
          [
            -104.8220737,
            38.823062
          ],
          [
            -104.8220806,
            38.8229632
          ]
        ]
      }
    },
    {
      "type": "Feature",
      "properties": {
        "osmWayId": 845455145,
        "kind": "footway",
        "streetName": null,
        "startNodeId": 12140803362,
        "endNodeId": 7887848426,
        "pieceIndex": 0,
        "lengthM": 132.71891171556223,
        "bearingDeg": 178.6693981988027
      },
      "geometry": {
        "type": "LineString",
        "coordinates": [
          [
            -104.8220806,
            38.8229632
          ],
          [
            -104.8221039,
            38.8226284
          ],
          [
            -104.8220615,
            38.8225926
          ],
          [
            -104.822011,
            38.8225694
          ],
          [
            -104.8220139,
            38.822506
          ],
          [
            -104.8220461,
            38.821806
          ]
        ]
      }
    },
    {
      "type": "Feature",
      "properties": {
        "osmWayId": 845455145,
        "kind": "footway",
        "streetName": null,
        "startNodeId": 7887848426,
        "endNodeId": 4753942040,
        "pieceIndex": 0,
        "lengthM": 11.095593160701643,
        "bearingDeg": 244.91823859464085
      },
      "geometry": {
        "type": "LineString",
        "coordinates": [
          [
            -104.8220461,
            38.821806
          ],
          [
            -104.8221621,
            38.8217637
          ]
        ]
      }
    },
    {
      "type": "Feature",
      "properties": {
        "osmWayId": 845455146,
        "kind": "footway",
        "streetName": null,
        "startNodeId": 4753942040,
        "endNodeId": 7887848440,
        "pieceIndex": 0,
        "lengthM": 124.23648409804531,
        "bearingDeg": 191.19745531271207
      },
      "geometry": {
        "type": "LineString",
        "coordinates": [
          [
            -104.8221621,
            38.8217637
          ],
          [
            -104.8222468,
            38.8217278
          ],
          [
            -104.8223584,
            38.8211172
          ],
          [
            -104.82243342682813,
            38.82069583369753
          ]
        ]
      }
    },
    {
      "type": "Feature",
      "properties": {
        "osmWayId": 845455146,
        "kind": "footway",
        "streetName": null,
        "startNodeId": 4753942040,
        "endNodeId": 7887848440,
        "pieceIndex": 1,
        "lengthM": 124.23648409698428,
        "bearingDeg": 180.96818638926771
      },
      "geometry": {
        "type": "LineString",
        "coordinates": [
          [
            -104.82243342682813,
            38.82069583369753
          ],
          [
            -104.8224509,
            38.8205977
          ],
          [
            -104.8224752,
            38.8201686
          ],
          [
            -104.8224752,
            38.8197726
          ],
          [
            -104.8224576213592,
            38.81958039427025
          ]
        ]
      }
    },
    {
      "type": "Feature",
      "properties": {
        "osmWayId": 845455146,
        "kind": "footway",
        "streetName": null,
        "startNodeId": 4753942040,
        "endNodeId": 7887848440,
        "pieceIndex": 2,
        "lengthM": 124.23648409622784,
        "bearingDeg": 174.72442693029734
      },
      "geometry": {
        "type": "LineString",
        "coordinates": [
          [
            -104.8224576213592,
            38.81958039427025
          ],
          [
            -104.8224479,
            38.8194741
          ],
          [
            -104.8224426,
            38.8194016
          ],
          [
            -104.8224418,
            38.8193564
          ],
          [
            -104.8224532,
            38.8193139
          ],
          [
            -104.8224479,
            38.8192932
          ],
          [
            -104.8224191,
            38.819253
          ],
          [
            -104.8223723,
            38.8188593
          ],
          [
            -104.8223265,
            38.818474
          ]
        ]
      }
    },
    {
      "type": "Feature",
      "properties": {
        "osmWayId": 847236924,
        "kind": "footway",
        "streetName": null,
        "startNodeId": 7905734571,
        "endNodeId": 13540176817,
        "pieceIndex": 0,
        "lengthM": 128.45734484488224,
        "bearingDeg": 92.98161939630586
      },
      "geometry": {
        "type": "LineString",
        "coordinates": [
          [
            -104.8179266,
            38.832176
          ],
          [
            -104.8174936,
            38.8321584
          ],
          [
            -104.8172886,
            38.8321501
          ],
          [
            -104.8172048,
            38.8321467
          ],
          [
            -104.8164456,
            38.8321159
          ]
        ]
      }
    },
    {
      "type": "Feature",
      "properties": {
        "osmWayId": 847236925,
        "kind": "footway",
        "streetName": null,
        "startNodeId": 7905900667,
        "endNodeId": 7905900620,
        "pieceIndex": 0,
        "lengthM": 146.0703482094878,
        "bearingDeg": 182.2804962945917
      },
      "geometry": {
        "type": "LineString",
        "coordinates": [
          [
            -104.817997,
            38.8307994
          ],
          [
            -104.8180436,
            38.8298874
          ],
          [
            -104.8180641,
            38.8294868
          ]
        ]
      }
    },
    {
      "type": "Feature",
      "properties": {
        "osmWayId": 847236925,
        "kind": "footway",
        "streetName": null,
        "startNodeId": 7905900620,
        "endNodeId": 7905900596,
        "pieceIndex": 0,
        "lengthM": 18.5063946966852,
        "bearingDeg": 182.2801688119253
      },
      "geometry": {
        "type": "LineString",
        "coordinates": [
          [
            -104.8180641,
            38.8294868
          ],
          [
            -104.8180726,
            38.8293205
          ]
        ]
      }
    },
    {
      "type": "Feature",
      "properties": {
        "osmWayId": 847236925,
        "kind": "footway",
        "streetName": null,
        "startNodeId": 7905900596,
        "endNodeId": 11701937326,
        "pieceIndex": 0,
        "lengthM": 125.36764367350241,
        "bearingDeg": 182.36018410163248
      },
      "geometry": {
        "type": "LineString",
        "coordinates": [
          [
            -104.8180726,
            38.8293205
          ],
          [
            -104.8180763,
            38.8292481
          ],
          [
            -104.8181051,
            38.8287139
          ],
          [
            -104.8181322,
            38.828194
          ]
        ]
      }
    },
    {
      "type": "Feature",
      "properties": {
        "osmWayId": 847236927,
        "kind": "footway",
        "streetName": null,
        "startNodeId": 7905734581,
        "endNodeId": 7967160803,
        "pieceIndex": 0,
        "lengthM": 94.00257821167187,
        "bearingDeg": 272.29852287209997
      },
      "geometry": {
        "type": "LineString",
        "coordinates": [
          [
            -104.8185942,
            38.8279549
          ],
          [
            -104.8196785,
            38.8279888
          ]
        ]
      }
    },
    {
      "type": "Feature",
      "properties": {
        "osmWayId": 847236929,
        "kind": "footway",
        "streetName": null,
        "startNodeId": 7905734584,
        "endNodeId": 7905900589,
        "pieceIndex": 0,
        "lengthM": 16.590091335829594,
        "bearingDeg": 183.62232789340564
      },
      "geometry": {
        "type": "LineString",
        "coordinates": [
          [
            -104.8203137,
            38.8283935
          ],
          [
            -104.8203258,
            38.8282446
          ]
        ]
      }
    },
    {
      "type": "Feature",
      "properties": {
        "osmWayId": 847236932,
        "kind": "footway",
        "streetName": null,
        "startNodeId": 7905900589,
        "endNodeId": 7905900590,
        "pieceIndex": 0,
        "lengthM": 12.256076402652646,
        "bearingDeg": 273.64126628866245
      },
      "geometry": {
        "type": "LineString",
        "coordinates": [
          [
            -104.8203258,
            38.8282446
          ],
          [
            -104.820467,
            38.8282516
          ]
        ]
      }
    },
    {
      "type": "Feature",
      "properties": {
        "osmWayId": 847236935,
        "kind": "footway",
        "streetName": null,
        "startNodeId": 7905900591,
        "endNodeId": 13540122552,
        "pieceIndex": 0,
        "lengthM": 16.451227985774267,
        "bearingDeg": 95.62433301131148
      },
      "geometry": {
        "type": "LineString",
        "coordinates": [
          [
            -104.820027,
            38.8280081
          ],
          [
            -104.819838,
            38.8279936
          ]
        ]
      }
    },
    {
      "type": "Feature",
      "properties": {
        "osmWayId": 847236937,
        "kind": "footway",
        "streetName": null,
        "startNodeId": 7905900592,
        "endNodeId": 13540122551,
        "pieceIndex": 0,
        "lengthM": 14.932998831019926,
        "bearingDeg": 177.83910649144525
      },
      "geometry": {
        "type": "LineString",
        "coordinates": [
          [
            -104.8200572,
            38.8280084
          ],
          [
            -104.8200507,
            38.8278742
          ]
        ]
      }
    },
    {
      "type": "Feature",
      "properties": {
        "osmWayId": 847236938,
        "kind": "footway",
        "streetName": null,
        "startNodeId": 7905900629,
        "endNodeId": 7905900634,
        "pieceIndex": 0,
        "lengthM": 125.83653093600515,
        "bearingDeg": 2.9772186384219594
      },
      "geometry": {
        "type": "LineString",
        "coordinates": [
          [
            -104.8200296,
            38.8282511
          ],
          [
            -104.8200161,
            38.8284676
          ],
          [
            -104.8199906,
            38.8288757
          ],
          [
            -104.8199697,
            38.8289961
          ],
          [
            -104.8199722,
            38.8291083
          ],
          [
            -104.81995419435499,
            38.82938056119269
          ]
        ]
      }
    },
    {
      "type": "Feature",
      "properties": {
        "osmWayId": 847236938,
        "kind": "footway",
        "streetName": null,
        "startNodeId": 7905900629,
        "endNodeId": 7905900634,
        "pieceIndex": 1,
        "lengthM": 125.83653093750999,
        "bearingDeg": 92.2925373287195
      },
      "geometry": {
        "type": "LineString",
        "coordinates": [
          [
            -104.81995419435499,
            38.82938056119269
          ],
          [
            -104.819954,
            38.8293835
          ],
          [
            -104.8196945,
            38.8293751
          ],
          [
            -104.8192323,
            38.8293602
          ],
          [
            -104.8185064,
            38.8293354
          ]
        ]
      }
    },
    {
      "type": "Feature",
      "properties": {
        "osmWayId": 847236938,
        "kind": "footway",
        "streetName": null,
        "startNodeId": 7905900634,
        "endNodeId": 7905900626,
        "pieceIndex": 0,
        "lengthM": 9.217197278937528,
        "bearingDeg": 92.5582896233542
      },
      "geometry": {
        "type": "LineString",
        "coordinates": [
          [
            -104.8185064,
            38.8293354
          ],
          [
            -104.8184001,
            38.8293317
          ]
        ]
      }
    },
    {
      "type": "Feature",
      "properties": {
        "osmWayId": 847236938,
        "kind": "footway",
        "streetName": null,
        "startNodeId": 7905900626,
        "endNodeId": 7905900625,
        "pieceIndex": 0,
        "lengthM": 18.77189453514666,
        "bearingDeg": 92.51222920006916
      },
      "geometry": {
        "type": "LineString",
        "coordinates": [
          [
            -104.8184001,
            38.8293317
          ],
          [
            -104.8181836,
            38.8293243
          ]
        ]
      }
    },
    {
      "type": "Feature",
      "properties": {
        "osmWayId": 847236938,
        "kind": "footway",
        "streetName": null,
        "startNodeId": 7905900625,
        "endNodeId": 7905900596,
        "pieceIndex": 0,
        "lengthM": 9.624419391901894,
        "bearingDeg": 92.51623309619225
      },
      "geometry": {
        "type": "LineString",
        "coordinates": [
          [
            -104.8181836,
            38.8293243
          ],
          [
            -104.8180726,
            38.8293205
          ]
        ]
      }
    },
    {
      "type": "Feature",
      "properties": {
        "osmWayId": 847236942,
        "kind": "footway",
        "streetName": null,
        "startNodeId": 7887810694,
        "endNodeId": 7887791298,
        "pieceIndex": 0,
        "lengthM": 124.67024401916673,
        "bearingDeg": 182.14235078902294
      },
      "geometry": {
        "type": "LineString",
        "coordinates": [
          [
            -104.8236796,
            38.8281161
          ],
          [
            -104.8237305,
            38.8270468
          ],
          [
            -104.8237334,
            38.8269957
          ]
        ]
      }
    },
    {
      "type": "Feature",
      "properties": {
        "osmWayId": 847236943,
        "kind": "footway",
        "streetName": null,
        "startNodeId": 7887791300,
        "endNodeId": 7905900602,
        "pieceIndex": 0,
        "lengthM": 125.28236128072223,
        "bearingDeg": 2.0049877612265163
      },
      "geometry": {
        "type": "LineString",
        "coordinates": [
          [
            -104.8240546,
            38.8270069
          ],
          [
            -104.824004,
            38.8281329
          ]
        ]
      }
    },
    {
      "type": "Feature",
      "properties": {
        "osmWayId": 847236944,
        "kind": "footway",
        "streetName": null,
        "startNodeId": 8811998079,
        "endNodeId": 7887791291,
        "pieceIndex": 0,
        "lengthM": 126.45262170229537,
        "bearingDeg": 2.4106988959520663
      },
      "geometry": {
        "type": "LineString",
        "coordinates": [
          [
            -104.82192,
            38.8255474
          ],
          [
            -104.8218993,
            38.8258958
          ],
          [
            -104.8218939,
            38.8259837
          ],
          [
            -104.821882,
            38.8262172
          ],
          [
            -104.8218683,
            38.8264821
          ],
          [
            -104.8218586,
            38.8266836
          ]
        ]
      }
    },
    {
      "type": "Feature",
      "properties": {
        "osmWayId": 847236945,
        "kind": "footway",
        "streetName": null,
        "startNodeId": 7887791292,
        "endNodeId": 7887810693,
        "pieceIndex": 0,
        "lengthM": 125.90555888949588,
        "bearingDeg": 3.1908471976933015
      },
      "geometry": {
        "type": "LineString",
        "coordinates": [
          [
            -104.8218677,
            38.8269296
          ],
          [
            -104.8218604,
            38.82707
          ],
          [
            -104.8218547,
            38.8271814
          ],
          [
            -104.8218142,
            38.8277039
          ],
          [
            -104.8217868,
            38.8280601
          ]
        ]
      }
    },
    {
      "type": "Feature",
      "properties": {
        "osmWayId": 847236946,
        "kind": "footway",
        "streetName": null,
        "startNodeId": 7905900587,
        "endNodeId": 7887810693,
        "pieceIndex": 0,
        "lengthM": 124.91695305427352,
        "bearingDeg": 272.57181324109337
      },
      "geometry": {
        "type": "LineString",
        "coordinates": [
          [
            -104.8203462,
            38.8280097
          ],
          [
            -104.82107,
            38.8280351
          ],
          [
            -104.8217868,
            38.8280601
          ]
        ]
      }
    },
    {
      "type": "Feature",
      "properties": {
        "osmWayId": 847236947,
        "kind": "footway",
        "streetName": null,
        "startNodeId": 7905900612,
        "endNodeId": 7905734570,
        "pieceIndex": 0,
        "lengthM": 121.12162486112565,
        "bearingDeg": 182.278809236494
      },
      "geometry": {
        "type": "LineString",
        "coordinates": [
          [
            -104.817852,
            38.8335052
          ],
          [
            -104.8178684,
            38.8332051
          ],
          [
            -104.8178788,
            38.8330169
          ],
          [
            -104.8178922,
            38.8327734
          ],
          [
            -104.8179076,
            38.8324168
          ]
        ]
      }
    },
    {
      "type": "Feature",
      "properties": {
        "osmWayId": 847236949,
        "kind": "footway",
        "streetName": null,
        "startNodeId": 7905900628,
        "endNodeId": 7905900629,
        "pieceIndex": 0,
        "lengthM": 125.55898973468013,
        "bearingDeg": 272.5789752133416
      },
      "geometry": {
        "type": "LineString",
        "coordinates": [
          [
            -104.8185816,
            38.8282003
          ],
          [
            -104.8188006,
            38.828208
          ],
          [
            -104.8192904,
            38.8282252
          ],
          [
            -104.8196111,
            38.8282365
          ],
          [
            -104.8200296,
            38.8282511
          ]
        ]
      }
    },
    {
      "type": "Feature",
      "properties": {
        "osmWayId": 847236950,
        "kind": "footway",
        "streetName": null,
        "startNodeId": 7905900628,
        "endNodeId": 7905900634,
        "pieceIndex": 0,
        "lengthM": 126.84617242604516,
        "bearingDeg": 2.9543922416292503
      },
      "geometry": {
        "type": "LineString",
        "coordinates": [
          [
            -104.8185816,
            38.8282003
          ],
          [
            -104.8185663,
            38.8282132
          ],
          [
            -104.8185497,
            38.8284734
          ],
          [
            -104.8185423,
            38.8286626
          ],
          [
            -104.8185308,
            38.828878
          ],
          [
            -104.8185064,
            38.8293354
          ]
        ]
      }
    },
    {
      "type": "Feature",
      "properties": {
        "osmWayId": 847236952,
        "kind": "footway",
        "streetName": null,
        "startNodeId": 7905900645,
        "endNodeId": 7905900638,
        "pieceIndex": 0,
        "lengthM": 126.21893387090182,
        "bearingDeg": 2.5369672623460247
      },
      "geometry": {
        "type": "LineString",
        "coordinates": [
          [
            -104.8184163,
            38.831058
          ],
          [
            -104.8183518,
            38.832192
          ]
        ]
      }
    },
    {
      "type": "Feature",
      "properties": {
        "osmWayId": 847236953,
        "kind": "footway",
        "streetName": null,
        "startNodeId": 7905900647,
        "endNodeId": 7905900662,
        "pieceIndex": 0,
        "lengthM": 140.986876957596,
        "bearingDeg": 92.31830162853498
      },
      "geometry": {
        "type": "LineString",
        "coordinates": [
          [
            -104.8179845,
            38.831044
          ],
          [
            -104.8178448,
            38.8310396
          ],
          [
            -104.8174359,
            38.8310267
          ],
          [
            -104.8172568,
            38.831021
          ],
          [
            -104.8163582,
            38.8309927
          ]
        ]
      }
    },
    {
      "type": "Feature",
      "properties": {
        "osmWayId": 847236953,
        "kind": "footway",
        "streetName": null,
        "startNodeId": 7905900662,
        "endNodeId": 8372530128,
        "pieceIndex": 0,
        "lengthM": 13.428627576008985,
        "bearingDeg": 92.32532048494016
      },
      "geometry": {
        "type": "LineString",
        "coordinates": [
          [
            -104.8163582,
            38.8309927
          ],
          [
            -104.8162033,
            38.8309878
          ]
        ]
      }
    },
    {
      "type": "Feature",
      "properties": {
        "osmWayId": 847236953,
        "kind": "footway",
        "streetName": null,
        "startNodeId": 8372530128,
        "endNodeId": 7905900667,
        "pieceIndex": 0,
        "lengthM": 128.16126232092356,
        "bearingDeg": 230.72856792506505
      },
      "geometry": {
        "type": "LineString",
        "coordinates": [
          [
            -104.8162033,
            38.8309878
          ],
          [
            -104.8160936,
            38.8309843
          ],
          [
            -104.8158588,
            38.8309764
          ],
          [
            -104.8157211,
            38.8309207
          ],
          [
            -104.8156968,
            38.8308809
          ],
          [
            -104.8156955,
            38.8308322
          ],
          [
            -104.8157644,
            38.8307835
          ],
          [
            -104.8159915,
            38.8307686
          ],
          [
            -104.8161561,
            38.8307716
          ],
          [
            -104.8162148,
            38.8307577
          ],
          [
            -104.8162646,
            38.8307726
          ],
          [
            -104.81652444816615,
            38.83078324207301
          ]
        ]
      }
    },
    {
      "type": "Feature",
      "properties": {
        "osmWayId": 847236953,
        "kind": "footway",
        "streetName": null,
        "startNodeId": 8372530128,
        "endNodeId": 7905900667,
        "pieceIndex": 1,
        "lengthM": 128.16126231938165,
        "bearingDeg": 270.80745674149966
      },
      "geometry": {
        "type": "LineString",
        "coordinates": [
          [
            -104.81652444816615,
            38.83078324207301
          ],
          [
            -104.816604,
            38.8307865
          ],
          [
            -104.816678,
            38.8307627
          ],
          [
            -104.8172687,
            38.8307791
          ],
          [
            -104.817997,
            38.8307994
          ]
        ]
      }
    },
    {
      "type": "Feature",
      "properties": {
        "osmWayId": 847239117,
        "kind": "road",
        "streetName": "East Cucharras Street",
        "startNodeId": 1973263859,
        "endNodeId": 55767038,
        "pieceIndex": 0,
        "lengthM": 13.532919599021383,
        "bearingDeg": 98.02944429720532
      },
      "geometry": {
        "type": "LineString",
        "coordinates": [
          [
            -104.8201865,
            38.8309903
          ],
          [
            -104.8200318,
            38.8309733
          ]
        ]
      }
    },
    {
      "type": "Feature",
      "properties": {
        "osmWayId": 847239117,
        "kind": "road",
        "streetName": "East Cucharras Street",
        "startNodeId": 55767038,
        "endNodeId": 2089572816,
        "pieceIndex": 0,
        "lengthM": 148.36657109797343,
        "bearingDeg": 92.25444807064048
      },
      "geometry": {
        "type": "LineString",
        "coordinates": [
          [
            -104.8200318,
            38.8309733
          ],
          [
            -104.819958,
            38.8309711
          ],
          [
            -104.8198703,
            38.8309684
          ],
          [
            -104.8195158,
            38.8309575
          ],
          [
            -104.8191506,
            38.8309463
          ],
          [
            -104.8187023,
            38.8309325
          ],
          [
            -104.8186723,
            38.8309316
          ],
          [
            -104.8184239,
            38.830924
          ],
          [
            -104.8183203,
            38.8309208
          ]
        ]
      }
    },
    {
      "type": "Feature",
      "properties": {
        "osmWayId": 847239117,
        "kind": "road",
        "streetName": "East Cucharras Street",
        "startNodeId": 2089572816,
        "endNodeId": 55767040,
        "pieceIndex": 0,
        "lengthM": 20.484616606639243,
        "bearingDeg": 92.27092493893247
      },
      "geometry": {
        "type": "LineString",
        "coordinates": [
          [
            -104.8183203,
            38.8309208
          ],
          [
            -104.818084,
            38.8309135
          ]
        ]
      }
    },
    {
      "type": "Feature",
      "properties": {
        "osmWayId": 847239117,
        "kind": "road",
        "streetName": "East Cucharras Street",
        "startNodeId": 55767040,
        "endNodeId": 55747557,
        "pieceIndex": 0,
        "lengthM": 149.05178049320074,
        "bearingDeg": 92.25690675701878
      },
      "geometry": {
        "type": "LineString",
        "coordinates": [
          [
            -104.818084,
            38.8309135
          ],
          [
            -104.8179913,
            38.8309107
          ],
          [
            -104.8178549,
            38.8309065
          ],
          [
            -104.8174446,
            38.8308939
          ],
          [
            -104.8172632,
            38.8308883
          ],
          [
            -104.8163646,
            38.8308607
          ]
        ]
      }
    },
    {
      "type": "Feature",
      "properties": {
        "osmWayId": 847239117,
        "kind": "road",
        "streetName": "East Cucharras Street",
        "startNodeId": 55747557,
        "endNodeId": 55767041,
        "pieceIndex": 0,
        "lengthM": 53.677327864344576,
        "bearingDeg": 92.25551508908916
      },
      "geometry": {
        "type": "LineString",
        "coordinates": [
          [
            -104.8163646,
            38.8308607
          ],
          [
            -104.8157454,
            38.8308417
          ]
        ]
      }
    },
    {
      "type": "Feature",
      "properties": {
        "osmWayId": 847239119,
        "kind": "road",
        "streetName": "East Cucharras Street",
        "startNodeId": 1973263913,
        "endNodeId": 1973263859,
        "pieceIndex": 0,
        "lengthM": 135.32889754785054,
        "bearingDeg": 92.34480593671674
      },
      "geometry": {
        "type": "LineString",
        "coordinates": [
          [
            -104.8217474,
            38.8310401
          ],
          [
            -104.8216357,
            38.8310392
          ],
          [
            -104.8215195,
            38.8310352
          ],
          [
            -104.8213539,
            38.8310304
          ],
          [
            -104.8212415,
            38.8310261
          ],
          [
            -104.8210724,
            38.8310211
          ],
          [
            -104.8209098,
            38.831018
          ],
          [
            -104.8204237,
            38.8309991
          ],
          [
            -104.8201865,
            38.8309903
          ]
        ]
      }
    },
    {
      "type": "Feature",
      "properties": {
        "osmWayId": 847239121,
        "kind": "footway",
        "streetName": null,
        "startNodeId": 3106396005,
        "endNodeId": 3106395994,
        "pieceIndex": 0,
        "lengthM": 15.567811853327145,
        "bearingDeg": 311.7904101679453
      },
      "geometry": {
        "type": "LineString",
        "coordinates": [
          [
            -104.8260984,
            38.8310628
          ],
          [
            -104.8262324,
            38.8311561
          ]
        ]
      }
    },
    {
      "type": "Feature",
      "properties": {
        "osmWayId": 847239122,
        "kind": "footway",
        "streetName": null,
        "startNodeId": 7905901570,
        "endNodeId": 7887810711,
        "pieceIndex": 0,
        "lengthM": 122.77479725283357,
        "bearingDeg": 182.23203375784524
      },
      "geometry": {
        "type": "LineString",
        "coordinates": [
          [
            -104.8258125,
            38.8295412
          ],
          [
            -104.8258339,
            38.8291082
          ],
          [
            -104.8258396,
            38.8289918
          ],
          [
            -104.8258511,
            38.8287527
          ],
          [
            -104.8258677,
            38.8284379
          ]
        ]
      }
    },
    {
      "type": "Feature",
      "properties": {
        "osmWayId": 847239123,
        "kind": "footway",
        "streetName": null,
        "startNodeId": 7887810709,
        "endNodeId": 7887778461,
        "pieceIndex": 0,
        "lengthM": 124.94215351628839,
        "bearingDeg": 182.30490004446236
      },
      "geometry": {
        "type": "LineString",
        "coordinates": [
          [
            -104.825439,
            38.8281786
          ],
          [
            -104.8254415,
            38.8279709
          ],
          [
            -104.8254612,
            38.8276439
          ],
          [
            -104.825497,
            38.827056
          ]
        ]
      }
    },
    {
      "type": "Feature",
      "properties": {
        "osmWayId": 847239124,
        "kind": "footway",
        "streetName": null,
        "startNodeId": 7887810710,
        "endNodeId": 8165230896,
        "pieceIndex": 0,
        "lengthM": 127.3630653586177,
        "bearingDeg": 272.7980946303951
      },
      "geometry": {
        "type": "LineString",
        "coordinates": [
          [
            -104.8258877,
            38.8281884
          ],
          [
            -104.8260016,
            38.828197
          ],
          [
            -104.8265775,
            38.8282171
          ],
          [
            -104.827191,
            38.8282386
          ],
          [
            -104.8273561,
            38.8282443
          ]
        ]
      }
    },
    {
      "type": "Feature",
      "properties": {
        "osmWayId": 854320827,
        "kind": "footway",
        "streetName": null,
        "startNodeId": 6040415808,
        "endNodeId": 7967144397,
        "pieceIndex": 0,
        "lengthM": 125.30771328780563,
        "bearingDeg": 182.16301215603258
      },
      "geometry": {
        "type": "LineString",
        "coordinates": [
          [
            -104.823388,
            38.8337288
          ],
          [
            -104.8234178,
            38.8331908
          ],
          [
            -104.8234426,
            38.8326027
          ]
        ]
      }
    },
    {
      "type": "Feature",
      "properties": {
        "osmWayId": 854320828,
        "kind": "footway",
        "streetName": null,
        "startNodeId": 6779483138,
        "endNodeId": 7967144399,
        "pieceIndex": 0,
        "lengthM": 126.48967077185567,
        "bearingDeg": 182.20951845305257
      },
      "geometry": {
        "type": "LineString",
        "coordinates": [
          [
            -104.8197318,
            38.833609
          ],
          [
            -104.8197376,
            38.8334758
          ],
          [
            -104.8197515,
            38.8331983
          ],
          [
            -104.8197708,
            38.8328159
          ],
          [
            -104.8197881,
            38.8324723
          ]
        ]
      }
    },
    {
      "type": "Feature",
      "properties": {
        "osmWayId": 854320830,
        "kind": "footway",
        "streetName": null,
        "startNodeId": 7967144399,
        "endNodeId": 7905734573,
        "pieceIndex": 0,
        "lengthM": 125.70462280709731,
        "bearingDeg": 92.26563827828147
      },
      "geometry": {
        "type": "LineString",
        "coordinates": [
          [
            -104.8197881,
            38.8324723
          ],
          [
            -104.8194304,
            38.8324613
          ],
          [
            -104.8192023,
            38.8324543
          ],
          [
            -104.8190724,
            38.8324503
          ],
          [
            -104.8187173,
            38.8324393
          ],
          [
            -104.818338,
            38.8324276
          ]
        ]
      }
    },
    {
      "type": "Feature",
      "properties": {
        "osmWayId": 854320831,
        "kind": "footway",
        "streetName": null,
        "startNodeId": 7967144410,
        "endNodeId": 7887791291,
        "pieceIndex": 0,
        "lengthM": 125.28996946450688,
        "bearingDeg": 1.9132162201144638
      },
      "geometry": {
        "type": "LineString",
        "coordinates": [
          [
            -104.820469,
            38.8254957
          ],
          [
            -104.8204598,
            38.8257109
          ],
          [
            -104.82042071325525,
            38.82662183007699
          ]
        ]
      }
    },
    {
      "type": "Feature",
      "properties": {
        "osmWayId": 854320831,
        "kind": "footway",
        "streetName": null,
        "startNodeId": 7967144410,
        "endNodeId": 7887791291,
        "pieceIndex": 1,
        "lengthM": 125.28996946364188,
        "bearingDeg": 273.15670569916455
      },
      "geometry": {
        "type": "LineString",
        "coordinates": [
          [
            -104.82042071325525,
            38.82662183007699
          ],
          [
            -104.8204205,
            38.8266268
          ],
          [
            -104.8211473,
            38.8266555
          ],
          [
            -104.8214727,
            38.8266684
          ],
          [
            -104.8218586,
            38.8266836
          ]
        ]
      }
    },
    {
      "type": "Feature",
      "properties": {
        "osmWayId": 854320833,
        "kind": "footway",
        "streetName": null,
        "startNodeId": 7967144419,
        "endNodeId": 7887791292,
        "pieceIndex": 0,
        "lengthM": 127.01166592681153,
        "bearingDeg": 272.32856180369146
      },
      "geometry": {
        "type": "LineString",
        "coordinates": [
          [
            -104.8204027,
            38.8268832
          ],
          [
            -104.8206423,
            38.8268908
          ],
          [
            -104.8208621,
            38.8268978
          ],
          [
            -104.8211344,
            38.8269064
          ],
          [
            -104.8215765,
            38.8269205
          ],
          [
            -104.8218677,
            38.8269296
          ]
        ]
      }
    },
    {
      "type": "Feature",
      "properties": {
        "osmWayId": 854320834,
        "kind": "footway",
        "streetName": null,
        "startNodeId": 7887791303,
        "endNodeId": 7887778450,
        "pieceIndex": 0,
        "lengthM": 126.21807858453087,
        "bearingDeg": 272.0350749158111
      },
      "geometry": {
        "type": "LineString",
        "coordinates": [
          [
            -104.8241418,
            38.8253922
          ],
          [
            -104.8248624,
            38.8254123
          ],
          [
            -104.8255979,
            38.8254325
          ]
        ]
      }
    },
    {
      "type": "Feature",
      "properties": {
        "osmWayId": 854322737,
        "kind": "footway",
        "streetName": null,
        "startNodeId": 7887778465,
        "endNodeId": 7967129469,
        "pieceIndex": 0,
        "lengthM": 126.90303473040086,
        "bearingDeg": 270.13098907265646
      },
      "geometry": {
        "type": "LineString",
        "coordinates": [
          [
            -104.8242015,
            38.8243555
          ],
          [
            -104.8249241,
            38.8243568
          ],
          [
            -104.8256664,
            38.8243581
          ]
        ]
      }
    },
    {
      "type": "Feature",
      "properties": {
        "osmWayId": 854322738,
        "kind": "footway",
        "streetName": null,
        "startNodeId": 7967129473,
        "endNodeId": 7967129474,
        "pieceIndex": 0,
        "lengthM": 124.48081967042998,
        "bearingDeg": 269.81855966306824
      },
      "geometry": {
        "type": "LineString",
        "coordinates": [
          [
            -104.8260767,
            38.8246045
          ],
          [
            -104.8265281,
            38.824604
          ],
          [
            -104.8275136397064,
            38.82460094611091
          ]
        ]
      }
    },
    {
      "type": "Feature",
      "properties": {
        "osmWayId": 854322738,
        "kind": "footway",
        "streetName": null,
        "startNodeId": 7967129473,
        "endNodeId": 7967129474,
        "pieceIndex": 1,
        "lengthM": 124.48081967054189,
        "bearingDeg": 269.5180698291149
      },
      "geometry": {
        "type": "LineString",
        "coordinates": [
          [
            -104.8275136397064,
            38.82460094611091
          ],
          [
            -104.8275285,
            38.8246009
          ],
          [
            -104.827646,
            38.8246004
          ],
          [
            -104.8278239,
            38.8245801
          ],
          [
            -104.82894859161155,
            38.82459153393313
          ]
        ]
      }
    },
    {
      "type": "Feature",
      "properties": {
        "osmWayId": 854322738,
        "kind": "footway",
        "streetName": null,
        "startNodeId": 7967129473,
        "endNodeId": 7967129474,
        "pieceIndex": 2,
        "lengthM": 124.48081966817114,
        "bearingDeg": 270.0191864777139
      },
      "geometry": {
        "type": "LineString",
        "coordinates": [
          [
            -104.82894859161155,
            38.82459153393313
          ],
          [
            -104.8290043,
            38.8245921
          ],
          [
            -104.829305,
            38.8245952
          ],
          [
            -104.8294386,
            38.8245948
          ],
          [
            -104.8295478,
            38.8245945
          ],
          [
            -104.8303855,
            38.8245919
          ]
        ]
      }
    },
    {
      "type": "Feature",
      "properties": {
        "osmWayId": 854322739,
        "kind": "footway",
        "streetName": null,
        "startNodeId": 11963278376,
        "endNodeId": 12093764169,
        "pieceIndex": 0,
        "lengthM": 98.29613158037213,
        "bearingDeg": 2.00995782537575
      },
      "geometry": {
        "type": "LineString",
        "coordinates": [
          [
            -104.8241455,
            38.8199205
          ],
          [
            -104.8241448,
            38.8199364
          ],
          [
            -104.8241074,
            38.8207724
          ],
          [
            -104.82410570516389,
            38.82080395249217
          ]
        ]
      }
    },
    {
      "type": "Feature",
      "properties": {
        "osmWayId": 854322739,
        "kind": "footway",
        "streetName": null,
        "startNodeId": 11963278376,
        "endNodeId": 12093764169,
        "pieceIndex": 1,
        "lengthM": 98.29613158191383,
        "bearingDeg": 4.4118735532985625
      },
      "geometry": {
        "type": "LineString",
        "coordinates": [
          [
            -104.82410570516389,
            38.82080395249217
          ],
          [
            -104.8240907,
            38.8210833
          ],
          [
            -104.8240436,
            38.8211117
          ],
          [
            -104.8240379,
            38.8212477
          ],
          [
            -104.82402,
            38.8216694
          ]
        ]
      }
    },
    {
      "type": "Feature",
      "properties": {
        "osmWayId": 854322739,
        "kind": "footway",
        "streetName": null,
        "startNodeId": 7967160790,
        "endNodeId": 12093764171,
        "pieceIndex": 0,
        "lengthM": 10.02556096275844,
        "bearingDeg": 6.400081425523183
      },
      "geometry": {
        "type": "LineString",
        "coordinates": [
          [
            -104.824011,
            38.8217401
          ],
          [
            -104.8239981,
            38.8218297
          ]
        ]
      }
    },
    {
      "type": "Feature",
      "properties": {
        "osmWayId": 854322739,
        "kind": "footway",
        "streetName": null,
        "startNodeId": 12093764171,
        "endNodeId": 12093764180,
        "pieceIndex": 0,
        "lengthM": 130.2270829152638,
        "bearingDeg": 1.789838445488499
      },
      "geometry": {
        "type": "LineString",
        "coordinates": [
          [
            -104.8239981,
            38.8218297
          ],
          [
            -104.8239966,
            38.8218399
          ],
          [
            -104.8240087,
            38.8218895
          ],
          [
            -104.8239658,
            38.8227165
          ],
          [
            -104.8239512,
            38.822999
          ]
        ]
      }
    },
    {
      "type": "Feature",
      "properties": {
        "osmWayId": 854322740,
        "kind": "footway",
        "streetName": null,
        "startNodeId": 7967160795,
        "endNodeId": 7967160792,
        "pieceIndex": 0,
        "lengthM": 135.29862741547797,
        "bearingDeg": 90.76086781015363
      },
      "geometry": {
        "type": "LineString",
        "coordinates": [
          [
            -104.8202232,
            38.8243765
          ],
          [
            -104.8187635,
            38.8243886
          ],
          [
            -104.8186681,
            38.8243604
          ]
        ]
      }
    },
    {
      "type": "Feature",
      "properties": {
        "osmWayId": 854322741,
        "kind": "footway",
        "streetName": null,
        "startNodeId": 12093790210,
        "endNodeId": 7967144417,
        "pieceIndex": 0,
        "lengthM": 112.13316523570379,
        "bearingDeg": 2.5439102036647796
      },
      "geometry": {
        "type": "LineString",
        "coordinates": [
          [
            -104.8202098,
            38.8246117
          ],
          [
            -104.8201829,
            38.8250648
          ],
          [
            -104.820163,
            38.8254076
          ],
          [
            -104.82015234686526,
            38.8256191388574
          ]
        ]
      }
    },
    {
      "type": "Feature",
      "properties": {
        "osmWayId": 854322741,
        "kind": "footway",
        "streetName": null,
        "startNodeId": 12093790210,
        "endNodeId": 7967144417,
        "pieceIndex": 1,
        "lengthM": 112.13316523613894,
        "bearingDeg": 2.2467675049946934
      },
      "geometry": {
        "type": "LineString",
        "coordinates": [
          [
            -104.82015234686526,
            38.8256191388574
          ],
          [
            -104.8201016,
            38.8266268
          ]
        ]
      }
    },
    {
      "type": "Feature",
      "properties": {
        "osmWayId": 854322742,
        "kind": "footway",
        "streetName": null,
        "startNodeId": 7967144418,
        "endNodeId": 7967160798,
        "pieceIndex": 0,
        "lengthM": 96.16026976809025,
        "bearingDeg": 92.43866700455919
      },
      "geometry": {
        "type": "LineString",
        "coordinates": [
          [
            -104.8200914,
            38.8268793
          ],
          [
            -104.8194771,
            38.8268545
          ],
          [
            -104.8189824,
            38.8268425
          ]
        ]
      }
    },
    {
      "type": "Feature",
      "properties": {
        "osmWayId": 854322742,
        "kind": "footway",
        "streetName": null,
        "startNodeId": 7967160798,
        "endNodeId": 7967144418,
        "pieceIndex": 0,
        "lengthM": 117.52699620546304,
        "bearingDeg": 317.94382799347835
      },
      "geometry": {
        "type": "LineString",
        "coordinates": [
          [
            -104.8189824,
            38.8268425
          ],
          [
            -104.8193672,
            38.8271618
          ],
          [
            -104.8194503,
            38.827254
          ],
          [
            -104.8197876,
            38.8275396
          ],
          [
            -104.81989040647484,
            38.82762656269233
          ]
        ]
      }
    },
    {
      "type": "Feature",
      "properties": {
        "osmWayId": 854322742,
        "kind": "footway",
        "streetName": null,
        "startNodeId": 7967160798,
        "endNodeId": 7967144418,
        "pieceIndex": 1,
        "lengthM": 117.5269962034721,
        "bearingDeg": 191.83463640558494
      },
      "geometry": {
        "type": "LineString",
        "coordinates": [
          [
            -104.81989040647484,
            38.82762656269233
          ],
          [
            -104.8200452,
            38.8277575
          ],
          [
            -104.820056,
            38.8275467
          ],
          [
            -104.8200708,
            38.8272657
          ],
          [
            -104.8200914,
            38.8268793
          ]
        ]
      }
    },
    {
      "type": "Feature",
      "properties": {
        "osmWayId": 854322743,
        "kind": "footway",
        "streetName": null,
        "startNodeId": 7967144419,
        "endNodeId": 7905900587,
        "pieceIndex": 0,
        "lengthM": 125.35685424722593,
        "bearingDeg": 2.2375567731715478
      },
      "geometry": {
        "type": "LineString",
        "coordinates": [
          [
            -104.8204027,
            38.8268832
          ],
          [
            -104.8203635,
            38.8276582
          ],
          [
            -104.8203462,
            38.8280097
          ]
        ]
      }
    },
    {
      "type": "Feature",
      "properties": {
        "osmWayId": 854322744,
        "kind": "footway",
        "streetName": null,
        "startNodeId": 7967160803,
        "endNodeId": 7967160805,
        "pieceIndex": 0,
        "lengthM": 108.12792231257886,
        "bearingDeg": 142.48683927759123
      },
      "geometry": {
        "type": "LineString",
        "coordinates": [
          [
            -104.8196785,
            38.8279888
          ],
          [
            -104.8197421,
            38.8279239
          ],
          [
            -104.8191964,
            38.8274614
          ],
          [
            -104.8189683,
            38.8272681
          ]
        ]
      }
    },
    {
      "type": "Feature",
      "properties": {
        "osmWayId": 854322745,
        "kind": "footway",
        "streetName": null,
        "startNodeId": 3174483347,
        "endNodeId": 7967160807,
        "pieceIndex": 0,
        "lengthM": 18.683316524767285,
        "bearingDeg": 177.07646822451443
      },
      "geometry": {
        "type": "LineString",
        "coordinates": [
          [
            -104.8185985,
            38.8271045
          ],
          [
            -104.8185885,
            38.82696
          ],
          [
            -104.8185875,
            38.8269367
          ]
        ]
      }
    },
    {
      "type": "Feature",
      "properties": {
        "osmWayId": 854322749,
        "kind": "footway",
        "streetName": null,
        "startNodeId": 7967160814,
        "endNodeId": 7967160813,
        "pieceIndex": 0,
        "lengthM": 75.75185722339522,
        "bearingDeg": 186.29511977493348
      },
      "geometry": {
        "type": "LineString",
        "coordinates": [
          [
            -104.818602,
            38.826557
          ],
          [
            -104.8186551,
            38.8264711
          ],
          [
            -104.818697,
            38.8258861
          ]
        ]
      }
    },
    {
      "type": "Feature",
      "properties": {
        "osmWayId": 854322750,
        "kind": "footway",
        "streetName": null,
        "startNodeId": 7967160814,
        "endNodeId": 7967144417,
        "pieceIndex": 0,
        "lengthM": 130.96989833303064,
        "bearingDeg": 273.41965791753915
      },
      "geometry": {
        "type": "LineString",
        "coordinates": [
          [
            -104.818602,
            38.826557
          ],
          [
            -104.8186562,
            38.8265857
          ],
          [
            -104.8193819,
            38.8266063
          ],
          [
            -104.8201016,
            38.8266268
          ]
        ]
      }
    },
    {
      "type": "Feature",
      "properties": {
        "osmWayId": 855555128,
        "kind": "footway",
        "streetName": null,
        "startNodeId": 7978148870,
        "endNodeId": 11701937356,
        "pieceIndex": 0,
        "lengthM": 139.9741441235032,
        "bearingDeg": 272.31087545713694
      },
      "geometry": {
        "type": "LineString",
        "coordinates": [
          [
            -104.8084594,
            38.8238913
          ],
          [
            -104.81007386658096,
            38.82394204617774
          ]
        ]
      }
    },
    {
      "type": "Feature",
      "properties": {
        "osmWayId": 855555128,
        "kind": "footway",
        "streetName": null,
        "startNodeId": 7978148870,
        "endNodeId": 11701937356,
        "pieceIndex": 1,
        "lengthM": 139.97414412435865,
        "bearingDeg": 272.3123280203355
      },
      "geometry": {
        "type": "LineString",
        "coordinates": [
          [
            -104.81007386658096,
            38.82394204617774
          ],
          [
            -104.8107057,
            38.8239619
          ],
          [
            -104.8108001,
            38.8239649
          ],
          [
            -104.8108961,
            38.8239679
          ],
          [
            -104.81168833264893,
            38.82399282424265
          ]
        ]
      }
    },
    {
      "type": "Feature",
      "properties": {
        "osmWayId": 855555128,
        "kind": "footway",
        "streetName": null,
        "startNodeId": 7978148870,
        "endNodeId": 11701937356,
        "pieceIndex": 2,
        "lengthM": 139.97414412264104,
        "bearingDeg": 272.312222888498
      },
      "geometry": {
        "type": "LineString",
        "coordinates": [
          [
            -104.81168833264893,
            38.82399282424265
          ],
          [
            -104.8133028,
            38.8240436
          ]
        ]
      }
    },
    {
      "type": "Feature",
      "properties": {
        "osmWayId": 855555128,
        "kind": "footway",
        "streetName": null,
        "startNodeId": 11701937356,
        "endNodeId": 7978215366,
        "pieceIndex": 0,
        "lengthM": 8.496666464027248,
        "bearingDeg": 272.32512480046427
      },
      "geometry": {
        "type": "LineString",
        "coordinates": [
          [
            -104.8133028,
            38.8240436
          ],
          [
            -104.8134008,
            38.8240467
          ]
        ]
      }
    },
    {
      "type": "Feature",
      "properties": {
        "osmWayId": 855555128,
        "kind": "footway",
        "streetName": null,
        "startNodeId": 7978215366,
        "endNodeId": 11999632153,
        "pieceIndex": 0,
        "lengthM": 8.124016679608335,
        "bearingDeg": 272.3533482103227
      },
      "geometry": {
        "type": "LineString",
        "coordinates": [
          [
            -104.8134008,
            38.8240467
          ],
          [
            -104.8134945,
            38.8240497
          ]
        ]
      }
    },
    {
      "type": "Feature",
      "properties": {
        "osmWayId": 855555128,
        "kind": "footway",
        "streetName": null,
        "startNodeId": 11999632153,
        "endNodeId": 7978215368,
        "pieceIndex": 0,
        "lengthM": 141.74545651871537,
        "bearingDeg": 272.3114059778307
      },
      "geometry": {
        "type": "LineString",
        "coordinates": [
          [
            -104.8134945,
            38.8240497
          ],
          [
            -104.8142485,
            38.8240734
          ],
          [
            -104.8151294,
            38.8241011
          ]
        ]
      }
    },
    {
      "type": "Feature",
      "properties": {
        "osmWayId": 855555128,
        "kind": "footway",
        "streetName": null,
        "startNodeId": 7978215368,
        "endNodeId": 7978215364,
        "pieceIndex": 0,
        "lengthM": 80.35313319530681,
        "bearingDeg": 272.30818434654117
      },
      "geometry": {
        "type": "LineString",
        "coordinates": [
          [
            -104.8151294,
            38.8241011
          ],
          [
            -104.8160562,
            38.8241302
          ]
        ]
      }
    },
    {
      "type": "Feature",
      "properties": {
        "osmWayId": 855555128,
        "kind": "footway",
        "streetName": null,
        "startNodeId": 11999673151,
        "endNodeId": 7978148871,
        "pieceIndex": 0,
        "lengthM": 53.67639020710217,
        "bearingDeg": 272.32721546689015
      },
      "geometry": {
        "type": "LineString",
        "coordinates": [
          [
            -104.8161207,
            38.8241322
          ],
          [
            -104.8167398,
            38.8241518
          ]
        ]
      }
    },
    {
      "type": "Feature",
      "properties": {
        "osmWayId": 855555131,
        "kind": "footway",
        "streetName": null,
        "startNodeId": 7978148883,
        "endNodeId": 4337922902,
        "pieceIndex": 0,
        "lengthM": 15.73924576312923,
        "bearingDeg": 92.59144989786381
      },
      "geometry": {
        "type": "LineString",
        "coordinates": [
          [
            -104.8157364,
            38.8243603
          ],
          [
            -104.8155549,
            38.8243539
          ]
        ]
      }
    },
    {
      "type": "Feature",
      "properties": {
        "osmWayId": 855555131,
        "kind": "footway",
        "streetName": null,
        "startNodeId": 4337922902,
        "endNodeId": 7978148882,
        "pieceIndex": 0,
        "lengthM": 99.62420947615458,
        "bearingDeg": 93.0323051787779
      },
      "geometry": {
        "type": "LineString",
        "coordinates": [
          [
            -104.8155549,
            38.8243539
          ],
          [
            -104.8144065,
            38.8243065
          ]
        ]
      }
    },
    {
      "type": "Feature",
      "properties": {
        "osmWayId": 855555131,
        "kind": "footway",
        "streetName": null,
        "startNodeId": 4337945791,
        "endNodeId": 7978148879,
        "pieceIndex": 0,
        "lengthM": 80.16591306377869,
        "bearingDeg": 92.17458265273552
      },
      "geometry": {
        "type": "LineString",
        "coordinates": [
          [
            -104.8143163,
            38.8243028
          ],
          [
            -104.8139471,
            38.8242898
          ],
          [
            -104.8138485,
            38.8242408
          ],
          [
            -104.8134843,
            38.8242266
          ],
          [
            -104.8134669,
            38.8242378
          ],
          [
            -104.8134578,
            38.8242774
          ]
        ]
      }
    },
    {
      "type": "Feature",
      "properties": {
        "osmWayId": 855555131,
        "kind": "footway",
        "streetName": null,
        "startNodeId": 7978148881,
        "endNodeId": 11701937358,
        "pieceIndex": 0,
        "lengthM": 8.409200083720037,
        "bearingDeg": 92.19761697919927
      },
      "geometry": {
        "type": "LineString",
        "coordinates": [
          [
            -104.813392,
            38.8242754
          ],
          [
            -104.813295,
            38.8242725
          ]
        ]
      }
    },
    {
      "type": "Feature",
      "properties": {
        "osmWayId": 855555131,
        "kind": "footway",
        "streetName": null,
        "startNodeId": 11701937358,
        "endNodeId": 7978148869,
        "pieceIndex": 0,
        "lengthM": 139.88742098488686,
        "bearingDeg": 92.22394012689244
      },
      "geometry": {
        "type": "LineString",
        "coordinates": [
          [
            -104.813295,
            38.8242725
          ],
          [
            -104.81168143036945,
            38.82422367039573
          ]
        ]
      }
    },
    {
      "type": "Feature",
      "properties": {
        "osmWayId": 855555131,
        "kind": "footway",
        "streetName": null,
        "startNodeId": 11701937358,
        "endNodeId": 7978148869,
        "pieceIndex": 1,
        "lengthM": 139.88742098540737,
        "bearingDeg": 92.22459962459811
      },
      "geometry": {
        "type": "LineString",
        "coordinates": [
          [
            -104.81168143036945,
            38.82422367039573
          ],
          [
            -104.8108896,
            38.8241997
          ],
          [
            -104.8107944,
            38.8241968
          ],
          [
            -104.8107004,
            38.824194
          ],
          [
            -104.81006786258892,
            38.82417482632257
          ]
        ]
      }
    },
    {
      "type": "Feature",
      "properties": {
        "osmWayId": 855555131,
        "kind": "footway",
        "streetName": null,
        "startNodeId": 11701937358,
        "endNodeId": 7978148869,
        "pieceIndex": 2,
        "lengthM": 139.88742098600582,
        "bearingDeg": 92.22834838069014
      },
      "geometry": {
        "type": "LineString",
        "coordinates": [
          [
            -104.81006786258892,
            38.82417482632257
          ],
          [
            -104.8084543,
            38.8241259
          ]
        ]
      }
    },
    {
      "type": "Feature",
      "properties": {
        "osmWayId": 855555139,
        "kind": "footway",
        "streetName": null,
        "startNodeId": 6779442930,
        "endNodeId": 11701937361,
        "pieceIndex": 0,
        "lengthM": 139.0548816458701,
        "bearingDeg": 272.21381937324384
      },
      "geometry": {
        "type": "LineString",
        "coordinates": [
          [
            -104.8084483,
            38.8251363
          ],
          [
            -104.81005229910421,
            38.82518459626555
          ]
        ]
      }
    },
    {
      "type": "Feature",
      "properties": {
        "osmWayId": 855555139,
        "kind": "footway",
        "streetName": null,
        "startNodeId": 6779442930,
        "endNodeId": 11701937361,
        "pieceIndex": 1,
        "lengthM": 139.05488164370723,
        "bearingDeg": 272.2124569632889
      },
      "geometry": {
        "type": "LineString",
        "coordinates": [
          [
            -104.81005229910421,
            38.82518459626555
          ],
          [
            -104.810677,
            38.8252034
          ],
          [
            -104.8107736,
            38.8252063
          ],
          [
            -104.8108614,
            38.8252089
          ],
          [
            -104.81165630075064,
            38.825232862816435
          ]
        ]
      }
    },
    {
      "type": "Feature",
      "properties": {
        "osmWayId": 855555139,
        "kind": "footway",
        "streetName": null,
        "startNodeId": 6779442930,
        "endNodeId": 11701937361,
        "pieceIndex": 2,
        "lengthM": 139.0548816462146,
        "bearingDeg": 272.21569549541636
      },
      "geometry": {
        "type": "LineString",
        "coordinates": [
          [
            -104.81165630075064,
            38.825232862816435
          ],
          [
            -104.8132603,
            38.8252812
          ]
        ]
      }
    },
    {
      "type": "Feature",
      "properties": {
        "osmWayId": 855555140,
        "kind": "footway",
        "streetName": null,
        "startNodeId": 11701937359,
        "endNodeId": 7978215300,
        "pieceIndex": 0,
        "lengthM": 139.47837066796373,
        "bearingDeg": 92.31424739080694
      },
      "geometry": {
        "type": "LineString",
        "coordinates": [
          [
            -104.8132688,
            38.8250351
          ],
          [
            -104.81166003195754,
            38.82498443769736
          ]
        ]
      }
    },
    {
      "type": "Feature",
      "properties": {
        "osmWayId": 855555140,
        "kind": "footway",
        "streetName": null,
        "startNodeId": 11701937359,
        "endNodeId": 7978215300,
        "pieceIndex": 1,
        "lengthM": 139.47837066778064,
        "bearingDeg": 92.31301568517301
      },
      "geometry": {
        "type": "LineString",
        "coordinates": [
          [
            -104.81166003195754,
            38.82498443769736
          ],
          [
            -104.8108684,
            38.8249595
          ],
          [
            -104.8107793,
            38.8249567
          ],
          [
            -104.8106828,
            38.8249537
          ],
          [
            -104.81005126367504,
            38.82493380233847
          ]
        ]
      }
    },
    {
      "type": "Feature",
      "properties": {
        "osmWayId": 855555140,
        "kind": "footway",
        "streetName": null,
        "startNodeId": 11701937359,
        "endNodeId": 7978215300,
        "pieceIndex": 2,
        "lengthM": 139.47837066886612,
        "bearingDeg": 92.31607762011254
      },
      "geometry": {
        "type": "LineString",
        "coordinates": [
          [
            -104.81005126367504,
            38.82493380233847
          ],
          [
            -104.8084425,
            38.8248831
          ]
        ]
      }
    },
    {
      "type": "Feature",
      "properties": {
        "osmWayId": 858781258,
        "kind": "road",
        "streetName": "East Vermijo Avenue",
        "startNodeId": 1973263577,
        "endNodeId": 1973264008,
        "pieceIndex": 0,
        "lengthM": 42.5143272475241,
        "bearingDeg": 94.00425925713296
      },
      "geometry": {
        "type": "LineString",
        "coordinates": [
          [
            -104.8218268,
            38.829552
          ],
          [
            -104.8217139,
            38.8295462
          ],
          [
            -104.8213372,
            38.8295253
          ]
        ]
      }
    },
    {
      "type": "Feature",
      "properties": {
        "osmWayId": 858781258,
        "kind": "road",
        "streetName": "East Vermijo Avenue",
        "startNodeId": 1973264008,
        "endNodeId": 1973263940,
        "pieceIndex": 0,
        "lengthM": 106.3874928725555,
        "bearingDeg": 92.49761803342062
      },
      "geometry": {
        "type": "LineString",
        "coordinates": [
          [
            -104.8213372,
            38.8295253
          ],
          [
            -104.8211354,
            38.8295188
          ],
          [
            -104.82028,
            38.82949
          ],
          [
            -104.8201798,
            38.8294859
          ],
          [
            -104.8201102,
            38.8294836
          ]
        ]
      }
    },
    {
      "type": "Feature",
      "properties": {
        "osmWayId": 858781259,
        "kind": "road",
        "streetName": "South Tejon Street",
        "startNodeId": 1973263681,
        "endNodeId": 55768007,
        "pieceIndex": 0,
        "lengthM": 141.57486033209778,
        "bearingDeg": 182.39159170880455
      },
      "geometry": {
        "type": "LineString",
        "coordinates": [
          [
            -104.8237641,
            38.8295176
          ],
          [
            -104.8237833,
            38.8291845
          ],
          [
            -104.8237859,
            38.8291301
          ],
          [
            -104.8237885,
            38.8290806
          ],
          [
            -104.8238017,
            38.828829
          ],
          [
            -104.8238136,
            38.8286014
          ],
          [
            -104.8238258,
            38.8283686
          ],
          [
            -104.8238323,
            38.8282455
          ]
        ]
      }
    },
    {
      "type": "Feature",
      "properties": {
        "osmWayId": 858781739,
        "kind": "road",
        "streetName": "East Vermijo Avenue",
        "startNodeId": 1973263940,
        "endNodeId": 3171796851,
        "pieceIndex": 0,
        "lengthM": 36.337571944782,
        "bearingDeg": 91.73588545971347
      },
      "geometry": {
        "type": "LineString",
        "coordinates": [
          [
            -104.8201102,
            38.8294836
          ],
          [
            -104.8200419,
            38.829482
          ],
          [
            -104.8199536,
            38.8294799
          ],
          [
            -104.8196909,
            38.8294737
          ]
        ]
      }
    },
    {
      "type": "Feature",
      "properties": {
        "osmWayId": 858781740,
        "kind": "road",
        "streetName": "South Weber Street",
        "startNodeId": 1973263940,
        "endNodeId": 55774425,
        "pieceIndex": 0,
        "lengthM": 14.65658416717221,
        "bearingDeg": 2.3371695885329586
      },
      "geometry": {
        "type": "LineString",
        "coordinates": [
          [
            -104.8201102,
            38.8294836
          ],
          [
            -104.8201033,
            38.8296153
          ]
        ]
      }
    },
    {
      "type": "Feature",
      "properties": {
        "osmWayId": 858781741,
        "kind": "road",
        "streetName": "East Vermijo Avenue",
        "startNodeId": 55774425,
        "endNodeId": 55772273,
        "pieceIndex": 0,
        "lengthM": 148.87957068746266,
        "bearingDeg": 272.461940214758
      },
      "geometry": {
        "type": "LineString",
        "coordinates": [
          [
            -104.8201033,
            38.8296153
          ],
          [
            -104.8201733,
            38.8296176
          ],
          [
            -104.8202713,
            38.8296213
          ],
          [
            -104.8206544,
            38.8296359
          ],
          [
            -104.8209694,
            38.8296481
          ],
          [
            -104.821708,
            38.829669
          ],
          [
            -104.8218204,
            38.8296728
          ]
        ]
      }
    },
    {
      "type": "Feature",
      "properties": {
        "osmWayId": 858781742,
        "kind": "road",
        "streetName": "South Weber Street",
        "startNodeId": 55774425,
        "endNodeId": 55767038,
        "pieceIndex": 0,
        "lengthM": 75.56628889852429,
        "bearingDeg": 2.3504558060958516
      },
      "geometry": {
        "type": "LineString",
        "coordinates": [
          [
            -104.8201033,
            38.8296153
          ],
          [
            -104.8200983,
            38.8297439
          ],
          [
            -104.8200801,
            38.8300553
          ],
          [
            -104.820078,
            38.8300952
          ],
          [
            -104.82006752313264,
            38.83029430072413
          ]
        ]
      }
    },
    {
      "type": "Feature",
      "properties": {
        "osmWayId": 858781742,
        "kind": "road",
        "streetName": "South Weber Street",
        "startNodeId": 55774425,
        "endNodeId": 55767038,
        "pieceIndex": 1,
        "lengthM": 75.56628889803659,
        "bearingDeg": 2.346912151726883
      },
      "geometry": {
        "type": "LineString",
        "coordinates": [
          [
            -104.82006752313264,
            38.83029430072413
          ],
          [
            -104.8200514,
            38.8306007
          ],
          [
            -104.8200393,
            38.8308661
          ],
          [
            -104.8200318,
            38.8309733
          ]
        ]
      }
    },
    {
      "type": "Feature",
      "properties": {
        "osmWayId": 858781742,
        "kind": "road",
        "streetName": "South Weber Street",
        "startNodeId": 55767038,
        "endNodeId": 55774421,
        "pieceIndex": 0,
        "lengthM": 77.39596370772149,
        "bearingDeg": 2.3707117743463755
      },
      "geometry": {
        "type": "LineString",
        "coordinates": [
          [
            -104.8200318,
            38.8309733
          ],
          [
            -104.820025,
            38.8311018
          ],
          [
            -104.8200144,
            38.8312955
          ],
          [
            -104.8200107,
            38.8313632
          ],
          [
            -104.8200077,
            38.8314301
          ],
          [
            -104.8199969,
            38.8316277
          ],
          [
            -104.81999484007613,
            38.831668740087906
          ]
        ]
      }
    },
    {
      "type": "Feature",
      "properties": {
        "osmWayId": 858781742,
        "kind": "road",
        "streetName": "South Weber Street",
        "startNodeId": 55767038,
        "endNodeId": 55774421,
        "pieceIndex": 1,
        "lengthM": 77.39596370821823,
        "bearingDeg": 2.3309081364670874
      },
      "geometry": {
        "type": "LineString",
        "coordinates": [
          [
            -104.81999484007613,
            38.831668740087906
          ],
          [
            -104.8199891,
            38.8317831
          ],
          [
            -104.8199855,
            38.8318521
          ],
          [
            -104.8199843,
            38.8318751
          ],
          [
            -104.8199769,
            38.8320151
          ],
          [
            -104.8199732,
            38.8320863
          ],
          [
            -104.8199648,
            38.8322335
          ],
          [
            -104.8199585,
            38.8323642
          ]
        ]
      }
    },
    {
      "type": "Feature",
      "properties": {
        "osmWayId": 859625190,
        "kind": "road",
        "streetName": "East Colorado Avenue",
        "startNodeId": 1989249257,
        "endNodeId": 12426812472,
        "pieceIndex": 0,
        "lengthM": 59.78674978426679,
        "bearingDeg": 92.01422468811131
      },
      "geometry": {
        "type": "LineString",
        "coordinates": [
          [
            -104.8244945,
            38.8325007
          ],
          [
            -104.8238047,
            38.8324818
          ]
        ]
      }
    },
    {
      "type": "Feature",
      "properties": {
        "osmWayId": 874896497,
        "kind": "cycleway",
        "streetName": "Shooks Run Trail",
        "startNodeId": 554144565,
        "endNodeId": 554144568,
        "pieceIndex": 0,
        "lengthM": 18.006806829648273,
        "bearingDeg": 160.7036054716932
      },
      "geometry": {
        "type": "LineString",
        "coordinates": [
          [
            -104.8170669,
            38.8214
          ],
          [
            -104.8170661,
            38.8213406
          ],
          [
            -104.8170003,
            38.8212518
          ]
        ]
      }
    },
    {
      "type": "Feature",
      "properties": {
        "osmWayId": 874896497,
        "kind": "cycleway",
        "streetName": "Shooks Run Trail",
        "startNodeId": 554144568,
        "endNodeId": 554144571,
        "pieceIndex": 0,
        "lengthM": 51.22407837683352,
        "bearingDeg": 108.25516530720415
      },
      "geometry": {
        "type": "LineString",
        "coordinates": [
          [
            -104.8170003,
            38.8212518
          ],
          [
            -104.8168946,
            38.8211374
          ],
          [
            -104.8168451,
            38.821097
          ],
          [
            -104.8167713,
            38.8210638
          ],
          [
            -104.8166869,
            38.8210595
          ],
          [
            -104.8165967,
            38.8211065
          ],
          [
            -104.8165497,
            38.821136
          ]
        ]
      }
    },
    {
      "type": "Feature",
      "properties": {
        "osmWayId": 874896497,
        "kind": "cycleway",
        "streetName": "Shooks Run Trail",
        "startNodeId": 554144571,
        "endNodeId": 2143455161,
        "pieceIndex": 0,
        "lengthM": 31.864505479153376,
        "bearingDeg": 32.680200589117874
      },
      "geometry": {
        "type": "LineString",
        "coordinates": [
          [
            -104.8165497,
            38.821136
          ],
          [
            -104.8163511,
            38.8213772
          ]
        ]
      }
    },
    {
      "type": "Feature",
      "properties": {
        "osmWayId": 874896498,
        "kind": "cycleway",
        "streetName": "Shooks Run Trail",
        "startNodeId": 12093790243,
        "endNodeId": 554144147,
        "pieceIndex": 0,
        "lengthM": 8.95124168938475,
        "bearingDeg": 180.1663571115592
      },
      "geometry": {
        "type": "LineString",
        "coordinates": [
          [
            -104.8170626,
            38.8216097
          ],
          [
            -104.8170629,
            38.8215292
          ]
        ]
      }
    },
    {
      "type": "Feature",
      "properties": {
        "osmWayId": 877423151,
        "kind": "road",
        "streetName": "East Colorado Avenue",
        "startNodeId": 55772272,
        "endNodeId": 6042344020,
        "pieceIndex": 0,
        "lengthM": 18.566617789299343,
        "bearingDeg": 92.12790992494627
      },
      "geometry": {
        "type": "LineString",
        "coordinates": [
          [
            -104.8218794,
            38.8324201
          ],
          [
            -104.8216652,
            38.8324139
          ]
        ]
      }
    },
    {
      "type": "Feature",
      "properties": {
        "osmWayId": 877430183,
        "kind": "road",
        "streetName": "South Cascade Avenue",
        "startNodeId": 55745785,
        "endNodeId": 55777122,
        "pieceIndex": 0,
        "lengthM": 76.81014958921351,
        "bearingDeg": 182.71598310366468
      },
      "geometry": {
        "type": "LineString",
        "coordinates": [
          [
            -104.8257139,
            38.8269311
          ],
          [
            -104.8257218,
            38.8268159
          ],
          [
            -104.8257356,
            38.8265795
          ],
          [
            -104.8257555,
            38.826248
          ],
          [
            -104.8257559152887,
            38.82624110920178
          ]
        ]
      }
    },
    {
      "type": "Feature",
      "properties": {
        "osmWayId": 877430183,
        "kind": "road",
        "streetName": "South Cascade Avenue",
        "startNodeId": 55745785,
        "endNodeId": 55777122,
        "pieceIndex": 1,
        "lengthM": 76.81014959007797,
        "bearingDeg": 182.68814486240353
      },
      "geometry": {
        "type": "LineString",
        "coordinates": [
          [
            -104.8257559152887,
            38.82624110920178
          ],
          [
            -104.8257894,
            38.8256855
          ],
          [
            -104.8257975,
            38.8255511
          ]
        ]
      }
    },
    {
      "type": "Feature",
      "properties": {
        "osmWayId": 877505779,
        "kind": "road",
        "streetName": "South Weber Street",
        "startNodeId": 55774421,
        "endNodeId": 55770474,
        "pieceIndex": 0,
        "lengthM": 83.60364518067888,
        "bearingDeg": 2.3466580123572953
      },
      "geometry": {
        "type": "LineString",
        "coordinates": [
          [
            -104.8199585,
            38.8323642
          ],
          [
            -104.8199519,
            38.8324791
          ],
          [
            -104.8199345,
            38.8328212
          ],
          [
            -104.8199203,
            38.8330901
          ],
          [
            -104.8199189796452,
            38.833115432940915
          ]
        ]
      }
    },
    {
      "type": "Feature",
      "properties": {
        "osmWayId": 877505779,
        "kind": "road",
        "streetName": "South Weber Street",
        "startNodeId": 55774421,
        "endNodeId": 55770474,
        "pieceIndex": 1,
        "lengthM": 83.60364517828117,
        "bearingDeg": 2.4333936410707793
      },
      "geometry": {
        "type": "LineString",
        "coordinates": [
          [
            -104.8199189796452,
            38.833115432940915
          ],
          [
            -104.8199144,
            38.8332033
          ],
          [
            -104.8199116,
            38.8332552
          ],
          [
            -104.819904,
            38.8333994
          ],
          [
            -104.8199,
            38.8334768
          ],
          [
            -104.8198943,
            38.8336141
          ],
          [
            -104.8198885,
            38.8337185
          ],
          [
            -104.819878,
            38.8338666
          ]
        ]
      }
    },
    {
      "type": "Feature",
      "properties": {
        "osmWayId": 877592294,
        "kind": "road",
        "streetName": "East Rio Grande Street",
        "startNodeId": 55774429,
        "endNodeId": 55805908,
        "pieceIndex": 0,
        "lengthM": 81.18881399081003,
        "bearingDeg": 89.16699501049101
      },
      "geometry": {
        "type": "LineString",
        "coordinates": [
          [
            -104.820389,
            38.8244919
          ],
          [
            -104.8203041,
            38.8244929
          ],
          [
            -104.8202165,
            38.8244939
          ],
          [
            -104.8194892,
            38.8245024
          ],
          [
            -104.81945189716816,
            38.82450251123897
          ]
        ]
      }
    },
    {
      "type": "Feature",
      "properties": {
        "osmWayId": 877592294,
        "kind": "road",
        "streetName": "East Rio Grande Street",
        "startNodeId": 55774429,
        "endNodeId": 55805908,
        "pieceIndex": 1,
        "lengthM": 81.18881399135427,
        "bearingDeg": 89.78086736891373
      },
      "geometry": {
        "type": "LineString",
        "coordinates": [
          [
            -104.81945189716816,
            38.82450251123897
          ],
          [
            -104.8186835,
            38.8245048
          ],
          [
            -104.8186661,
            38.8245049
          ],
          [
            -104.8185147,
            38.8245053
          ]
        ]
      }
    },
    {
      "type": "Feature",
      "properties": {
        "osmWayId": 877592295,
        "kind": "road",
        "streetName": "South Nevada Avenue",
        "startNodeId": 55772276,
        "endNodeId": 55772275,
        "pieceIndex": 0,
        "lengthM": 106.11663393623323,
        "bearingDeg": 2.381443497369048
      },
      "geometry": {
        "type": "LineString",
        "coordinates": [
          [
            -104.822096,
            38.82448
          ],
          [
            -104.8220881,
            38.8246048
          ],
          [
            -104.8220451,
            38.8254335
          ]
        ]
      }
    },
    {
      "type": "Feature",
      "properties": {
        "osmWayId": 877592295,
        "kind": "road",
        "streetName": "South Nevada Avenue",
        "startNodeId": 55772275,
        "endNodeId": 11565368173,
        "pieceIndex": 0,
        "lengthM": 103.87067998436616,
        "bearingDeg": 2.2655404373878127
      },
      "geometry": {
        "type": "LineString",
        "coordinates": [
          [
            -104.8220451,
            38.8254335
          ],
          [
            -104.8220215,
            38.8258988
          ],
          [
            -104.8220051,
            38.8262206
          ],
          [
            -104.8219977,
            38.8263669
          ]
        ]
      }
    },
    {
      "type": "Feature",
      "properties": {
        "osmWayId": 877592296,
        "kind": "road",
        "streetName": "South Nevada Avenue",
        "startNodeId": 55768009,
        "endNodeId": 2301797342,
        "pieceIndex": 0,
        "lengthM": 90.26520200718198,
        "bearingDeg": 1.732267105793369
      },
      "geometry": {
        "type": "LineString",
        "coordinates": [
          [
            -104.821888,
            38.828184
          ],
          [
            -104.821883,
            38.8283046
          ],
          [
            -104.8218792,
            38.8283964
          ],
          [
            -104.8218717,
            38.8285719
          ],
          [
            -104.8218565,
            38.8289954
          ]
        ]
      }
    },
    {
      "type": "Feature",
      "properties": {
        "osmWayId": 877592645,
        "kind": "road",
        "streetName": "South Tejon Street",
        "startNodeId": 1973263887,
        "endNodeId": 1973263681,
        "pieceIndex": 0,
        "lengthM": 13.90554354110487,
        "bearingDeg": 182.85651163127466
      },
      "geometry": {
        "type": "LineString",
        "coordinates": [
          [
            -104.8237561,
            38.8296425
          ],
          [
            -104.8237641,
            38.8295176
          ]
        ]
      }
    },
    {
      "type": "Feature",
      "properties": {
        "osmWayId": 877592646,
        "kind": "footway",
        "streetName": null,
        "startNodeId": 8165230898,
        "endNodeId": 7160789455,
        "pieceIndex": 0,
        "lengthM": 127.19385930436997,
        "bearingDeg": 92.87589244939755
      },
      "geometry": {
        "type": "LineString",
        "coordinates": [
          [
            -104.8272782,
            38.8296294
          ],
          [
            -104.8264167,
            38.8295928
          ],
          [
            -104.8258117,
            38.829572
          ]
        ]
      }
    },
    {
      "type": "Feature",
      "properties": {
        "osmWayId": 888042812,
        "kind": "road",
        "streetName": "South Weber Street",
        "startNodeId": 2035835549,
        "endNodeId": 2133328704,
        "pieceIndex": 0,
        "lengthM": 133.97256627183148,
        "bearingDeg": 2.1902547519464974
      },
      "geometry": {
        "type": "LineString",
        "coordinates": [
          [
            -104.820508,
            38.82164
          ],
          [
            -104.8205025,
            38.8217548
          ],
          [
            -104.8204937,
            38.8219211
          ],
          [
            -104.8204558,
            38.8225773
          ],
          [
            -104.820455,
            38.8226052
          ],
          [
            -104.82045,
            38.822773
          ],
          [
            -104.8204489,
            38.8228439
          ]
        ]
      }
    },
    {
      "type": "Feature",
      "properties": {
        "osmWayId": 888042813,
        "kind": "road",
        "streetName": "East Las Animas Street",
        "startNodeId": 55774430,
        "endNodeId": 2133328708,
        "pieceIndex": 0,
        "lengthM": 58.75336136020887,
        "bearingDeg": 250.78730193185203
      },
      "geometry": {
        "type": "LineString",
        "coordinates": [
          [
            -104.8204325,
            38.8231746
          ],
          [
            -104.8205721,
            38.8231803
          ],
          [
            -104.8208024,
            38.8231897
          ],
          [
            -104.8208488,
            38.8231833
          ],
          [
            -104.8208884,
            38.8231717
          ],
          [
            -104.8209221,
            38.8231543
          ],
          [
            -104.8209533,
            38.8231272
          ],
          [
            -104.8209677,
            38.8231016
          ],
          [
            -104.8209743,
            38.8230275
          ]
        ]
      }
    },
    {
      "type": "Feature",
      "properties": {
        "osmWayId": 888042813,
        "kind": "road",
        "streetName": "East Las Animas Street",
        "startNodeId": 2133328708,
        "endNodeId": 2133328704,
        "pieceIndex": 0,
        "lengthM": 58.32874452971299,
        "bearingDeg": 114.15775268493712
      },
      "geometry": {
        "type": "LineString",
        "coordinates": [
          [
            -104.8209743,
            38.8230275
          ],
          [
            -104.8209741,
            38.8229577
          ],
          [
            -104.8209592,
            38.8229263
          ],
          [
            -104.820935,
            38.8229048
          ],
          [
            -104.8209046,
            38.8228822
          ],
          [
            -104.8208708,
            38.8228682
          ],
          [
            -104.8208236,
            38.8228595
          ],
          [
            -104.8205817,
            38.8228495
          ],
          [
            -104.8204489,
            38.8228439
          ]
        ]
      }
    },
    {
      "type": "Feature",
      "properties": {
        "osmWayId": 889995303,
        "kind": "road",
        "streetName": "East Costilla Street",
        "startNodeId": 55768011,
        "endNodeId": 1973263904,
        "pieceIndex": 0,
        "lengthM": 48.551924202543915,
        "bearingDeg": 92.98003470658904
      },
      "geometry": {
        "type": "LineString",
        "coordinates": [
          [
            -104.8201815,
            38.8281301
          ],
          [
            -104.8201047,
            38.8281259
          ],
          [
            -104.8200425,
            38.8281225
          ],
          [
            -104.8196218,
            38.8281074
          ]
        ]
      }
    },
    {
      "type": "Feature",
      "properties": {
        "osmWayId": 889995303,
        "kind": "road",
        "streetName": "East Costilla Street",
        "startNodeId": 1973263904,
        "endNodeId": 55768013,
        "pieceIndex": 0,
        "lengthM": 109.91463087324257,
        "bearingDeg": 92.84097704470707
      },
      "geometry": {
        "type": "LineString",
        "coordinates": [
          [
            -104.8196218,
            38.8281074
          ],
          [
            -104.8192976,
            38.8280958
          ],
          [
            -104.8188982,
            38.8280804
          ],
          [
            -104.818806,
            38.8280769
          ],
          [
            -104.8185909,
            38.8280678
          ],
          [
            -104.8183545,
            38.8280584
          ]
        ]
      }
    },
    {
      "type": "Feature",
      "properties": {
        "osmWayId": 892873093,
        "kind": "road",
        "streetName": "South Wahsatch Avenue",
        "startNodeId": 55806177,
        "endNodeId": 12034911941,
        "pieceIndex": 0,
        "lengthM": 117.15065310395221,
        "bearingDeg": 182.72557782385292
      },
      "geometry": {
        "type": "LineString",
        "coordinates": [
          [
            -104.8185931,
            38.8229528
          ],
          [
            -104.8186127,
            38.8225517
          ],
          [
            -104.8186191,
            38.8224027
          ],
          [
            -104.8186574,
            38.8219005
          ]
        ]
      }
    },
    {
      "type": "Feature",
      "properties": {
        "osmWayId": 892873093,
        "kind": "road",
        "streetName": "South Wahsatch Avenue",
        "startNodeId": 12034911941,
        "endNodeId": 55811610,
        "pieceIndex": 0,
        "lengthM": 36.12465152101759,
        "bearingDeg": 183.93297383853
      },
      "geometry": {
        "type": "LineString",
        "coordinates": [
          [
            -104.8186574,
            38.8219005
          ],
          [
            -104.8186633,
            38.8218225
          ],
          [
            -104.8186762,
            38.821695
          ],
          [
            -104.818686,
            38.8215764
          ]
        ]
      }
    },
    {
      "type": "Feature",
      "properties": {
        "osmWayId": 901268322,
        "kind": "footway",
        "streetName": null,
        "startNodeId": 8372530128,
        "endNodeId": 8372530129,
        "pieceIndex": 0,
        "lengthM": 124.17502974642719,
        "bearingDeg": 2.6907833944870845
      },
      "geometry": {
        "type": "LineString",
        "coordinates": [
          [
            -104.8162033,
            38.8309878
          ],
          [
            -104.8161551,
            38.8317866
          ],
          [
            -104.8161483,
            38.8318991
          ],
          [
            -104.8161412,
            38.8320184
          ],
          [
            -104.816136,
            38.8321033
          ]
        ]
      }
    },
    {
      "type": "Feature",
      "properties": {
        "osmWayId": 901268324,
        "kind": "footway",
        "streetName": null,
        "startNodeId": 8372530132,
        "endNodeId": 8372530113,
        "pieceIndex": 0,
        "lengthM": 117.48588919243652,
        "bearingDeg": 44.71855182285776
      },
      "geometry": {
        "type": "LineString",
        "coordinates": [
          [
            -104.8161302,
            38.8322745
          ],
          [
            -104.8161259,
            38.8323648
          ],
          [
            -104.8154305,
            38.832867
          ],
          [
            -104.8152846,
            38.832978
          ],
          [
            -104.8152393,
            38.8330004
          ],
          [
            -104.8152049,
            38.8330024
          ]
        ]
      }
    },
    {
      "type": "Feature",
      "properties": {
        "osmWayId": 904302036,
        "kind": "road",
        "streetName": "South Tejon Street",
        "startNodeId": 3106396055,
        "endNodeId": 8398307946,
        "pieceIndex": 0,
        "lengthM": 57.658813454338954,
        "bearingDeg": 180.68862496887144
      },
      "geometry": {
        "type": "LineString",
        "coordinates": [
          [
            -104.8237339,
            38.8310241
          ],
          [
            -104.8237419,
            38.8305056
          ]
        ]
      }
    },
    {
      "type": "Feature",
      "properties": {
        "osmWayId": 904302037,
        "kind": "road",
        "streetName": "South Tejon Street",
        "startNodeId": 8398307946,
        "endNodeId": 8398307947,
        "pieceIndex": 0,
        "lengthM": 19.316218918103463,
        "bearingDeg": 180.74513884737507
      },
      "geometry": {
        "type": "LineString",
        "coordinates": [
          [
            -104.8237419,
            38.8305056
          ],
          [
            -104.8237448,
            38.8303319
          ]
        ]
      }
    },
    {
      "type": "Feature",
      "properties": {
        "osmWayId": 904302038,
        "kind": "road",
        "streetName": "South Tejon Street",
        "startNodeId": 8398307948,
        "endNodeId": 55799064,
        "pieceIndex": 0,
        "lengthM": 102.66525210493879,
        "bearingDeg": 182.36959999880722
      },
      "geometry": {
        "type": "LineString",
        "coordinates": [
          [
            -104.823927,
            38.8264141
          ],
          [
            -104.8239291,
            38.8263752
          ],
          [
            -104.8239691,
            38.8256233
          ],
          [
            -104.823976,
            38.8254916
          ]
        ]
      }
    },
    {
      "type": "Feature",
      "properties": {
        "osmWayId": 904582559,
        "kind": "road",
        "streetName": "West Moreno Avenue",
        "startNodeId": 55777122,
        "endNodeId": 55827228,
        "pieceIndex": 0,
        "lengthM": 77.43003148941108,
        "bearingDeg": 272.71795994247304
      },
      "geometry": {
        "type": "LineString",
        "coordinates": [
          [
            -104.8257975,
            38.8255511
          ],
          [
            -104.826024,
            38.8255595
          ],
          [
            -104.82669032262885,
            38.82558411693063
          ]
        ]
      }
    },
    {
      "type": "Feature",
      "properties": {
        "osmWayId": 904582559,
        "kind": "road",
        "streetName": "West Moreno Avenue",
        "startNodeId": 55777122,
        "endNodeId": 55827228,
        "pieceIndex": 1,
        "lengthM": 77.43003148701415,
        "bearingDeg": 273.02824178499657
      },
      "geometry": {
        "type": "LineString",
        "coordinates": [
          [
            -104.82669032262885,
            38.82558411693063
          ],
          [
            -104.8268577,
            38.8255903
          ],
          [
            -104.8274776,
            38.8256165
          ],
          [
            -104.8275829,
            38.8256209
          ]
        ]
      }
    },
    {
      "type": "Feature",
      "properties": {
        "osmWayId": 904602833,
        "kind": "footway",
        "streetName": null,
        "startNodeId": 8401061389,
        "endNodeId": 8401061393,
        "pieceIndex": 0,
        "lengthM": 145.6741493343793,
        "bearingDeg": 269.6158368697959
      },
      "geometry": {
        "type": "LineString",
        "coordinates": [
          [
            -104.8260868,
            38.8243647
          ],
          [
            -104.82683,
            38.8243608
          ],
          [
            -104.8275407,
            38.8243571
          ],
          [
            -104.8276921,
            38.8243563
          ],
          [
            -104.82776835013877,
            38.824355904061335
          ]
        ]
      }
    },
    {
      "type": "Feature",
      "properties": {
        "osmWayId": 904602833,
        "kind": "footway",
        "streetName": null,
        "startNodeId": 8401061389,
        "endNodeId": 8401061393,
        "pieceIndex": 1,
        "lengthM": 145.67414933303996,
        "bearingDeg": 269.6154816193258
      },
      "geometry": {
        "type": "LineString",
        "coordinates": [
          [
            -104.82776835013877,
            38.824355904061335
          ],
          [
            -104.8278269,
            38.8243556
          ],
          [
            -104.8285714,
            38.8243517
          ],
          [
            -104.8293181,
            38.8243478
          ],
          [
            -104.8294499,
            38.8243471
          ]
        ]
      }
    },
    {
      "type": "Feature",
      "properties": {
        "osmWayId": 913585016,
        "kind": "road",
        "streetName": null,
        "startNodeId": 55811608,
        "endNodeId": 3174483479,
        "pieceIndex": 0,
        "lengthM": 35.19667327822209,
        "bearingDeg": 12.329302666212243
      },
      "geometry": {
        "type": "LineString",
        "coordinates": [
          [
            -104.8184668,
            38.8267043
          ],
          [
            -104.8184094,
            38.8267962
          ],
          [
            -104.8183812,
            38.8270094
          ]
        ]
      }
    },
    {
      "type": "Feature",
      "properties": {
        "osmWayId": 913585017,
        "kind": "road",
        "streetName": null,
        "startNodeId": 1973263777,
        "endNodeId": 3174483429,
        "pieceIndex": 0,
        "lengthM": 63.726295710933954,
        "bearingDeg": 120.84572005947433
      },
      "geometry": {
        "type": "LineString",
        "coordinates": [
          [
            -104.8190493,
            38.8267234
          ],
          [
            -104.8188777,
            38.8266739
          ],
          [
            -104.8186506,
            38.8266411
          ],
          [
            -104.8185941,
            38.8266204
          ],
          [
            -104.8185613,
            38.8266083
          ],
          [
            -104.8184651,
            38.8264516
          ]
        ]
      }
    },
    {
      "type": "Feature",
      "properties": {
        "osmWayId": 913585018,
        "kind": "road",
        "streetName": null,
        "startNodeId": 3174483451,
        "endNodeId": 55811608,
        "pieceIndex": 0,
        "lengthM": 36.530799421768116,
        "bearingDeg": 354.33034841064597
      },
      "geometry": {
        "type": "LineString",
        "coordinates": [
          [
            -104.8184256,
            38.826381
          ],
          [
            -104.8184273,
            38.8266163
          ],
          [
            -104.8184668,
            38.8267043
          ]
        ]
      }
    },
    {
      "type": "Feature",
      "properties": {
        "osmWayId": 952040133,
        "kind": "footway",
        "streetName": null,
        "startNodeId": 7887848421,
        "endNodeId": 8811998080,
        "pieceIndex": 0,
        "lengthM": 79.06118602322334,
        "bearingDeg": 2.3800192814571233
      },
      "geometry": {
        "type": "LineString",
        "coordinates": [
          [
            -104.8219701,
            38.8246049
          ],
          [
            -104.8219322,
            38.8253153
          ]
        ]
      }
    },
    {
      "type": "Feature",
      "properties": {
        "osmWayId": 977972831,
        "kind": "footway",
        "streetName": null,
        "startNodeId": 9049214863,
        "endNodeId": 9049214864,
        "pieceIndex": 0,
        "lengthM": 63.483048877151454,
        "bearingDeg": 92.18809893088894
      },
      "geometry": {
        "type": "LineString",
        "coordinates": [
          [
            -104.8255497,
            38.8261709
          ],
          [
            -104.8248174,
            38.8261491
          ]
        ]
      }
    },
    {
      "type": "Feature",
      "properties": {
        "osmWayId": 994014668,
        "kind": "road",
        "streetName": "East Vermijo Avenue",
        "startNodeId": 1973263887,
        "endNodeId": 1973263686,
        "pieceIndex": 0,
        "lengthM": 148.97241174729365,
        "bearingDeg": 93.58118876038895
      },
      "geometry": {
        "type": "LineString",
        "coordinates": [
          [
            -104.8237561,
            38.8296425
          ],
          [
            -104.8236003,
            38.8296082
          ],
          [
            -104.8221576,
            38.8295634
          ],
          [
            -104.8220437,
            38.829559
          ]
        ]
      }
    },
    {
      "type": "Feature",
      "properties": {
        "osmWayId": 994014678,
        "kind": "road",
        "streetName": "East Moreno Avenue",
        "startNodeId": 1973264018,
        "endNodeId": 55772275,
        "pieceIndex": 0,
        "lengthM": 18.819081049048904,
        "bearingDeg": 92.06547238556385
      },
      "geometry": {
        "type": "LineString",
        "coordinates": [
          [
            -104.8222622,
            38.8254396
          ],
          [
            -104.8220451,
            38.8254335
          ]
        ]
      }
    },
    {
      "type": "Feature",
      "properties": {
        "osmWayId": 994014678,
        "kind": "road",
        "streetName": "East Moreno Avenue",
        "startNodeId": 55772275,
        "endNodeId": 2143457190,
        "pieceIndex": 0,
        "lengthM": 148.13630098996975,
        "bearingDeg": 90.90708275983644
      },
      "geometry": {
        "type": "LineString",
        "coordinates": [
          [
            -104.8220451,
            38.8254335
          ],
          [
            -104.8219262,
            38.8254305
          ],
          [
            -104.8212069,
            38.8254125
          ],
          [
            -104.82047,
            38.8254119
          ],
          [
            -104.8203355,
            38.8254124
          ]
        ]
      }
    },
    {
      "type": "Feature",
      "properties": {
        "osmWayId": 994014679,
        "kind": "road",
        "streetName": "Pueblo Avenue",
        "startNodeId": 9183544634,
        "endNodeId": 9183544643,
        "pieceIndex": 0,
        "lengthM": 131.34987618433902,
        "bearingDeg": 137.8632018813081
      },
      "geometry": {
        "type": "LineString",
        "coordinates": [
          [
            -104.8199501,
            38.8278655
          ],
          [
            -104.8198368,
            38.8277669
          ],
          [
            -104.819373,
            38.8273614
          ],
          [
            -104.8193229,
            38.8273183
          ],
          [
            -104.8191545,
            38.8271673
          ],
          [
            -104.818933,
            38.8269897
          ]
        ]
      }
    },
    {
      "type": "Feature",
      "properties": {
        "osmWayId": 994014679,
        "kind": "road",
        "streetName": "Pueblo Avenue",
        "startNodeId": 9183544643,
        "endNodeId": 1973263849,
        "pieceIndex": 0,
        "lengthM": 26.155624269992398,
        "bearingDeg": 155.11117573039485
      },
      "geometry": {
        "type": "LineString",
        "coordinates": [
          [
            -104.818933,
            38.8269897
          ],
          [
            -104.8188886,
            38.8269541
          ],
          [
            -104.8188386,
            38.8269108
          ],
          [
            -104.8188267,
            38.8268855
          ],
          [
            -104.8188063,
            38.8268426
          ],
          [
            -104.818813,
            38.8267882
          ]
        ]
      }
    },
    {
      "type": "Feature",
      "properties": {
        "osmWayId": 994014680,
        "kind": "road",
        "streetName": null,
        "startNodeId": 9183544643,
        "endNodeId": 9183544647,
        "pieceIndex": 0,
        "lengthM": 17.08903180722399,
        "bearingDeg": 52.83203451744237
      },
      "geometry": {
        "type": "LineString",
        "coordinates": [
          [
            -104.818933,
            38.8269897
          ],
          [
            -104.8188737,
            38.8269766
          ],
          [
            -104.8188365,
            38.826989
          ],
          [
            -104.8188153,
            38.8270207
          ],
          [
            -104.8188155,
            38.8270591
          ]
        ]
      }
    },
    {
      "type": "Feature",
      "properties": {
        "osmWayId": 994014711,
        "kind": "footway",
        "streetName": null,
        "startNodeId": 9183544807,
        "endNodeId": 9183544812,
        "pieceIndex": 0,
        "lengthM": 24.648303332004993,
        "bearingDeg": 135.68132757379726
      },
      "geometry": {
        "type": "LineString",
        "coordinates": [
          [
            -104.8262004,
            38.8303506
          ],
          [
            -104.82619,
            38.8303178
          ],
          [
            -104.8261439,
            38.8302769
          ],
          [
            -104.8261264,
            38.8302851
          ],
          [
            -104.8260312,
            38.8302046
          ],
          [
            -104.8260219,
            38.8302082
          ]
        ]
      }
    },
    {
      "type": "Feature",
      "properties": {
        "osmWayId": 1050098652,
        "kind": "footway",
        "streetName": null,
        "startNodeId": 8165230903,
        "endNodeId": 7887810711,
        "pieceIndex": 0,
        "lengthM": 127.91194910654468,
        "bearingDeg": 92.24644368698887
      },
      "geometry": {
        "type": "LineString",
        "coordinates": [
          [
            -104.8273432,
            38.828483
          ],
          [
            -104.8261681,
            38.8284471
          ],
          [
            -104.8258677,
            38.8284379
          ]
        ]
      }
    },
    {
      "type": "Feature",
      "properties": {
        "osmWayId": 1050098658,
        "kind": "road",
        "streetName": "South Tejon Street",
        "startNodeId": 7967144422,
        "endNodeId": 9049214864,
        "pieceIndex": 0,
        "lengthM": 22.276783099412015,
        "bearingDeg": 2.1394112882032914
      },
      "geometry": {
        "type": "LineString",
        "coordinates": [
          [
            -104.824827,
            38.8259489
          ],
          [
            -104.8248174,
            38.8261491
          ]
        ]
      }
    },
    {
      "type": "Feature",
      "properties": {
        "osmWayId": 1050098658,
        "kind": "road",
        "streetName": "South Tejon Street",
        "startNodeId": 9049214864,
        "endNodeId": 7967144421,
        "pieceIndex": 0,
        "lengthM": 15.268709339103502,
        "bearingDeg": 2.3411259938723106
      },
      "geometry": {
        "type": "LineString",
        "coordinates": [
          [
            -104.8248174,
            38.8261491
          ],
          [
            -104.8248102,
            38.8262863
          ]
        ]
      }
    },
    {
      "type": "Feature",
      "properties": {
        "osmWayId": 1057090277,
        "kind": "road",
        "streetName": "South Nevada Avenue",
        "startNodeId": 6042344017,
        "endNodeId": 6042344020,
        "pieceIndex": 0,
        "lengthM": 41.37330944966971,
        "bearingDeg": 2.1477857833656913
      },
      "geometry": {
        "type": "LineString",
        "coordinates": [
          [
            -104.8216831,
            38.8320421
          ],
          [
            -104.8216685,
            38.8323015
          ],
          [
            -104.8216652,
            38.8324139
          ]
        ]
      }
    },
    {
      "type": "Feature",
      "properties": {
        "osmWayId": 1057090278,
        "kind": "road",
        "streetName": "South Nevada Avenue",
        "startNodeId": 9713245405,
        "endNodeId": 6042344017,
        "pieceIndex": 0,
        "lengthM": 48.98937154963305,
        "bearingDeg": 2.350970576639554
      },
      "geometry": {
        "type": "LineString",
        "coordinates": [
          [
            -104.8217063,
            38.8316019
          ],
          [
            -104.8216958,
            38.8318097
          ],
          [
            -104.8216831,
            38.8320421
          ]
        ]
      }
    },
    {
      "type": "Feature",
      "properties": {
        "osmWayId": 1067708078,
        "kind": "footway",
        "streetName": null,
        "startNodeId": 7887848415,
        "endNodeId": 7905900602,
        "pieceIndex": 0,
        "lengthM": 61.9725370040032,
        "bearingDeg": 93.34279423685126
      },
      "geometry": {
        "type": "LineString",
        "coordinates": [
          [
            -104.8247182,
            38.8281654
          ],
          [
            -104.824004,
            38.8281329
          ]
        ]
      }
    },
    {
      "type": "Feature",
      "properties": {
        "osmWayId": 1175506318,
        "kind": "road",
        "streetName": "South Tejon Street",
        "startNodeId": 55799158,
        "endNodeId": 8398307948,
        "pieceIndex": 0,
        "lengthM": 51.39022412220877,
        "bearingDeg": 182.27025155739597
      },
      "geometry": {
        "type": "LineString",
        "coordinates": [
          [
            -104.8239035,
            38.8268759
          ],
          [
            -104.8239097,
            38.8267541
          ],
          [
            -104.823927,
            38.8264141
          ]
        ]
      }
    },
    {
      "type": "Feature",
      "properties": {
        "osmWayId": 1175508875,
        "kind": "road",
        "streetName": "East Rio Grande Street",
        "startNodeId": 55748469,
        "endNodeId": 55799159,
        "pieceIndex": 0,
        "lengthM": 147.93913823749745,
        "bearingDeg": 89.62479590475596
      },
      "geometry": {
        "type": "LineString",
        "coordinates": [
          [
            -104.8257515,
            38.8244713
          ],
          [
            -104.8256524,
            38.8244718
          ],
          [
            -104.8256221,
            38.824472
          ],
          [
            -104.8249181,
            38.8244758
          ],
          [
            -104.8241951,
            38.8244793
          ],
          [
            -104.8240438,
            38.82448
          ]
        ]
      }
    },
    {
      "type": "Feature",
      "properties": {
        "osmWayId": 1175508876,
        "kind": "road",
        "streetName": "East Rio Grande Street",
        "startNodeId": 55772276,
        "endNodeId": 10923300766,
        "pieceIndex": 0,
        "lengthM": 51.6245079413459,
        "bearingDeg": 89.44445704263023
      },
      "geometry": {
        "type": "LineString",
        "coordinates": [
          [
            -104.822096,
            38.82448
          ],
          [
            -104.8219745,
            38.8244809
          ],
          [
            -104.8215001,
            38.8244845
          ]
        ]
      }
    },
    {
      "type": "Feature",
      "properties": {
        "osmWayId": 1181924758,
        "kind": "road",
        "streetName": "East Vermijo Avenue",
        "startNodeId": 2092984106,
        "endNodeId": 55774425,
        "pieceIndex": 0,
        "lengthM": 76.51449918778171,
        "bearingDeg": 272.59073202621653
      },
      "geometry": {
        "type": "LineString",
        "coordinates": [
          [
            -104.8192209,
            38.8295842
          ],
          [
            -104.8199466,
            38.829609
          ],
          [
            -104.8200345,
            38.8296129
          ],
          [
            -104.8201033,
            38.8296153
          ]
        ]
      }
    },
    {
      "type": "Feature",
      "properties": {
        "osmWayId": 1181924760,
        "kind": "road",
        "streetName": "East Vermijo Avenue",
        "startNodeId": 2092984161,
        "endNodeId": 1973264024,
        "pieceIndex": 0,
        "lengthM": 74.3760286271586,
        "bearingDeg": 86.82250400317957
      },
      "geometry": {
        "type": "LineString",
        "coordinates": [
          [
            -104.8192271,
            38.8294627
          ],
          [
            -104.8185399,
            38.8294381
          ],
          [
            -104.818506,
            38.8294369
          ],
          [
            -104.8183946,
            38.8294987
          ]
        ]
      }
    },
    {
      "type": "Feature",
      "properties": {
        "osmWayId": 1181924762,
        "kind": "road",
        "streetName": "East Vermijo Avenue",
        "startNodeId": 3171796851,
        "endNodeId": 2092984161,
        "pieceIndex": 0,
        "lengthM": 40.19422369449147,
        "bearingDeg": 91.74368520749522
      },
      "geometry": {
        "type": "LineString",
        "coordinates": [
          [
            -104.8196909,
            38.8294737
          ],
          [
            -104.8192271,
            38.8294627
          ]
        ]
      }
    },
    {
      "type": "Feature",
      "properties": {
        "osmWayId": 1181924763,
        "kind": "road",
        "streetName": "South Wahsatch Avenue",
        "startNodeId": 1973264024,
        "endNodeId": 7905900626,
        "pieceIndex": 0,
        "lengthM": 18.575689029384808,
        "bearingDeg": 181.46967250587204
      },
      "geometry": {
        "type": "LineString",
        "coordinates": [
          [
            -104.8183946,
            38.8294987
          ],
          [
            -104.8184001,
            38.8293317
          ]
        ]
      }
    },
    {
      "type": "Feature",
      "properties": {
        "osmWayId": 1181924763,
        "kind": "road",
        "streetName": "South Wahsatch Avenue",
        "startNodeId": 7905900626,
        "endNodeId": 55768013,
        "pieceIndex": 0,
        "lengthM": 143.03502221268704,
        "bearingDeg": 178.40191878028975
      },
      "geometry": {
        "type": "LineString",
        "coordinates": [
          [
            -104.8184001,
            38.8293317
          ],
          [
            -104.8184177,
            38.8288728
          ],
          [
            -104.8184257,
            38.8286557
          ],
          [
            -104.8184297,
            38.8285464
          ],
          [
            -104.8184295,
            38.82847
          ],
          [
            -104.8184324,
            38.828329
          ],
          [
            -104.8184341,
            38.8282037
          ],
          [
            -104.8183545,
            38.8280584
          ]
        ]
      }
    },
    {
      "type": "Feature",
      "properties": {
        "osmWayId": 1181924764,
        "kind": "road",
        "streetName": "East Vermijo Avenue",
        "startNodeId": 55811605,
        "endNodeId": 7905900620,
        "pieceIndex": 0,
        "lengthM": 9.617975142791257,
        "bearingDeg": 93.712039377216
      },
      "geometry": {
        "type": "LineString",
        "coordinates": [
          [
            -104.8181749,
            38.8294924
          ],
          [
            -104.818097,
            38.8294885
          ],
          [
            -104.8180641,
            38.8294868
          ]
        ]
      }
    },
    {
      "type": "Feature",
      "properties": {
        "osmWayId": 1181924764,
        "kind": "road",
        "streetName": "East Vermijo Avenue",
        "startNodeId": 7905900620,
        "endNodeId": 55836543,
        "pieceIndex": 0,
        "lengthM": 99.75223995761047,
        "bearingDeg": 93.82820589780249
      },
      "geometry": {
        "type": "LineString",
        "coordinates": [
          [
            -104.8180641,
            38.8294868
          ],
          [
            -104.8175083,
            38.8294583
          ],
          [
            -104.8173279,
            38.8294491
          ],
          [
            -104.8169151,
            38.8294269
          ]
        ]
      }
    },
    {
      "type": "Feature",
      "properties": {
        "osmWayId": 1181924765,
        "kind": "road",
        "streetName": "South Wahsatch Avenue",
        "startNodeId": 55811605,
        "endNodeId": 7607902187,
        "pieceIndex": 0,
        "lengthM": 44.39957755144363,
        "bearingDeg": 2.8516250888607715
      },
      "geometry": {
        "type": "LineString",
        "coordinates": [
          [
            -104.8181749,
            38.8294924
          ],
          [
            -104.8181494,
            38.8298912
          ]
        ]
      }
    },
    {
      "type": "Feature",
      "properties": {
        "osmWayId": 1181924766,
        "kind": "road",
        "streetName": "South Wahsatch Avenue",
        "startNodeId": 7607902187,
        "endNodeId": 55767040,
        "pieceIndex": 0,
        "lengthM": 113.8158039942621,
        "bearingDeg": 2.8529896628011784
      },
      "geometry": {
        "type": "LineString",
        "coordinates": [
          [
            -104.8181494,
            38.8298912
          ],
          [
            -104.8180911,
            38.830802
          ],
          [
            -104.818084,
            38.8309135
          ]
        ]
      }
    },
    {
      "type": "Feature",
      "properties": {
        "osmWayId": 1181924766,
        "kind": "road",
        "streetName": "South Wahsatch Avenue",
        "startNodeId": 55767040,
        "endNodeId": 55811602,
        "pieceIndex": 0,
        "lengthM": 78.57418317668626,
        "bearingDeg": 2.1664436788450985
      },
      "geometry": {
        "type": "LineString",
        "coordinates": [
          [
            -104.818084,
            38.8309135
          ],
          [
            -104.8180773,
            38.8310458
          ],
          [
            -104.818068,
            38.8312296
          ],
          [
            -104.818059,
            38.8314093
          ],
          [
            -104.8180536,
            38.831515
          ],
          [
            -104.81804970904427,
            38.83161962371377
          ]
        ]
      }
    },
    {
      "type": "Feature",
      "properties": {
        "osmWayId": 1181924766,
        "kind": "road",
        "streetName": "South Wahsatch Avenue",
        "startNodeId": 55767040,
        "endNodeId": 55811602,
        "pieceIndex": 1,
        "lengthM": 78.57418317500519,
        "bearingDeg": 355.2056640120805
      },
      "geometry": {
        "type": "LineString",
        "coordinates": [
          [
            -104.81804970904427,
            38.83161962371377
          ],
          [
            -104.8180437,
            38.8317812
          ],
          [
            -104.818027,
            38.8321749
          ],
          [
            -104.8181236,
            38.8323059
          ]
        ]
      }
    },
    {
      "type": "Feature",
      "properties": {
        "osmWayId": 1221613580,
        "kind": "footway",
        "streetName": null,
        "startNodeId": 7905734581,
        "endNodeId": 3174483386,
        "pieceIndex": 0,
        "lengthM": 68.165322654807,
        "bearingDeg": 179.3414704244775
      },
      "geometry": {
        "type": "LineString",
        "coordinates": [
          [
            -104.8185942,
            38.8279549
          ],
          [
            -104.8186098,
            38.827407
          ],
          [
            -104.8185852,
            38.8273449
          ]
        ]
      }
    },
    {
      "type": "Feature",
      "properties": {
        "osmWayId": 1244200161,
        "kind": "road",
        "streetName": "South Nevada Avenue",
        "startNodeId": 11565368171,
        "endNodeId": 55772277,
        "pieceIndex": 0,
        "lengthM": 68.90156356370254,
        "bearingDeg": 5.866973070725351
      },
      "geometry": {
        "type": "LineString",
        "coordinates": [
          [
            -104.8222903,
            38.8224498
          ],
          [
            -104.822209,
            38.8230662
          ]
        ]
      }
    },
    {
      "type": "Feature",
      "properties": {
        "osmWayId": 1244200162,
        "kind": "road",
        "streetName": "South Nevada Avenue",
        "startNodeId": 55772277,
        "endNodeId": 55772276,
        "pieceIndex": 0,
        "lengthM": 78.79219199200537,
        "bearingDeg": 5.244921310835991
      },
      "geometry": {
        "type": "LineString",
        "coordinates": [
          [
            -104.822209,
            38.8230662
          ],
          [
            -104.8221268,
            38.8237495
          ],
          [
            -104.82212586153672,
            38.823771787782995
          ]
        ]
      }
    },
    {
      "type": "Feature",
      "properties": {
        "osmWayId": 1244200162,
        "kind": "road",
        "streetName": "South Nevada Avenue",
        "startNodeId": 55772277,
        "endNodeId": 55772276,
        "pieceIndex": 1,
        "lengthM": 78.79219199223309,
        "bearingDeg": 1.8814462170259958
      },
      "geometry": {
        "type": "LineString",
        "coordinates": [
          [
            -104.82212586153672,
            38.823771787782995
          ],
          [
            -104.8221009,
            38.8243646
          ],
          [
            -104.822096,
            38.82448
          ]
        ]
      }
    },
    {
      "type": "Feature",
      "properties": {
        "osmWayId": 1244200163,
        "kind": "road",
        "streetName": "South Nevada Avenue",
        "startNodeId": 11565368172,
        "endNodeId": 1973263953,
        "pieceIndex": 0,
        "lengthM": 67.32523204548822,
        "bearingDeg": 182.2565722397861
      },
      "geometry": {
        "type": "LineString",
        "coordinates": [
          [
            -104.8223542,
            38.8236735
          ],
          [
            -104.8223848,
            38.8230685
          ]
        ]
      }
    },
    {
      "type": "Feature",
      "properties": {
        "osmWayId": 1244200164,
        "kind": "road",
        "streetName": "South Nevada Avenue",
        "startNodeId": 6966498359,
        "endNodeId": 55772281,
        "pieceIndex": 0,
        "lengthM": 77.76899601524292,
        "bearingDeg": 186.0413069074173
      },
      "geometry": {
        "type": "LineString",
        "coordinates": [
          [
            -104.8225606,
            38.8211913
          ],
          [
            -104.82265507638792,
            38.82049579177518
          ]
        ]
      }
    },
    {
      "type": "Feature",
      "properties": {
        "osmWayId": 1244200164,
        "kind": "road",
        "streetName": "South Nevada Avenue",
        "startNodeId": 6966498359,
        "endNodeId": 55772281,
        "pieceIndex": 1,
        "lengthM": 77.76899601240451,
        "bearingDeg": 176.80035651201354
      },
      "geometry": {
        "type": "LineString",
        "coordinates": [
          [
            -104.82265507638792,
            38.82049579177518
          ],
          [
            -104.8226651,
            38.820422
          ],
          [
            -104.8226821,
            38.8199132
          ],
          [
            -104.8226061,
            38.8198132
          ]
        ]
      }
    },
    {
      "type": "Feature",
      "properties": {
        "osmWayId": 1244200165,
        "kind": "road",
        "streetName": "South Nevada Avenue",
        "startNodeId": 11565368173,
        "endNodeId": 55772274,
        "pieceIndex": 0,
        "lengthM": 49.714368776786436,
        "bearingDeg": 2.3967726336405804
      },
      "geometry": {
        "type": "LineString",
        "coordinates": [
          [
            -104.8219977,
            38.8263669
          ],
          [
            -104.8219916,
            38.826486
          ],
          [
            -104.8219806,
            38.8266882
          ],
          [
            -104.8219737,
            38.8268136
          ]
        ]
      }
    },
    {
      "type": "Feature",
      "properties": {
        "osmWayId": 1244200166,
        "kind": "road",
        "streetName": "South Nevada Avenue",
        "startNodeId": 1973264003,
        "endNodeId": 11565368174,
        "pieceIndex": 0,
        "lengthM": 51.35988478365827,
        "bearingDeg": 2.639124463439998
      },
      "geometry": {
        "type": "LineString",
        "coordinates": [
          [
            -104.8221938,
            38.8268216
          ],
          [
            -104.822187,
            38.8269368
          ],
          [
            -104.8221665,
            38.827283
          ]
        ]
      }
    },
    {
      "type": "Feature",
      "properties": {
        "osmWayId": 1244200167,
        "kind": "road",
        "streetName": "South Nevada Avenue",
        "startNodeId": 11565368174,
        "endNodeId": 1973263719,
        "pieceIndex": 0,
        "lengthM": 101.08294571030977,
        "bearingDeg": 2.632703079905639
      },
      "geometry": {
        "type": "LineString",
        "coordinates": [
          [
            -104.8221665,
            38.827283
          ],
          [
            -104.8221581,
            38.8274254
          ],
          [
            -104.8221206,
            38.8280613
          ],
          [
            -104.8221129,
            38.8281911
          ]
        ]
      }
    },
    {
      "type": "Feature",
      "properties": {
        "osmWayId": 1244200167,
        "kind": "road",
        "streetName": "South Nevada Avenue",
        "startNodeId": 1973263719,
        "endNodeId": 2301797343,
        "pieceIndex": 0,
        "lengthM": 90.71593413349238,
        "bearingDeg": 2.035702421353335
      },
      "geometry": {
        "type": "LineString",
        "coordinates": [
          [
            -104.8221129,
            38.8281911
          ],
          [
            -104.8221078,
            38.8283056
          ],
          [
            -104.8221064,
            38.8283208
          ],
          [
            -104.8221034,
            38.8284027
          ],
          [
            -104.822091,
            38.8286725
          ],
          [
            -104.8220799,
            38.8289148
          ],
          [
            -104.8220757,
            38.8290064
          ]
        ]
      }
    },
    {
      "type": "Feature",
      "properties": {
        "osmWayId": 1244200168,
        "kind": "road",
        "streetName": "South Nevada Avenue",
        "startNodeId": 11565368175,
        "endNodeId": 55768009,
        "pieceIndex": 0,
        "lengthM": 51.05633035770896,
        "bearingDeg": 2.829972273454814
      },
      "geometry": {
        "type": "LineString",
        "coordinates": [
          [
            -104.8219171,
            38.8277254
          ],
          [
            -104.8219015,
            38.8279708
          ],
          [
            -104.8218959,
            38.8280592
          ],
          [
            -104.821888,
            38.828184
          ]
        ]
      }
    },
    {
      "type": "Feature",
      "properties": {
        "osmWayId": 1244200169,
        "kind": "road",
        "streetName": "South Nevada Avenue",
        "startNodeId": 55772274,
        "endNodeId": 11565368175,
        "pieceIndex": 0,
        "lengthM": 101.50622802709735,
        "bearingDeg": 2.768586214132938
      },
      "geometry": {
        "type": "LineString",
        "coordinates": [
          [
            -104.8219737,
            38.8268136
          ],
          [
            -104.8219666,
            38.8269318
          ],
          [
            -104.8219579,
            38.8270754
          ],
          [
            -104.8219518,
            38.827177
          ],
          [
            -104.8219182,
            38.8277073
          ],
          [
            -104.8219171,
            38.8277254
          ]
        ]
      }
    },
    {
      "type": "Feature",
      "properties": {
        "osmWayId": 1244200170,
        "kind": "road",
        "streetName": "South Nevada Avenue",
        "startNodeId": 11565368176,
        "endNodeId": 9183542594,
        "pieceIndex": 0,
        "lengthM": 80.52708623728527,
        "bearingDeg": 182.8362983520008
      },
      "geometry": {
        "type": "LineString",
        "coordinates": [
          [
            -104.8219906,
            38.8304026
          ],
          [
            -104.8220278,
            38.8297908
          ],
          [
            -104.8220366,
            38.8296793
          ]
        ]
      }
    },
    {
      "type": "Feature",
      "properties": {
        "osmWayId": 1244200171,
        "kind": "road",
        "streetName": "South Nevada Avenue",
        "startNodeId": 11565368176,
        "endNodeId": 55767036,
        "pieceIndex": 0,
        "lengthM": 69.35629871101104,
        "bearingDeg": 2.5841285382118144
      },
      "geometry": {
        "type": "LineString",
        "coordinates": [
          [
            -104.8219906,
            38.8304026
          ],
          [
            -104.8219611,
            38.8309212
          ],
          [
            -104.8219545,
            38.8310257
          ]
        ]
      }
    },
    {
      "type": "Feature",
      "properties": {
        "osmWayId": 1244200172,
        "kind": "road",
        "streetName": "South Nevada Avenue",
        "startNodeId": 2301797342,
        "endNodeId": 1973264125,
        "pieceIndex": 0,
        "lengthM": 16.971759727069788,
        "bearingDeg": 2.369399228793668
      },
      "geometry": {
        "type": "LineString",
        "coordinates": [
          [
            -104.8218565,
            38.8289954
          ],
          [
            -104.8218484,
            38.8291479
          ]
        ]
      }
    },
    {
      "type": "Feature",
      "properties": {
        "osmWayId": 1244200172,
        "kind": "road",
        "streetName": "South Nevada Avenue",
        "startNodeId": 1973264125,
        "endNodeId": 1973263577,
        "pieceIndex": 0,
        "lengthM": 44.972870777633055,
        "bearingDeg": 2.3844177733433867
      },
      "geometry": {
        "type": "LineString",
        "coordinates": [
          [
            -104.8218484,
            38.8291479
          ],
          [
            -104.821833,
            38.8294355
          ],
          [
            -104.8218268,
            38.829552
          ]
        ]
      }
    },
    {
      "type": "Feature",
      "properties": {
        "osmWayId": 1244200173,
        "kind": "road",
        "streetName": "South Nevada Avenue",
        "startNodeId": 3168070634,
        "endNodeId": 1973263913,
        "pieceIndex": 0,
        "lengthM": 34.96778815050061,
        "bearingDeg": 2.385125983099556
      },
      "geometry": {
        "type": "LineString",
        "coordinates": [
          [
            -104.8217642,
            38.8307259
          ],
          [
            -104.821754,
            38.8309169
          ],
          [
            -104.8217474,
            38.8310401
          ]
        ]
      }
    },
    {
      "type": "Feature",
      "properties": {
        "osmWayId": 1252601403,
        "kind": "road",
        "streetName": "East Vermijo Avenue",
        "startNodeId": 9183542594,
        "endNodeId": 1973263887,
        "pieceIndex": 0,
        "lengthM": 76.07566880414205,
        "bearingDeg": 272.48340344207327
      },
      "geometry": {
        "type": "LineString",
        "coordinates": [
          [
            -104.8220366,
            38.8296793
          ],
          [
            -104.8221472,
            38.8296849
          ],
          [
            -104.82291399038776,
            38.82970894054648
          ]
        ]
      }
    },
    {
      "type": "Feature",
      "properties": {
        "osmWayId": 1252601403,
        "kind": "road",
        "streetName": "East Vermijo Avenue",
        "startNodeId": 9183542594,
        "endNodeId": 1973263887,
        "pieceIndex": 1,
        "lengthM": 76.0756688069804,
        "bearingDeg": 264.217120586814
      },
      "geometry": {
        "type": "LineString",
        "coordinates": [
          [
            -104.82291399038776,
            38.82970894054648
          ],
          [
            -104.8235954,
            38.8297303
          ],
          [
            -104.8237561,
            38.8296425
          ]
        ]
      }
    },
    {
      "type": "Feature",
      "properties": {
        "osmWayId": 1252601404,
        "kind": "footway",
        "streetName": null,
        "startNodeId": 3106395899,
        "endNodeId": 11642983890,
        "pieceIndex": 0,
        "lengthM": 11.903104609443808,
        "bearingDeg": 183.0034714562706
      },
      "geometry": {
        "type": "LineString",
        "coordinates": [
          [
            -104.8253452,
            38.8299042
          ],
          [
            -104.8253524,
            38.8297973
          ]
        ]
      }
    },
    {
      "type": "Feature",
      "properties": {
        "osmWayId": 1252601405,
        "kind": "footway",
        "streetName": null,
        "startNodeId": 11642983892,
        "endNodeId": 7160789458,
        "pieceIndex": 0,
        "lengthM": 125.18376912248208,
        "bearingDeg": 92.58070875358453
      },
      "geometry": {
        "type": "LineString",
        "coordinates": [
          [
            -104.8253556,
            38.8297566
          ],
          [
            -104.8251484,
            38.8297496
          ],
          [
            -104.8239119,
            38.8297059
          ]
        ]
      }
    },
    {
      "type": "Feature",
      "properties": {
        "osmWayId": 1252601406,
        "kind": "footway",
        "streetName": null,
        "startNodeId": 3106395857,
        "endNodeId": 7160789458,
        "pieceIndex": 0,
        "lengthM": 16.80578209635063,
        "bearingDeg": 186.03570321383498
      },
      "geometry": {
        "type": "LineString",
        "coordinates": [
          [
            -104.8238915,
            38.8298562
          ],
          [
            -104.8239119,
            38.8297059
          ]
        ]
      }
    },
    {
      "type": "Feature",
      "properties": {
        "osmWayId": 1252601407,
        "kind": "footway",
        "streetName": null,
        "startNodeId": 11642983895,
        "endNodeId": 11642983896,
        "pieceIndex": 0,
        "lengthM": 127.66632752478726,
        "bearingDeg": 272.9310802054516
      },
      "geometry": {
        "type": "LineString",
        "coordinates": [
          [
            -104.8257974,
            38.8297687
          ],
          [
            -104.8272693,
            38.8298274
          ]
        ]
      }
    },
    {
      "type": "Feature",
      "properties": {
        "osmWayId": 1258803011,
        "kind": "footway",
        "streetName": null,
        "startNodeId": 12093790240,
        "endNodeId": 12034911939,
        "pieceIndex": 0,
        "lengthM": 15.672919816602159,
        "bearingDeg": 222.63968166794865
      },
      "geometry": {
        "type": "LineString",
        "coordinates": [
          [
            -104.818807,
            38.8218047
          ],
          [
            -104.818812,
            38.821791
          ],
          [
            -104.8188533,
            38.821742
          ],
          [
            -104.8189259,
            38.8217041
          ]
        ]
      }
    },
    {
      "type": "Feature",
      "properties": {
        "osmWayId": 1258803011,
        "kind": "footway",
        "streetName": null,
        "startNodeId": 12034911939,
        "endNodeId": 12093790213,
        "pieceIndex": 0,
        "lengthM": 123.00411410234484,
        "bearingDeg": 272.29850121481024
      },
      "geometry": {
        "type": "LineString",
        "coordinates": [
          [
            -104.8189259,
            38.8217041
          ],
          [
            -104.8189976,
            38.8216941
          ],
          [
            -104.8203428,
            38.8217484
          ]
        ]
      }
    },
    {
      "type": "Feature",
      "properties": {
        "osmWayId": 1258803011,
        "kind": "footway",
        "streetName": null,
        "startNodeId": 12093790213,
        "endNodeId": 12093790215,
        "pieceIndex": 0,
        "lengthM": 10.921141264789792,
        "bearingDeg": 272.91812455640144
      },
      "geometry": {
        "type": "LineString",
        "coordinates": [
          [
            -104.8203428,
            38.8217484
          ],
          [
            -104.8204687,
            38.8217534
          ]
        ]
      }
    },
    {
      "type": "Feature",
      "properties": {
        "osmWayId": 1258803013,
        "kind": "footway",
        "streetName": null,
        "startNodeId": 11701919626,
        "endNodeId": 11701919630,
        "pieceIndex": 0,
        "lengthM": 94.54901969577217,
        "bearingDeg": 2.8548936088211008
      },
      "geometry": {
        "type": "LineString",
        "coordinates": [
          [
            -104.8187969,
            38.8218321
          ],
          [
            -104.8187387,
            38.8225456
          ],
          [
            -104.81874256772444,
            38.82268092569699
          ]
        ]
      }
    },
    {
      "type": "Feature",
      "properties": {
        "osmWayId": 1258803013,
        "kind": "footway",
        "streetName": null,
        "startNodeId": 11701919626,
        "endNodeId": 11701919630,
        "pieceIndex": 1,
        "lengthM": 94.54901969606765,
        "bearingDeg": 287.62641286261487
      },
      "geometry": {
        "type": "LineString",
        "coordinates": [
          [
            -104.81874256772444,
            38.82268092569699
          ],
          [
            -104.8187473,
            38.8228465
          ],
          [
            -104.8187537,
            38.8228732
          ],
          [
            -104.8195973,
            38.8228925
          ]
        ]
      }
    },
    {
      "type": "Feature",
      "properties": {
        "osmWayId": 1258803016,
        "kind": "footway",
        "streetName": null,
        "startNodeId": 11701919634,
        "endNodeId": 11701937295,
        "pieceIndex": 0,
        "lengthM": 65.21149399271368,
        "bearingDeg": 269.8326445855949
      },
      "geometry": {
        "type": "LineString",
        "coordinates": [
          [
            -104.8187479,
            38.823048
          ],
          [
            -104.8187762,
            38.8230513
          ],
          [
            -104.8188541,
            38.8230271
          ],
          [
            -104.8194939,
            38.8230463
          ]
        ]
      }
    },
    {
      "type": "Feature",
      "properties": {
        "osmWayId": 1258803016,
        "kind": "footway",
        "streetName": null,
        "startNodeId": 11701937295,
        "endNodeId": 11701919637,
        "pieceIndex": 0,
        "lengthM": 13.760843958384829,
        "bearingDeg": 316.17681405370644
      },
      "geometry": {
        "type": "LineString",
        "coordinates": [
          [
            -104.8194939,
            38.8230463
          ],
          [
            -104.8195874,
            38.8230491
          ],
          [
            -104.8195449,
            38.8230877
          ]
        ]
      }
    },
    {
      "type": "Feature",
      "properties": {
        "osmWayId": 1258803017,
        "kind": "footway",
        "streetName": null,
        "startNodeId": 11701919637,
        "endNodeId": 11701937296,
        "pieceIndex": 0,
        "lengthM": 8.742405962031729,
        "bearingDeg": 358.63725682015996
      },
      "geometry": {
        "type": "LineString",
        "coordinates": [
          [
            -104.8195449,
            38.8230877
          ],
          [
            -104.8195473,
            38.8231663
          ]
        ]
      }
    },
    {
      "type": "Feature",
      "properties": {
        "osmWayId": 1258803017,
        "kind": "footway",
        "streetName": null,
        "startNodeId": 11701937296,
        "endNodeId": 11701937294,
        "pieceIndex": 0,
        "lengthM": 9.153917484139477,
        "bearingDeg": 358.64429301426225
      },
      "geometry": {
        "type": "LineString",
        "coordinates": [
          [
            -104.8195473,
            38.8231663
          ],
          [
            -104.8195498,
            38.8232486
          ]
        ]
      }
    },
    {
      "type": "Feature",
      "properties": {
        "osmWayId": 1258803017,
        "kind": "footway",
        "streetName": null,
        "startNodeId": 11701937294,
        "endNodeId": 11701919640,
        "pieceIndex": 0,
        "lengthM": 33.16720748448485,
        "bearingDeg": 5.2517054551832985
      },
      "geometry": {
        "type": "LineString",
        "coordinates": [
          [
            -104.8195498,
            38.8232486
          ],
          [
            -104.8195563,
            38.8234594
          ],
          [
            -104.8195152,
            38.8234815
          ],
          [
            -104.8195166,
            38.82353
          ]
        ]
      }
    },
    {
      "type": "Feature",
      "properties": {
        "osmWayId": 1258803022,
        "kind": "footway",
        "streetName": null,
        "startNodeId": 11701919645,
        "endNodeId": 11701919649,
        "pieceIndex": 0,
        "lengthM": 52.41297245715142,
        "bearingDeg": 86.95916352020663
      },
      "geometry": {
        "type": "LineString",
        "coordinates": [
          [
            -104.8192745,
            38.8236491
          ],
          [
            -104.8190466,
            38.8236425
          ],
          [
            -104.8190424,
            38.82368
          ],
          [
            -104.8187139,
            38.8236723
          ]
        ]
      }
    },
    {
      "type": "Feature",
      "properties": {
        "osmWayId": 1258803023,
        "kind": "footway",
        "streetName": null,
        "startNodeId": 7967160792,
        "endNodeId": 11701919653,
        "pieceIndex": 0,
        "lengthM": 48.20880716854697,
        "bearingDeg": 182.97937622172802
      },
      "geometry": {
        "type": "LineString",
        "coordinates": [
          [
            -104.8186681,
            38.8243604
          ],
          [
            -104.8186672,
            38.8240373
          ],
          [
            -104.8186969,
            38.8239293
          ]
        ]
      }
    },
    {
      "type": "Feature",
      "properties": {
        "osmWayId": 1258803025,
        "kind": "footway",
        "streetName": null,
        "startNodeId": 11701919654,
        "endNodeId": 11701919649,
        "pieceIndex": 0,
        "lengthM": 20.52801837033079,
        "bearingDeg": 183.33487343554197
      },
      "geometry": {
        "type": "LineString",
        "coordinates": [
          [
            -104.8187012,
            38.8238421
          ],
          [
            -104.8187026,
            38.8238013
          ],
          [
            -104.8186828,
            38.8237947
          ],
          [
            -104.8186856,
            38.823723
          ],
          [
            -104.8187139,
            38.8236723
          ]
        ]
      }
    },
    {
      "type": "Feature",
      "properties": {
        "osmWayId": 1258803025,
        "kind": "footway",
        "streetName": null,
        "startNodeId": 11701919649,
        "endNodeId": 11701919634,
        "pieceIndex": 0,
        "lengthM": 69.48154950683818,
        "bearingDeg": 182.42959069098794
      },
      "geometry": {
        "type": "LineString",
        "coordinates": [
          [
            -104.8187139,
            38.8236723
          ],
          [
            -104.8187187,
            38.8235855
          ],
          [
            -104.8187332,
            38.8233188
          ],
          [
            -104.8187479,
            38.823048
          ]
        ]
      }
    },
    {
      "type": "Feature",
      "properties": {
        "osmWayId": 1258803026,
        "kind": "footway",
        "streetName": null,
        "startNodeId": 11701919630,
        "endNodeId": 11701919666,
        "pieceIndex": 0,
        "lengthM": 74.92830851820229,
        "bearingDeg": 257.625441050045
      },
      "geometry": {
        "type": "LineString",
        "coordinates": [
          [
            -104.8195973,
            38.8228925
          ],
          [
            -104.8196355,
            38.8227932
          ],
          [
            -104.8197205,
            38.8227469
          ],
          [
            -104.8198012,
            38.8227293
          ],
          [
            -104.8203207,
            38.8227502
          ],
          [
            -104.8203198,
            38.822769
          ]
        ]
      }
    },
    {
      "type": "Feature",
      "properties": {
        "osmWayId": 1258803030,
        "kind": "footway",
        "streetName": null,
        "startNodeId": 11701919668,
        "endNodeId": 11701937277,
        "pieceIndex": 0,
        "lengthM": 78.11037368811895,
        "bearingDeg": 289.35072663912104
      },
      "geometry": {
        "type": "LineString",
        "coordinates": [
          [
            -104.820509,
            38.8227767
          ],
          [
            -104.8205527,
            38.8227755
          ],
          [
            -104.8205823,
            38.822811
          ],
          [
            -104.8207376,
            38.8228178
          ],
          [
            -104.8208189,
            38.8228014
          ],
          [
            -104.8209188,
            38.822813
          ],
          [
            -104.8210137,
            38.8228888
          ],
          [
            -104.8210667,
            38.8229791
          ],
          [
            -104.8212663,
            38.8229839
          ]
        ]
      }
    },
    {
      "type": "Feature",
      "properties": {
        "osmWayId": 1258803032,
        "kind": "footway",
        "streetName": null,
        "startNodeId": 11701937269,
        "endNodeId": 11701937280,
        "pieceIndex": 0,
        "lengthM": 28.869185418732606,
        "bearingDeg": 1.7883901489663572
      },
      "geometry": {
        "type": "LineString",
        "coordinates": [
          [
            -104.8203179,
            38.8228837
          ],
          [
            -104.8203075,
            38.8231432
          ]
        ]
      }
    },
    {
      "type": "Feature",
      "properties": {
        "osmWayId": 1258803033,
        "kind": "footway",
        "streetName": null,
        "startNodeId": 11701937278,
        "endNodeId": 11701937281,
        "pieceIndex": 0,
        "lengthM": 29.89611158605667,
        "bearingDeg": 1.228692338933513
      },
      "geometry": {
        "type": "LineString",
        "coordinates": [
          [
            -104.8205811,
            38.8228888
          ],
          [
            -104.8205737,
            38.8231576
          ]
        ]
      }
    },
    {
      "type": "Feature",
      "properties": {
        "osmWayId": 1258803036,
        "kind": "footway",
        "streetName": null,
        "startNodeId": 11701937293,
        "endNodeId": 11701937350,
        "pieceIndex": 0,
        "lengthM": 76.66245038794604,
        "bearingDeg": 2.910627160216791
      },
      "geometry": {
        "type": "LineString",
        "coordinates": [
          [
            -104.8202927,
            38.823254
          ],
          [
            -104.8202859,
            38.8232715
          ],
          [
            -104.8202478,
            38.823942
          ]
        ]
      }
    },
    {
      "type": "Feature",
      "properties": {
        "osmWayId": 1258803036,
        "kind": "footway",
        "streetName": null,
        "startNodeId": 11701937350,
        "endNodeId": 7967160795,
        "pieceIndex": 0,
        "lengthM": 48.36123900591222,
        "bearingDeg": 2.5255952566279802
      },
      "geometry": {
        "type": "LineString",
        "coordinates": [
          [
            -104.8202478,
            38.823942
          ],
          [
            -104.8202232,
            38.8243765
          ]
        ]
      }
    },
    {
      "type": "Feature",
      "properties": {
        "osmWayId": 1258803037,
        "kind": "footway",
        "streetName": null,
        "startNodeId": 11701937282,
        "endNodeId": 11701937288,
        "pieceIndex": 0,
        "lengthM": 129.52636311103203,
        "bearingDeg": 1.47250606739658
      },
      "geometry": {
        "type": "LineString",
        "coordinates": [
          [
            -104.82057,
            38.8232105
          ],
          [
            -104.8205743,
            38.8232615
          ],
          [
            -104.8205819,
            38.8233501
          ],
          [
            -104.8205621,
            38.823753
          ],
          [
            -104.8205591,
            38.8238148
          ],
          [
            -104.8205316,
            38.8243743
          ]
        ]
      }
    },
    {
      "type": "Feature",
      "properties": {
        "osmWayId": 1258803039,
        "kind": "footway",
        "streetName": null,
        "startNodeId": 11701937293,
        "endNodeId": 11701937298,
        "pieceIndex": 0,
        "lengthM": 47.08554579352134,
        "bearingDeg": 90.52753479599392
      },
      "geometry": {
        "type": "LineString",
        "coordinates": [
          [
            -104.8202927,
            38.823254
          ],
          [
            -104.8197492,
            38.8232501
          ]
        ]
      }
    },
    {
      "type": "Feature",
      "properties": {
        "osmWayId": 1258803039,
        "kind": "footway",
        "streetName": null,
        "startNodeId": 11701937298,
        "endNodeId": 11701937294,
        "pieceIndex": 0,
        "lengthM": 17.274880614743143,
        "bearingDeg": 90.55314894239837
      },
      "geometry": {
        "type": "LineString",
        "coordinates": [
          [
            -104.8197492,
            38.8232501
          ],
          [
            -104.8195498,
            38.8232486
          ]
        ]
      }
    },
    {
      "type": "Feature",
      "properties": {
        "osmWayId": 1258803041,
        "kind": "footway",
        "streetName": null,
        "startNodeId": 11701937296,
        "endNodeId": 11701937298,
        "pieceIndex": 0,
        "lengthM": 21.494861430565454,
        "bearingDeg": 298.04651778155295
      },
      "geometry": {
        "type": "LineString",
        "coordinates": [
          [
            -104.8195473,
            38.8231663
          ],
          [
            -104.8196582,
            38.8231702
          ],
          [
            -104.8197492,
            38.8232501
          ]
        ]
      }
    },
    {
      "type": "Feature",
      "properties": {
        "osmWayId": 1258803047,
        "kind": "footway",
        "streetName": null,
        "startNodeId": 7905734579,
        "endNodeId": 2143455771,
        "pieceIndex": 0,
        "lengthM": 138.26372968507994,
        "bearingDeg": 92.42078752439704
      },
      "geometry": {
        "type": "LineString",
        "coordinates": [
          [
            -104.8181359,
            38.8281433
          ],
          [
            -104.8172428,
            38.8281169
          ],
          [
            -104.8165591,
            38.8280907
          ],
          [
            -104.8165412394211,
            38.82809077028991
          ]
        ]
      }
    },
    {
      "type": "Feature",
      "properties": {
        "osmWayId": 1258803047,
        "kind": "footway",
        "streetName": null,
        "startNodeId": 7905734579,
        "endNodeId": 2143455771,
        "pieceIndex": 1,
        "lengthM": 138.26372968380977,
        "bearingDeg": 90.62875921821728
      },
      "geometry": {
        "type": "LineString",
        "coordinates": [
          [
            -104.8165412394211,
            38.82809077028991
          ],
          [
            -104.8163812,
            38.8280914
          ],
          [
            -104.8162042,
            38.8280921
          ],
          [
            -104.8161308,
            38.8280932
          ],
          [
            -104.8157366,
            38.828099
          ],
          [
            -104.8156064,
            38.8281009
          ],
          [
            -104.81494592584133,
            38.82807712052557
          ]
        ]
      }
    },
    {
      "type": "Feature",
      "properties": {
        "osmWayId": 1258803047,
        "kind": "footway",
        "streetName": null,
        "startNodeId": 7905734579,
        "endNodeId": 2143455771,
        "pieceIndex": 2,
        "lengthM": 138.2637296849629,
        "bearingDeg": 92.64630290591157
      },
      "geometry": {
        "type": "LineString",
        "coordinates": [
          [
            -104.81494592584133,
            38.82807712052557
          ],
          [
            -104.8133515,
            38.8280197
          ]
        ]
      }
    },
    {
      "type": "Feature",
      "properties": {
        "osmWayId": 1258803048,
        "kind": "footway",
        "streetName": null,
        "startNodeId": 7905734579,
        "endNodeId": 7905900622,
        "pieceIndex": 0,
        "lengthM": 10.197014486698695,
        "bearingDeg": 182.72672872009048
      },
      "geometry": {
        "type": "LineString",
        "coordinates": [
          [
            -104.8181359,
            38.8281433
          ],
          [
            -104.8181415,
            38.8280517
          ]
        ]
      }
    },
    {
      "type": "Feature",
      "properties": {
        "osmWayId": 1258803048,
        "kind": "footway",
        "streetName": null,
        "startNodeId": 7905900622,
        "endNodeId": 7905734580,
        "pieceIndex": 0,
        "lengthM": 9.150905997033169,
        "bearingDeg": 182.76718648422732
      },
      "geometry": {
        "type": "LineString",
        "coordinates": [
          [
            -104.8181415,
            38.8280517
          ],
          [
            -104.8181466,
            38.8279695
          ]
        ]
      }
    },
    {
      "type": "Feature",
      "properties": {
        "osmWayId": 1258803056,
        "kind": "footway",
        "streetName": null,
        "startNodeId": 11701937354,
        "endNodeId": 11701937356,
        "pieceIndex": 0,
        "lengthM": 126.89679477955423,
        "bearingDeg": 1.5334679712201478
      },
      "geometry": {
        "type": "LineString",
        "coordinates": [
          [
            -104.813342,
            38.8229028
          ],
          [
            -104.8133229,
            38.8234598
          ],
          [
            -104.8133028,
            38.8240436
          ]
        ]
      }
    },
    {
      "type": "Feature",
      "properties": {
        "osmWayId": 1258803056,
        "kind": "footway",
        "streetName": null,
        "startNodeId": 11701937356,
        "endNodeId": 11701937357,
        "pieceIndex": 0,
        "lengthM": 10.778595036907141,
        "bearingDeg": 1.5198109496527081
      },
      "geometry": {
        "type": "LineString",
        "coordinates": [
          [
            -104.8133028,
            38.8240436
          ],
          [
            -104.8132995,
            38.8241405
          ]
        ]
      }
    },
    {
      "type": "Feature",
      "properties": {
        "osmWayId": 1258803056,
        "kind": "footway",
        "streetName": null,
        "startNodeId": 11701937357,
        "endNodeId": 11701937358,
        "pieceIndex": 0,
        "lengthM": 14.68292649949896,
        "bearingDeg": 1.5213774401049704
      },
      "geometry": {
        "type": "LineString",
        "coordinates": [
          [
            -104.8132995,
            38.8241405
          ],
          [
            -104.813295,
            38.8242725
          ]
        ]
      }
    },
    {
      "type": "Feature",
      "properties": {
        "osmWayId": 1258803056,
        "kind": "footway",
        "streetName": null,
        "startNodeId": 11701937358,
        "endNodeId": 11701937359,
        "pieceIndex": 0,
        "lengthM": 84.82773747575439,
        "bearingDeg": 1.5331923218755605
      },
      "geometry": {
        "type": "LineString",
        "coordinates": [
          [
            -104.813295,
            38.8242725
          ],
          [
            -104.8132688,
            38.8250351
          ]
        ]
      }
    },
    {
      "type": "Feature",
      "properties": {
        "osmWayId": 1258803056,
        "kind": "footway",
        "streetName": null,
        "startNodeId": 11701937359,
        "endNodeId": 11701937360,
        "pieceIndex": 0,
        "lengthM": 13.192518471228055,
        "bearingDeg": 1.5427277695928296
      },
      "geometry": {
        "type": "LineString",
        "coordinates": [
          [
            -104.8132688,
            38.8250351
          ],
          [
            -104.8132647,
            38.8251537
          ]
        ]
      }
    },
    {
      "type": "Feature",
      "properties": {
        "osmWayId": 1258803056,
        "kind": "footway",
        "streetName": null,
        "startNodeId": 11701937360,
        "endNodeId": 11701937361,
        "pieceIndex": 0,
        "lengthM": 14.18249563625108,
        "bearingDeg": 1.540040738604148
      },
      "geometry": {
        "type": "LineString",
        "coordinates": [
          [
            -104.8132647,
            38.8251537
          ],
          [
            -104.8132603,
            38.8252812
          ]
        ]
      }
    },
    {
      "type": "Feature",
      "properties": {
        "osmWayId": 1258803056,
        "kind": "footway",
        "streetName": null,
        "startNodeId": 11701937361,
        "endNodeId": 6769330354,
        "pieceIndex": 0,
        "lengthM": 124.16959021892919,
        "bearingDeg": 1.4991280600732466
      },
      "geometry": {
        "type": "LineString",
        "coordinates": [
          [
            -104.8132603,
            38.8252812
          ],
          [
            -104.8132411,
            38.8258403
          ],
          [
            -104.8132228,
            38.8263975
          ]
        ]
      }
    },
    {
      "type": "Feature",
      "properties": {
        "osmWayId": 1258803057,
        "kind": "footway",
        "streetName": null,
        "startNodeId": 6769323756,
        "endNodeId": 11701937362,
        "pieceIndex": 0,
        "lengthM": 14.310287965557805,
        "bearingDeg": 21.669890832905537
      },
      "geometry": {
        "type": "LineString",
        "coordinates": [
          [
            -104.813215,
            38.8265207
          ],
          [
            -104.813154,
            38.8266403
          ]
        ]
      }
    },
    {
      "type": "Feature",
      "properties": {
        "osmWayId": 1258803058,
        "kind": "footway",
        "streetName": null,
        "startNodeId": 11701937362,
        "endNodeId": 11701937364,
        "pieceIndex": 0,
        "lengthM": 131.1480612042879,
        "bearingDeg": 359.7781863319078
      },
      "geometry": {
        "type": "LineString",
        "coordinates": [
          [
            -104.813154,
            38.8266403
          ],
          [
            -104.813205,
            38.8266491
          ],
          [
            -104.8131828,
            38.8272083
          ],
          [
            -104.8131597,
            38.8277873
          ]
        ]
      }
    },
    {
      "type": "Feature",
      "properties": {
        "osmWayId": 1258803059,
        "kind": "cycleway",
        "streetName": "Shooks Run Trail",
        "startNodeId": 554144427,
        "endNodeId": 554144285,
        "pieceIndex": 0,
        "lengthM": 76.43183049686287,
        "bearingDeg": 181.26309307442372
      },
      "geometry": {
        "type": "LineString",
        "coordinates": [
          [
            -104.8132712,
            38.8307642
          ],
          [
            -104.81329065018775,
            38.830077000001616
          ]
        ]
      }
    },
    {
      "type": "Feature",
      "properties": {
        "osmWayId": 1258803059,
        "kind": "cycleway",
        "streetName": "Shooks Run Trail",
        "startNodeId": 554144427,
        "endNodeId": 554144285,
        "pieceIndex": 1,
        "lengthM": 76.43183049778595,
        "bearingDeg": 181.26308087930562
      },
      "geometry": {
        "type": "LineString",
        "coordinates": [
          [
            -104.81329065018775,
            38.830077000001616
          ],
          [
            -104.8133101,
            38.8293898
          ]
        ]
      }
    },
    {
      "type": "Feature",
      "properties": {
        "osmWayId": 1258803059,
        "kind": "cycleway",
        "streetName": "Shooks Run Trail",
        "startNodeId": 554144285,
        "endNodeId": 2143455771,
        "pieceIndex": 0,
        "lengthM": 76.1952913184888,
        "bearingDeg": 181.34848306388557
      },
      "geometry": {
        "type": "LineString",
        "coordinates": [
          [
            -104.8133101,
            38.8293898
          ],
          [
            -104.81333080019918,
            38.82870475000182
          ]
        ]
      }
    },
    {
      "type": "Feature",
      "properties": {
        "osmWayId": 1258803059,
        "kind": "cycleway",
        "streetName": "Shooks Run Trail",
        "startNodeId": 554144285,
        "endNodeId": 2143455771,
        "pieceIndex": 1,
        "lengthM": 76.19529131687797,
        "bearingDeg": 181.3484700855929
      },
      "geometry": {
        "type": "LineString",
        "coordinates": [
          [
            -104.81333080019918,
            38.82870475000182
          ],
          [
            -104.8133515,
            38.8280197
          ]
        ]
      }
    },
    {
      "type": "Feature",
      "properties": {
        "osmWayId": 1258803068,
        "kind": "footway",
        "streetName": null,
        "startNodeId": 11701937388,
        "endNodeId": 11701937367,
        "pieceIndex": 0,
        "lengthM": 102.64203937411364,
        "bearingDeg": 272.1799306949375
      },
      "geometry": {
        "type": "LineString",
        "coordinates": [
          [
            -104.8107859,
            38.8279068
          ],
          [
            -104.81196994941621,
            38.82794190597584
          ]
        ]
      }
    },
    {
      "type": "Feature",
      "properties": {
        "osmWayId": 1258803068,
        "kind": "footway",
        "streetName": null,
        "startNodeId": 11701937388,
        "endNodeId": 11701937367,
        "pieceIndex": 1,
        "lengthM": 102.64203937425239,
        "bearingDeg": 272.1791883145737
      },
      "geometry": {
        "type": "LineString",
        "coordinates": [
          [
            -104.81196994941621,
            38.82794190597584
          ],
          [
            -104.813154,
            38.827977
          ]
        ]
      }
    },
    {
      "type": "Feature",
      "properties": {
        "osmWayId": 1258803069,
        "kind": "footway",
        "streetName": null,
        "startNodeId": 11701937364,
        "endNodeId": 12890068349,
        "pieceIndex": 0,
        "lengthM": 104.22922266579454,
        "bearingDeg": 92.40769350867083
      },
      "geometry": {
        "type": "LineString",
        "coordinates": [
          [
            -104.8131597,
            38.8277873
          ],
          [
            -104.81195753600166,
            38.827747915747786
          ]
        ]
      }
    },
    {
      "type": "Feature",
      "properties": {
        "osmWayId": 1258803069,
        "kind": "footway",
        "streetName": null,
        "startNodeId": 11701937364,
        "endNodeId": 12890068349,
        "pieceIndex": 1,
        "lengthM": 104.22922266739559,
        "bearingDeg": 92.43410014664545
      },
      "geometry": {
        "type": "LineString",
        "coordinates": [
          [
            -104.81195753600166,
            38.827747915747786
          ],
          [
            -104.8107914,
            38.8277097
          ],
          [
            -104.8107554,
            38.8277081
          ]
        ]
      }
    },
    {
      "type": "Feature",
      "properties": {
        "osmWayId": 1286470269,
        "kind": "footway",
        "streetName": null,
        "startNodeId": 8372530127,
        "endNodeId": 13540169218,
        "pieceIndex": 0,
        "lengthM": 102.3579811460812,
        "bearingDeg": 227.82203742201943
      },
      "geometry": {
        "type": "LineString",
        "coordinates": [
          [
            -104.8155393,
            38.8332316
          ],
          [
            -104.815587,
            38.8331917
          ],
          [
            -104.8157371,
            38.8330822
          ],
          [
            -104.8158975,
            38.8329666
          ],
          [
            -104.8160931,
            38.8328281
          ],
          [
            -104.8162455,
            38.8327188
          ],
          [
            -104.8163275,
            38.8326616
          ],
          [
            -104.8164142,
            38.8326141
          ]
        ]
      }
    },
    {
      "type": "Feature",
      "properties": {
        "osmWayId": 1286470270,
        "kind": "footway",
        "streetName": null,
        "startNodeId": 11932174881,
        "endNodeId": 11932174885,
        "pieceIndex": 0,
        "lengthM": 47.65190157157355,
        "bearingDeg": 246.34539009336928
      },
      "geometry": {
        "type": "LineString",
        "coordinates": [
          [
            -104.8164895,
            38.8325728
          ],
          [
            -104.8166477,
            38.8325096
          ],
          [
            -104.8169049,
            38.8324341
          ],
          [
            -104.8169927,
            38.8324011
          ]
        ]
      }
    },
    {
      "type": "Feature",
      "properties": {
        "osmWayId": 1286470271,
        "kind": "footway",
        "streetName": null,
        "startNodeId": 11932174885,
        "endNodeId": 7905734570,
        "pieceIndex": 0,
        "lengthM": 79.44622606213392,
        "bearingDeg": 271.2622602773897
      },
      "geometry": {
        "type": "LineString",
        "coordinates": [
          [
            -104.8169927,
            38.8324011
          ],
          [
            -104.8170176,
            38.8323938
          ],
          [
            -104.8171844,
            38.8323948
          ],
          [
            -104.8172323,
            38.832395
          ],
          [
            -104.8179076,
            38.8324168
          ]
        ]
      }
    },
    {
      "type": "Feature",
      "properties": {
        "osmWayId": 1286470273,
        "kind": "footway",
        "streetName": null,
        "startNodeId": 7905734573,
        "endNodeId": 7725333138,
        "pieceIndex": 0,
        "lengthM": 126.76095784106252,
        "bearingDeg": 1.9892750263863945
      },
      "geometry": {
        "type": "LineString",
        "coordinates": [
          [
            -104.818338,
            38.8324276
          ],
          [
            -104.8183199,
            38.8328382
          ],
          [
            -104.8183097,
            38.833068
          ],
          [
            -104.8182872,
            38.8335669
          ]
        ]
      }
    },
    {
      "type": "Feature",
      "properties": {
        "osmWayId": 1290311494,
        "kind": "footway",
        "streetName": null,
        "startNodeId": 7887848445,
        "endNodeId": 12093764166,
        "pieceIndex": 0,
        "lengthM": 117.10831848844671,
        "bearingDeg": 355.7040574744922
      },
      "geometry": {
        "type": "LineString",
        "coordinates": [
          [
            -104.822626,
            38.8184845
          ],
          [
            -104.8226828,
            38.8189267
          ],
          [
            -104.8227124,
            38.8192687
          ],
          [
            -104.8227253,
            38.8194186
          ],
          [
            -104.82272722086371,
            38.819534347048695
          ]
        ]
      }
    },
    {
      "type": "Feature",
      "properties": {
        "osmWayId": 1290311494,
        "kind": "footway",
        "streetName": null,
        "startNodeId": 7887848445,
        "endNodeId": 12093764166,
        "pieceIndex": 1,
        "lengthM": 117.10831848889173,
        "bearingDeg": 0.6897059043789682
      },
      "geometry": {
        "type": "LineString",
        "coordinates": [
          [
            -104.82272722086371,
            38.819534347048695
          ],
          [
            -104.8227319,
            38.8198163
          ],
          [
            -104.8227366,
            38.8201003
          ],
          [
            -104.8227199,
            38.8204101
          ],
          [
            -104.8227128,
            38.8205551
          ],
          [
            -104.82271095507184,
            38.82058706794394
          ]
        ]
      }
    },
    {
      "type": "Feature",
      "properties": {
        "osmWayId": 1290311494,
        "kind": "footway",
        "streetName": null,
        "startNodeId": 7887848445,
        "endNodeId": 12093764166,
        "pieceIndex": 2,
        "lengthM": 117.10831848955792,
        "bearingDeg": 4.471502503833335
      },
      "geometry": {
        "type": "LineString",
        "coordinates": [
          [
            -104.82271095507184,
            38.82058706794394
          ],
          [
            -104.8227015,
            38.8207509
          ],
          [
            -104.8227093,
            38.8208253
          ],
          [
            -104.8226902,
            38.8210161
          ],
          [
            -104.8226663,
            38.8211938
          ],
          [
            -104.8226541,
            38.8212853
          ],
          [
            -104.8226192,
            38.8215637
          ],
          [
            -104.8226057,
            38.8216357
          ]
        ]
      }
    },
    {
      "type": "Feature",
      "properties": {
        "osmWayId": 1290311494,
        "kind": "footway",
        "streetName": null,
        "startNodeId": 12093764166,
        "endNodeId": 12093764178,
        "pieceIndex": 0,
        "lengthM": 146.38196253458517,
        "bearingDeg": 3.3540688884738756
      },
      "geometry": {
        "type": "LineString",
        "coordinates": [
          [
            -104.8226057,
            38.8216357
          ],
          [
            -104.8225917,
            38.8217103
          ],
          [
            -104.8225366,
            38.8222024
          ],
          [
            -104.8225267,
            38.8224687
          ],
          [
            -104.8225139,
            38.8228388
          ],
          [
            -104.8225069,
            38.8229491
          ]
        ]
      }
    },
    {
      "type": "Feature",
      "properties": {
        "osmWayId": 1290311494,
        "kind": "footway",
        "streetName": null,
        "startNodeId": 12093764178,
        "endNodeId": 11963258751,
        "pieceIndex": 0,
        "lengthM": 13.560406840621017,
        "bearingDeg": 2.856242998217624
      },
      "geometry": {
        "type": "LineString",
        "coordinates": [
          [
            -104.8225069,
            38.8229491
          ],
          [
            -104.8224991,
            38.8230709
          ]
        ]
      }
    },
    {
      "type": "Feature",
      "properties": {
        "osmWayId": 1290311494,
        "kind": "footway",
        "streetName": null,
        "startNodeId": 11963258751,
        "endNodeId": 7887810687,
        "pieceIndex": 0,
        "lengthM": 144.17165971074397,
        "bearingDeg": 2.210794507348851
      },
      "geometry": {
        "type": "LineString",
        "coordinates": [
          [
            -104.8224991,
            38.8230709
          ],
          [
            -104.8224349,
            38.8243665
          ]
        ]
      }
    },
    {
      "type": "Feature",
      "properties": {
        "osmWayId": 1294831613,
        "kind": "footway",
        "streetName": null,
        "startNodeId": 11999632128,
        "endNodeId": 11999632147,
        "pieceIndex": 0,
        "lengthM": 146.18847833299168,
        "bearingDeg": 272.19058249916867
      },
      "geometry": {
        "type": "LineString",
        "coordinates": [
          [
            -104.7999537,
            38.8222531
          ],
          [
            -104.8006475,
            38.8222737
          ],
          [
            -104.8013413,
            38.8222944
          ],
          [
            -104.8014874,
            38.8222988
          ],
          [
            -104.80163994323638,
            38.82230334050401
          ]
        ]
      }
    },
    {
      "type": "Feature",
      "properties": {
        "osmWayId": 1294831613,
        "kind": "footway",
        "streetName": null,
        "startNodeId": 11999632128,
        "endNodeId": 11999632147,
        "pieceIndex": 1,
        "lengthM": 146.18847833544802,
        "bearingDeg": 272.1865936937187
      },
      "geometry": {
        "type": "LineString",
        "coordinates": [
          [
            -104.80163994323638,
            38.82230334050401
          ],
          [
            -104.802855,
            38.8223395
          ],
          [
            -104.8029889,
            38.8223435
          ],
          [
            -104.80332619216108,
            38.82235348954843
          ]
        ]
      }
    },
    {
      "type": "Feature",
      "properties": {
        "osmWayId": 1294831613,
        "kind": "footway",
        "streetName": null,
        "startNodeId": 11999632128,
        "endNodeId": 11999632147,
        "pieceIndex": 2,
        "lengthM": 146.1884783333914,
        "bearingDeg": 272.1877807631693
      },
      "geometry": {
        "type": "LineString",
        "coordinates": [
          [
            -104.80332619216108,
            38.82235348954843
          ],
          [
            -104.8036676,
            38.8223636
          ],
          [
            -104.8042375,
            38.8223806
          ],
          [
            -104.8043635,
            38.8223844
          ],
          [
            -104.8045025,
            38.8223885
          ],
          [
            -104.80501244091288,
            38.822403665810576
          ]
        ]
      }
    },
    {
      "type": "Feature",
      "properties": {
        "osmWayId": 1294831613,
        "kind": "footway",
        "streetName": null,
        "startNodeId": 11999632128,
        "endNodeId": 11999632147,
        "pieceIndex": 3,
        "lengthM": 146.18847833281762,
        "bearingDeg": 272.18889446233214
      },
      "geometry": {
        "type": "LineString",
        "coordinates": [
          [
            -104.80501244091288,
            38.822403665810576
          ],
          [
            -104.805851,
            38.8224286
          ],
          [
            -104.8059525,
            38.8224317
          ],
          [
            -104.8060399,
            38.8224343
          ],
          [
            -104.80669868958113,
            38.8224538676083
          ]
        ]
      }
    },
    {
      "type": "Feature",
      "properties": {
        "osmWayId": 1294831613,
        "kind": "footway",
        "streetName": null,
        "startNodeId": 11999632128,
        "endNodeId": 11999632147,
        "pieceIndex": 4,
        "lengthM": 146.18847833317844,
        "bearingDeg": 272.1869224752543
      },
      "geometry": {
        "type": "LineString",
        "coordinates": [
          [
            -104.80669868958113,
            38.8224538676083
          ],
          [
            -104.8071712,
            38.8224679
          ],
          [
            -104.8082285,
            38.8224994
          ],
          [
            -104.8083573,
            38.8225032
          ],
          [
            -104.80838494169824,
            38.82250402419127
          ]
        ]
      }
    },
    {
      "type": "Feature",
      "properties": {
        "osmWayId": 1294831613,
        "kind": "footway",
        "streetName": null,
        "startNodeId": 11999632128,
        "endNodeId": 11999632147,
        "pieceIndex": 5,
        "lengthM": 146.18847833461678,
        "bearingDeg": 272.1900176944376
      },
      "geometry": {
        "type": "LineString",
        "coordinates": [
          [
            -104.80838494169824,
            38.82250402419127
          ],
          [
            -104.8084881,
            38.8225071
          ],
          [
            -104.81007119153286,
            38.822554251745295
          ]
        ]
      }
    },
    {
      "type": "Feature",
      "properties": {
        "osmWayId": 1294831613,
        "kind": "footway",
        "streetName": null,
        "startNodeId": 11999632128,
        "endNodeId": 11999632147,
        "pieceIndex": 6,
        "lengthM": 146.1884783325807,
        "bearingDeg": 272.18937340743105
      },
      "geometry": {
        "type": "LineString",
        "coordinates": [
          [
            -104.81007119153286,
            38.822554251745295
          ],
          [
            -104.8107378,
            38.8225741
          ],
          [
            -104.8108452,
            38.8225773
          ],
          [
            -104.8109349,
            38.82258
          ],
          [
            -104.81175744327328,
            38.8226044645261
          ]
        ]
      }
    },
    {
      "type": "Feature",
      "properties": {
        "osmWayId": 1294831613,
        "kind": "footway",
        "streetName": null,
        "startNodeId": 11999632128,
        "endNodeId": 11999632147,
        "pieceIndex": 7,
        "lengthM": 146.18847833480564,
        "bearingDeg": 272.1860018470327
      },
      "geometry": {
        "type": "LineString",
        "coordinates": [
          [
            -104.81175744327328,
            38.8226044645261
          ],
          [
            -104.8134437,
            38.8226546
          ]
        ]
      }
    },
    {
      "type": "Feature",
      "properties": {
        "osmWayId": 1294831613,
        "kind": "footway",
        "streetName": null,
        "startNodeId": 11999632147,
        "endNodeId": 11999632135,
        "pieceIndex": 0,
        "lengthM": 76.43849378173425,
        "bearingDeg": 272.192868436261
      },
      "geometry": {
        "type": "LineString",
        "coordinates": [
          [
            -104.8134437,
            38.8226546
          ],
          [
            -104.8143254,
            38.8226809
          ]
        ]
      }
    },
    {
      "type": "Feature",
      "properties": {
        "osmWayId": 1294831614,
        "kind": "footway",
        "streetName": null,
        "startNodeId": 554144501,
        "endNodeId": 11999632148,
        "pieceIndex": 0,
        "lengthM": 109.32815736536455,
        "bearingDeg": 180.26331048446545
      },
      "geometry": {
        "type": "LineString",
        "coordinates": [
          [
            -104.8133928,
            38.8277787
          ],
          [
            -104.8133986,
            38.8267955
          ]
        ]
      }
    },
    {
      "type": "Feature",
      "properties": {
        "osmWayId": 1294831616,
        "kind": "footway",
        "streetName": null,
        "startNodeId": 11999632149,
        "endNodeId": 11999673154,
        "pieceIndex": 0,
        "lengthM": 126.08571378686676,
        "bearingDeg": 180.58949185091046
      },
      "geometry": {
        "type": "LineString",
        "coordinates": [
          [
            -104.8134002,
            38.8266334
          ],
          [
            -104.8134343,
            38.8260569
          ],
          [
            -104.8133986,
            38.8259809
          ],
          [
            -104.8134151,
            38.8255052
          ]
        ]
      }
    },
    {
      "type": "Feature",
      "properties": {
        "osmWayId": 1294831616,
        "kind": "footway",
        "streetName": null,
        "startNodeId": 11999673154,
        "endNodeId": 7978148879,
        "pieceIndex": 0,
        "lengthM": 136.57542117551102,
        "bearingDeg": 181.55200978860438
      },
      "geometry": {
        "type": "LineString",
        "coordinates": [
          [
            -104.8134151,
            38.8255052
          ],
          [
            -104.8134578,
            38.8242774
          ]
        ]
      }
    },
    {
      "type": "Feature",
      "properties": {
        "osmWayId": 1294831618,
        "kind": "footway",
        "streetName": null,
        "startNodeId": 11999632153,
        "endNodeId": 6769323779,
        "pieceIndex": 0,
        "lengthM": 129.33895967488695,
        "bearingDeg": 180.38699853163587
      },
      "geometry": {
        "type": "LineString",
        "coordinates": [
          [
            -104.8134945,
            38.8240497
          ],
          [
            -104.8134658,
            38.8240085
          ],
          [
            -104.8134601,
            38.8238739
          ],
          [
            -104.8135083,
            38.8238165
          ],
          [
            -104.8135451,
            38.8231526
          ],
          [
            -104.8135139,
            38.823071
          ],
          [
            -104.8135044,
            38.8229078
          ]
        ]
      }
    },
    {
      "type": "Feature",
      "properties": {
        "osmWayId": 1294831618,
        "kind": "footway",
        "streetName": null,
        "startNodeId": 6769323779,
        "endNodeId": 11999632163,
        "pieceIndex": 0,
        "lengthM": 148.14432209068553,
        "bearingDeg": 270.6697764426451
      },
      "geometry": {
        "type": "LineString",
        "coordinates": [
          [
            -104.8135044,
            38.8229078
          ],
          [
            -104.8135762,
            38.822868
          ],
          [
            -104.8143121,
            38.8228931
          ],
          [
            -104.8151966,
            38.8229232
          ]
        ]
      }
    },
    {
      "type": "Feature",
      "properties": {
        "osmWayId": 1294831618,
        "kind": "footway",
        "streetName": null,
        "startNodeId": 11999632163,
        "endNodeId": 11999632164,
        "pieceIndex": 0,
        "lengthM": 79.25589103993828,
        "bearingDeg": 272.5010633564213
      },
      "geometry": {
        "type": "LineString",
        "coordinates": [
          [
            -104.8151966,
            38.8229232
          ],
          [
            -104.8161106,
            38.8229543
          ]
        ]
      }
    },
    {
      "type": "Feature",
      "properties": {
        "osmWayId": 1294831618,
        "kind": "footway",
        "streetName": null,
        "startNodeId": 11999632164,
        "endNodeId": 11999673153,
        "pieceIndex": 0,
        "lengthM": 8.219355362968031,
        "bearingDeg": 272.32603662210454
      },
      "geometry": {
        "type": "LineString",
        "coordinates": [
          [
            -104.8161106,
            38.8229543
          ],
          [
            -104.8162054,
            38.8229573
          ]
        ]
      }
    },
    {
      "type": "Feature",
      "properties": {
        "osmWayId": 1294831618,
        "kind": "footway",
        "streetName": null,
        "startNodeId": 11999673153,
        "endNodeId": 11999632161,
        "pieceIndex": 0,
        "lengthM": 49.74162153855625,
        "bearingDeg": 272.3447355828014
      },
      "geometry": {
        "type": "LineString",
        "coordinates": [
          [
            -104.8162054,
            38.8229573
          ],
          [
            -104.8167791,
            38.8229756
          ]
        ]
      }
    },
    {
      "type": "Feature",
      "properties": {
        "osmWayId": 1294831618,
        "kind": "footway",
        "streetName": null,
        "startNodeId": 11999632161,
        "endNodeId": 7623647398,
        "pieceIndex": 0,
        "lengthM": 8.502972203939851,
        "bearingDeg": 256.15404587082213
      },
      "geometry": {
        "type": "LineString",
        "coordinates": [
          [
            -104.8167791,
            38.8229756
          ],
          [
            -104.8168744,
            38.8229573
          ]
        ]
      }
    },
    {
      "type": "Feature",
      "properties": {
        "osmWayId": 1294831620,
        "kind": "footway",
        "streetName": null,
        "startNodeId": 11999632135,
        "endNodeId": 11999672981,
        "pieceIndex": 0,
        "lengthM": 79.5737885055016,
        "bearingDeg": 276.7658809934216
      },
      "geometry": {
        "type": "LineString",
        "coordinates": [
          [
            -104.8143254,
            38.8226809
          ],
          [
            -104.8143796,
            38.8227383
          ],
          [
            -104.8152061,
            38.8227623
          ]
        ]
      }
    },
    {
      "type": "Feature",
      "properties": {
        "osmWayId": 1294831620,
        "kind": "footway",
        "streetName": null,
        "startNodeId": 11999672981,
        "endNodeId": 11999632168,
        "pieceIndex": 0,
        "lengthM": 136.84981215493653,
        "bearingDeg": 272.12853613304713
      },
      "geometry": {
        "type": "LineString",
        "coordinates": [
          [
            -104.8152061,
            38.8227623
          ],
          [
            -104.8160652,
            38.8227872
          ],
          [
            -104.8167847,
            38.822808
          ]
        ]
      }
    },
    {
      "type": "Feature",
      "properties": {
        "osmWayId": 1294831620,
        "kind": "footway",
        "streetName": null,
        "startNodeId": 11999632168,
        "endNodeId": 11999672982,
        "pieceIndex": 0,
        "lengthM": 132.41153572266313,
        "bearingDeg": 180.7477329450586
      },
      "geometry": {
        "type": "LineString",
        "coordinates": [
          [
            -104.8167847,
            38.822808
          ],
          [
            -104.8168154,
            38.8223182
          ],
          [
            -104.8168205,
            38.8222366
          ],
          [
            -104.816833,
            38.821963
          ],
          [
            -104.8168465,
            38.8216678
          ],
          [
            -104.8168465,
            38.8216513
          ],
          [
            -104.81680409962507,
            38.82164991979962
          ]
        ]
      }
    },
    {
      "type": "Feature",
      "properties": {
        "osmWayId": 1294831620,
        "kind": "footway",
        "streetName": null,
        "startNodeId": 11999632168,
        "endNodeId": 11999672982,
        "pieceIndex": 1,
        "lengthM": 132.41153572261283,
        "bearingDeg": 92.39249554654839
      },
      "geometry": {
        "type": "LineString",
        "coordinates": [
          [
            -104.81680409962507,
            38.82164991979962
          ],
          [
            -104.815277,
            38.8216002
          ]
        ]
      }
    },
    {
      "type": "Feature",
      "properties": {
        "osmWayId": 1294831620,
        "kind": "footway",
        "streetName": null,
        "startNodeId": 11999672982,
        "endNodeId": 11999672979,
        "pieceIndex": 0,
        "lengthM": 77.62504568413777,
        "bearingDeg": 92.38926301834715
      },
      "geometry": {
        "type": "LineString",
        "coordinates": [
          [
            -104.815277,
            38.8216002
          ],
          [
            -104.8144004,
            38.8215717
          ],
          [
            -104.81438175013906,
            38.821571093986655
          ]
        ]
      }
    },
    {
      "type": "Feature",
      "properties": {
        "osmWayId": 1294831620,
        "kind": "footway",
        "streetName": null,
        "startNodeId": 11999672982,
        "endNodeId": 11999672979,
        "pieceIndex": 1,
        "lengthM": 77.625045680619,
        "bearingDeg": 92.38827508004937
      },
      "geometry": {
        "type": "LineString",
        "coordinates": [
          [
            -104.81438175013906,
            38.821571093986655
          ],
          [
            -104.8134865,
            38.821542
          ]
        ]
      }
    },
    {
      "type": "Feature",
      "properties": {
        "osmWayId": 1294831620,
        "kind": "footway",
        "streetName": null,
        "startNodeId": 11999672979,
        "endNodeId": 7978215289,
        "pieceIndex": 0,
        "lengthM": 145.97946217991938,
        "bearingDeg": 92.39052742645754
      },
      "geometry": {
        "type": "LineString",
        "coordinates": [
          [
            -104.8134865,
            38.821542
          ],
          [
            -104.81180292200293,
            38.82148722945257
          ]
        ]
      }
    },
    {
      "type": "Feature",
      "properties": {
        "osmWayId": 1294831620,
        "kind": "footway",
        "streetName": null,
        "startNodeId": 11999672979,
        "endNodeId": 7978215289,
        "pieceIndex": 1,
        "lengthM": 145.9794621830307,
        "bearingDeg": 92.27358691653575
      },
      "geometry": {
        "type": "LineString",
        "coordinates": [
          [
            -104.81180292200293,
            38.82148722945257
          ],
          [
            -104.8109662,
            38.82146
          ],
          [
            -104.8109646,
            38.8214308
          ],
          [
            -104.8108774,
            38.8214178
          ],
          [
            -104.8107955,
            38.8214055
          ],
          [
            -104.8107649,
            38.8214051
          ],
          [
            -104.8104361,
            38.8214004
          ],
          [
            -104.810358,
            38.821408
          ],
          [
            -104.8103206,
            38.821441
          ],
          [
            -104.81017747753405,
            38.82143693946843
          ]
        ]
      }
    },
    {
      "type": "Feature",
      "properties": {
        "osmWayId": 1294831620,
        "kind": "footway",
        "streetName": null,
        "startNodeId": 11999672979,
        "endNodeId": 7978215289,
        "pieceIndex": 2,
        "lengthM": 145.97946218061762,
        "bearingDeg": 92.28437339542313
      },
      "geometry": {
        "type": "LineString",
        "coordinates": [
          [
            -104.81017747753405,
            38.82143693946843
          ],
          [
            -104.8089744,
            38.8214028
          ],
          [
            -104.8084938,
            38.8213846
          ]
        ]
      }
    },
    {
      "type": "Feature",
      "properties": {
        "osmWayId": 1294831623,
        "kind": "footway",
        "streetName": null,
        "startNodeId": 11701937362,
        "endNodeId": 11999673010,
        "pieceIndex": 0,
        "lengthM": 143.33977155182913,
        "bearingDeg": 92.07146126816787
      },
      "geometry": {
        "type": "LineString",
        "coordinates": [
          [
            -104.813154,
            38.8266403
          ],
          [
            -104.81150038822372,
            38.82659369319569
          ]
        ]
      }
    },
    {
      "type": "Feature",
      "properties": {
        "osmWayId": 1294831623,
        "kind": "footway",
        "streetName": null,
        "startNodeId": 11701937362,
        "endNodeId": 11999673010,
        "pieceIndex": 1,
        "lengthM": 143.33977155047583,
        "bearingDeg": 92.07507828749993
      },
      "geometry": {
        "type": "LineString",
        "coordinates": [
          [
            -104.81150038822372,
            38.82659369319569
          ],
          [
            -104.8108232,
            38.8265746
          ],
          [
            -104.8107352,
            38.8265721
          ],
          [
            -104.8106454,
            38.8265695
          ],
          [
            -104.80984678135529,
            38.82654700506754
          ]
        ]
      }
    },
    {
      "type": "Feature",
      "properties": {
        "osmWayId": 1294831623,
        "kind": "footway",
        "streetName": null,
        "startNodeId": 11701937362,
        "endNodeId": 11999673010,
        "pieceIndex": 2,
        "lengthM": 143.33977155033125,
        "bearingDeg": 92.07361144551521
      },
      "geometry": {
        "type": "LineString",
        "coordinates": [
          [
            -104.80984678135529,
            38.82654700506754
          ],
          [
            -104.8084128,
            38.8265066
          ],
          [
            -104.8083279,
            38.8265042
          ],
          [
            -104.808234,
            38.8265015
          ],
          [
            -104.80819317401658,
            38.8265003499193
          ]
        ]
      }
    },
    {
      "type": "Feature",
      "properties": {
        "osmWayId": 1294831623,
        "kind": "footway",
        "streetName": null,
        "startNodeId": 11701937362,
        "endNodeId": 11999673010,
        "pieceIndex": 3,
        "lengthM": 143.3397715496539,
        "bearingDeg": 92.07092107235752
      },
      "geometry": {
        "type": "LineString",
        "coordinates": [
          [
            -104.80819317401658,
            38.8265003499193
          ],
          [
            -104.80653956492681,
            38.826453755260836
          ]
        ]
      }
    },
    {
      "type": "Feature",
      "properties": {
        "osmWayId": 1294831623,
        "kind": "footway",
        "streetName": null,
        "startNodeId": 11701937362,
        "endNodeId": 11999673010,
        "pieceIndex": 4,
        "lengthM": 143.33977155142134,
        "bearingDeg": 92.07332104731654
      },
      "geometry": {
        "type": "LineString",
        "coordinates": [
          [
            -104.80653956492681,
            38.826453755260836
          ],
          [
            -104.8059948,
            38.8264384
          ],
          [
            -104.8059144,
            38.8264361
          ],
          [
            -104.8058149,
            38.8264333
          ],
          [
            -104.8053503,
            38.8264202
          ],
          [
            -104.80488595943785,
            38.8264071066416
          ]
        ]
      }
    },
    {
      "type": "Feature",
      "properties": {
        "osmWayId": 1294831623,
        "kind": "footway",
        "streetName": null,
        "startNodeId": 11701937362,
        "endNodeId": 11999673010,
        "pieceIndex": 5,
        "lengthM": 143.33977155229243,
        "bearingDeg": 90.19250324592906
      },
      "geometry": {
        "type": "LineString",
        "coordinates": [
          [
            -104.80488595943785,
            38.8264071066416
          ],
          [
            -104.8042723,
            38.8263898
          ],
          [
            -104.8041465,
            38.8263862
          ],
          [
            -104.8040113,
            38.8263824
          ],
          [
            -104.8035689,
            38.82637
          ],
          [
            -104.8033387,
            38.8263635
          ],
          [
            -104.803245,
            38.8264028
          ]
        ]
      }
    },
    {
      "type": "Feature",
      "properties": {
        "osmWayId": 1294831630,
        "kind": "footway",
        "streetName": null,
        "startNodeId": 11999673090,
        "endNodeId": 11999673093,
        "pieceIndex": 0,
        "lengthM": 139.6884588669399,
        "bearingDeg": 271.4981007659095
      },
      "geometry": {
        "type": "LineString",
        "coordinates": [
          [
            -104.8082137,
            38.8307374
          ],
          [
            -104.80982578626582,
            38.83077023200115
          ]
        ]
      }
    },
    {
      "type": "Feature",
      "properties": {
        "osmWayId": 1294831630,
        "kind": "footway",
        "streetName": null,
        "startNodeId": 11999673090,
        "endNodeId": 11999673093,
        "pieceIndex": 1,
        "lengthM": 139.68845886512747,
        "bearingDeg": 273.02435315055425
      },
      "geometry": {
        "type": "LineString",
        "coordinates": [
          [
            -104.80982578626582,
            38.83077023200115
          ],
          [
            -104.8105267,
            38.8307845
          ],
          [
            -104.8106224,
            38.8307999
          ],
          [
            -104.8107058,
            38.8308134
          ],
          [
            -104.81143378456937,
            38.83083640251986
          ]
        ]
      }
    },
    {
      "type": "Feature",
      "properties": {
        "osmWayId": 1294831630,
        "kind": "footway",
        "streetName": null,
        "startNodeId": 11999673090,
        "endNodeId": 11999673093,
        "pieceIndex": 2,
        "lengthM": 139.68845886658735,
        "bearingDeg": 272.32250855050046
      },
      "geometry": {
        "type": "LineString",
        "coordinates": [
          [
            -104.81143378456937,
            38.83083640251986
          ],
          [
            -104.8130451,
            38.8308873
          ]
        ]
      }
    },
    {
      "type": "Feature",
      "properties": {
        "osmWayId": 1294831631,
        "kind": "footway",
        "streetName": null,
        "startNodeId": 11701937367,
        "endNodeId": 11999673099,
        "pieceIndex": 0,
        "lengthM": 75.48905303687889,
        "bearingDeg": 1.6731410421213582
      },
      "geometry": {
        "type": "LineString",
        "coordinates": [
          [
            -104.813154,
            38.827977
          ],
          [
            -104.813129,
            38.8286437
          ],
          [
            -104.81312855540786,
            38.82865559898429
          ]
        ]
      }
    },
    {
      "type": "Feature",
      "properties": {
        "osmWayId": 1294831631,
        "kind": "footway",
        "streetName": null,
        "startNodeId": 11701937367,
        "endNodeId": 11999673099,
        "pieceIndex": 1,
        "lengthM": 75.48905303516162,
        "bearingDeg": 1.667259063024403
      },
      "geometry": {
        "type": "LineString",
        "coordinates": [
          [
            -104.81312855540786,
            38.82865559898429
          ],
          [
            -104.8131032,
            38.8293342
          ]
        ]
      }
    },
    {
      "type": "Feature",
      "properties": {
        "osmWayId": 1294831631,
        "kind": "footway",
        "streetName": null,
        "startNodeId": 11999673099,
        "endNodeId": 11999673096,
        "pieceIndex": 0,
        "lengthM": 79.14897151087233,
        "bearingDeg": 1.671321570188013
      },
      "geometry": {
        "type": "LineString",
        "coordinates": [
          [
            -104.8131032,
            38.8293342
          ],
          [
            -104.81307655026636,
            38.830045700003026
          ]
        ]
      }
    },
    {
      "type": "Feature",
      "properties": {
        "osmWayId": 1294831631,
        "kind": "footway",
        "streetName": null,
        "startNodeId": 11999673099,
        "endNodeId": 11999673096,
        "pieceIndex": 1,
        "lengthM": 79.14897151092894,
        "bearingDeg": 1.6713382793237201
      },
      "geometry": {
        "type": "LineString",
        "coordinates": [
          [
            -104.81307655026636,
            38.830045700003026
          ],
          [
            -104.8130499,
            38.8307572
          ]
        ]
      }
    },
    {
      "type": "Feature",
      "properties": {
        "osmWayId": 1294831631,
        "kind": "footway",
        "streetName": null,
        "startNodeId": 11999673096,
        "endNodeId": 11999673093,
        "pieceIndex": 0,
        "lengthM": 14.472453685984924,
        "bearingDeg": 1.6462831199656875
      },
      "geometry": {
        "type": "LineString",
        "coordinates": [
          [
            -104.8130499,
            38.8307572
          ],
          [
            -104.8130451,
            38.8308873
          ]
        ]
      }
    },
    {
      "type": "Feature",
      "properties": {
        "osmWayId": 1294831631,
        "kind": "footway",
        "streetName": null,
        "startNodeId": 11999673093,
        "endNodeId": 11999673095,
        "pieceIndex": 0,
        "lengthM": 137.05888183680028,
        "bearingDeg": 1.7854521070593137
      },
      "geometry": {
        "type": "LineString",
        "coordinates": [
          [
            -104.8130451,
            38.8308873
          ],
          [
            -104.8130226,
            38.8314484
          ],
          [
            -104.8129958,
            38.8321193
          ]
        ]
      }
    },
    {
      "type": "Feature",
      "properties": {
        "osmWayId": 1294831639,
        "kind": "footway",
        "streetName": null,
        "startNodeId": 11999672987,
        "endNodeId": 11999673146,
        "pieceIndex": 0,
        "lengthM": 98.61070397149682,
        "bearingDeg": 272.8375282078139
      },
      "geometry": {
        "type": "LineString",
        "coordinates": [
          [
            -104.8109597,
            38.8212446
          ],
          [
            -104.8110487,
            38.8212561
          ],
          [
            -104.81209592263737,
            38.82128847102979
          ]
        ]
      }
    },
    {
      "type": "Feature",
      "properties": {
        "osmWayId": 1294831639,
        "kind": "footway",
        "streetName": null,
        "startNodeId": 11999672987,
        "endNodeId": 11999673146,
        "pieceIndex": 1,
        "lengthM": 98.61070396940606,
        "bearingDeg": 271.31016513810516
      },
      "geometry": {
        "type": "LineString",
        "coordinates": [
          [
            -104.81209592263737,
            38.82128847102979
          ],
          [
            -104.8121551,
            38.8212903
          ],
          [
            -104.8122797,
            38.8212942
          ],
          [
            -104.8130684,
            38.8213195
          ],
          [
            -104.8131578,
            38.8213056
          ],
          [
            -104.8132315,
            38.8213087
          ]
        ]
      }
    },
    {
      "type": "Feature",
      "properties": {
        "osmWayId": 1294831639,
        "kind": "footway",
        "streetName": null,
        "startNodeId": 11999673146,
        "endNodeId": 11999673144,
        "pieceIndex": 0,
        "lengthM": 136.75160520245268,
        "bearingDeg": 271.4029542256067
      },
      "geometry": {
        "type": "LineString",
        "coordinates": [
          [
            -104.8132315,
            38.8213087
          ],
          [
            -104.8133351,
            38.8213132
          ],
          [
            -104.8134034,
            38.8212777
          ],
          [
            -104.8142403,
            38.8213182
          ],
          [
            -104.814423,
            38.8213271
          ],
          [
            -104.8147938,
            38.8213385
          ]
        ]
      }
    },
    {
      "type": "Feature",
      "properties": {
        "osmWayId": 1294831640,
        "kind": "footway",
        "streetName": null,
        "startNodeId": 11999632168,
        "endNodeId": 11999673150,
        "pieceIndex": 0,
        "lengthM": 9.921782350093338,
        "bearingDeg": 1.4509390125777486
      },
      "geometry": {
        "type": "LineString",
        "coordinates": [
          [
            -104.8167847,
            38.822808
          ],
          [
            -104.8167818,
            38.8228972
          ]
        ]
      }
    },
    {
      "type": "Feature",
      "properties": {
        "osmWayId": 1294831640,
        "kind": "footway",
        "streetName": null,
        "startNodeId": 11999673150,
        "endNodeId": 11999632161,
        "pieceIndex": 0,
        "lengthM": 8.720831625207909,
        "bearingDeg": 1.536922278505756
      },
      "geometry": {
        "type": "LineString",
        "coordinates": [
          [
            -104.8167818,
            38.8228972
          ],
          [
            -104.8167791,
            38.8229756
          ]
        ]
      }
    },
    {
      "type": "Feature",
      "properties": {
        "osmWayId": 1294831640,
        "kind": "footway",
        "streetName": null,
        "startNodeId": 11999632161,
        "endNodeId": 7978148871,
        "pieceIndex": 0,
        "lengthM": 130.83195812031224,
        "bearingDeg": 1.4911266069906333
      },
      "geometry": {
        "type": "LineString",
        "coordinates": [
          [
            -104.8167791,
            38.8229756
          ],
          [
            -104.8167398,
            38.8241518
          ]
        ]
      }
    },
    {
      "type": "Feature",
      "properties": {
        "osmWayId": 1294831641,
        "kind": "footway",
        "streetName": null,
        "startNodeId": 11999673151,
        "endNodeId": 11999673153,
        "pieceIndex": 0,
        "lengthM": 130.8489938979961,
        "bearingDeg": 183.21465944670015
      },
      "geometry": {
        "type": "LineString",
        "coordinates": [
          [
            -104.8161207,
            38.8241322
          ],
          [
            -104.8162054,
            38.8229573
          ]
        ]
      }
    },
    {
      "type": "Feature",
      "properties": {
        "osmWayId": 1297223457,
        "kind": "footway",
        "streetName": null,
        "startNodeId": 12018807058,
        "endNodeId": 1973263759,
        "pieceIndex": 0,
        "lengthM": 8.198453435452716,
        "bearingDeg": 91.7875877280195
      },
      "geometry": {
        "type": "LineString",
        "coordinates": [
          [
            -104.8236909,
            38.829852
          ],
          [
            -104.8235963,
            38.8298497
          ]
        ]
      }
    },
    {
      "type": "Feature",
      "properties": {
        "osmWayId": 1297223460,
        "kind": "footway",
        "streetName": null,
        "startNodeId": 12018807060,
        "endNodeId": 11879885965,
        "pieceIndex": 0,
        "lengthM": 8.95305214171705,
        "bearingDeg": 181.16421242473027
      },
      "geometry": {
        "type": "LineString",
        "coordinates": [
          [
            -104.8235988,
            38.82958
          ],
          [
            -104.8236009,
            38.8294995
          ]
        ]
      }
    },
    {
      "type": "Feature",
      "properties": {
        "osmWayId": 1297787282,
        "kind": "footway",
        "streetName": null,
        "startNodeId": 12023707555,
        "endNodeId": 12023707560,
        "pieceIndex": 0,
        "lengthM": 131.3548007413867,
        "bearingDeg": 92.31371361693937
      },
      "geometry": {
        "type": "LineString",
        "coordinates": [
          [
            -104.8277428,
            38.8217468
          ],
          [
            -104.8276718,
            38.8217446
          ],
          [
            -104.8269597,
            38.8217221
          ],
          [
            -104.8262278,
            38.8216991
          ]
        ]
      }
    },
    {
      "type": "Feature",
      "properties": {
        "osmWayId": 1297787283,
        "kind": "footway",
        "streetName": null,
        "startNodeId": 12023707560,
        "endNodeId": 7887810722,
        "pieceIndex": 0,
        "lengthM": 88.41938888375813,
        "bearingDeg": 182.358473623819
      },
      "geometry": {
        "type": "LineString",
        "coordinates": [
          [
            -104.8262278,
            38.8216991
          ],
          [
            -104.8262698,
            38.8209046
          ]
        ]
      }
    },
    {
      "type": "Feature",
      "properties": {
        "osmWayId": 1297787285,
        "kind": "footway",
        "streetName": null,
        "startNodeId": 12023707565,
        "endNodeId": 12023707568,
        "pieceIndex": 0,
        "lengthM": 130.2690346403867,
        "bearingDeg": 272.2752588270013
      },
      "geometry": {
        "type": "LineString",
        "coordinates": [
          [
            -104.8262151,
            38.8219404
          ],
          [
            -104.8269469,
            38.8219661
          ],
          [
            -104.8276596,
            38.8219858
          ],
          [
            -104.8277176,
            38.8219869
          ]
        ]
      }
    },
    {
      "type": "Feature",
      "properties": {
        "osmWayId": 1298150579,
        "kind": "footway",
        "streetName": null,
        "startNodeId": 12026390473,
        "endNodeId": 12093764174,
        "pieceIndex": 0,
        "lengthM": 9.460568529184469,
        "bearingDeg": 273.50404197205836
      },
      "geometry": {
        "type": "LineString",
        "coordinates": [
          [
            -104.8243072,
            38.8218664
          ],
          [
            -104.8244162,
            38.8218716
          ]
        ]
      }
    },
    {
      "type": "Feature",
      "properties": {
        "osmWayId": 1298150579,
        "kind": "footway",
        "streetName": null,
        "startNodeId": 12093764174,
        "endNodeId": 12026390476,
        "pieceIndex": 0,
        "lengthM": 117.83738017631754,
        "bearingDeg": 272.7969343342251
      },
      "geometry": {
        "type": "LineString",
        "coordinates": [
          [
            -104.8244162,
            38.8218716
          ],
          [
            -104.8250439,
            38.8219015
          ],
          [
            -104.8257747,
            38.8219233
          ]
        ]
      }
    },
    {
      "type": "Feature",
      "properties": {
        "osmWayId": 1298150580,
        "kind": "footway",
        "streetName": null,
        "startNodeId": 12026390485,
        "endNodeId": 12026390491,
        "pieceIndex": 0,
        "lengthM": 139.47262578701097,
        "bearingDeg": 92.57841079158487
      },
      "geometry": {
        "type": "LineString",
        "coordinates": [
          [
            -104.8293593,
            38.823426
          ],
          [
            -104.8286251,
            38.8234002
          ],
          [
            -104.8278846,
            38.8233742
          ],
          [
            -104.82775095155793,
            38.82336956206263
          ]
        ]
      }
    },
    {
      "type": "Feature",
      "properties": {
        "osmWayId": 1298150580,
        "kind": "footway",
        "streetName": null,
        "startNodeId": 12026390485,
        "endNodeId": 12026390491,
        "pieceIndex": 1,
        "lengthM": 139.4726257893001,
        "bearingDeg": 92.5749413684457
      },
      "geometry": {
        "type": "LineString",
        "coordinates": [
          [
            -104.82775095155793,
            38.82336956206263
          ],
          [
            -104.8277434,
            38.8233693
          ],
          [
            -104.8275905,
            38.8233639
          ],
          [
            -104.8268758,
            38.8233389
          ],
          [
            -104.8261426,
            38.8233132
          ]
        ]
      }
    },
    {
      "type": "Feature",
      "properties": {
        "osmWayId": 1298150580,
        "kind": "footway",
        "streetName": null,
        "startNodeId": 12026390491,
        "endNodeId": 12026390490,
        "pieceIndex": 0,
        "lengthM": 10.016168075581898,
        "bearingDeg": 92.60876225698257
      },
      "geometry": {
        "type": "LineString",
        "coordinates": [
          [
            -104.8261426,
            38.8233132
          ],
          [
            -104.8260271,
            38.8233091
          ]
        ]
      }
    },
    {
      "type": "Feature",
      "properties": {
        "osmWayId": 1298150580,
        "kind": "footway",
        "streetName": null,
        "startNodeId": 12026390490,
        "endNodeId": 12026390489,
        "pieceIndex": 0,
        "lengthM": 18.488377097814183,
        "bearingDeg": 92.58527553581962
      },
      "geometry": {
        "type": "LineString",
        "coordinates": [
          [
            -104.8260271,
            38.8233091
          ],
          [
            -104.8258139,
            38.8233016
          ]
        ]
      }
    },
    {
      "type": "Feature",
      "properties": {
        "osmWayId": 1298150580,
        "kind": "footway",
        "streetName": null,
        "startNodeId": 12026390489,
        "endNodeId": 12026390488,
        "pieceIndex": 0,
        "lengthM": 9.790159663564367,
        "bearingDeg": 92.53874515508096
      },
      "geometry": {
        "type": "LineString",
        "coordinates": [
          [
            -104.8258139,
            38.8233016
          ],
          [
            -104.825701,
            38.8232977
          ]
        ]
      }
    },
    {
      "type": "Feature",
      "properties": {
        "osmWayId": 1298150580,
        "kind": "footway",
        "streetName": null,
        "startNodeId": 12026390488,
        "endNodeId": 12026390486,
        "pieceIndex": 0,
        "lengthM": 125.15995614962068,
        "bearingDeg": 92.5761042925094
      },
      "geometry": {
        "type": "LineString",
        "coordinates": [
          [
            -104.825701,
            38.8232977
          ],
          [
            -104.8249803,
            38.8232724
          ],
          [
            -104.8246142,
            38.8232596
          ],
          [
            -104.8242577,
            38.8232471
          ]
        ]
      }
    },
    {
      "type": "Feature",
      "properties": {
        "osmWayId": 1299149096,
        "kind": "cycleway",
        "streetName": null,
        "startNodeId": 12034911941,
        "endNodeId": 8811998082,
        "pieceIndex": 0,
        "lengthM": 12.143620983613548,
        "bearingDeg": 142.7227455109006
      },
      "geometry": {
        "type": "LineString",
        "coordinates": [
          [
            -104.8186574,
            38.8219005
          ],
          [
            -104.8185725,
            38.8218136
          ]
        ]
      }
    },
    {
      "type": "Feature",
      "properties": {
        "osmWayId": 1299149099,
        "kind": "cycleway",
        "streetName": "Shooks Run Trail",
        "startNodeId": 7978148872,
        "endNodeId": 2035835420,
        "pieceIndex": 0,
        "lengthM": 129.83752490568833,
        "bearingDeg": 188.4836144758804
      },
      "geometry": {
        "type": "LineString",
        "coordinates": [
          [
            -104.816948,
            38.8241981
          ],
          [
            -104.8169541,
            38.8241336
          ],
          [
            -104.8170539,
            38.8239945
          ],
          [
            -104.8170935,
            38.8239043
          ],
          [
            -104.8170385,
            38.8236523
          ],
          [
            -104.8170445,
            38.8235675
          ],
          [
            -104.817099,
            38.8233874
          ],
          [
            -104.8171127,
            38.8233079
          ],
          [
            -104.8171483,
            38.8232343
          ],
          [
            -104.8171718,
            38.8231382
          ],
          [
            -104.8171635,
            38.8230725
          ]
        ]
      }
    },
    {
      "type": "Feature",
      "properties": {
        "osmWayId": 1299149099,
        "kind": "cycleway",
        "streetName": "Shooks Run Trail",
        "startNodeId": 2035835420,
        "endNodeId": 554144541,
        "pieceIndex": 0,
        "lengthM": 17.78621020125469,
        "bearingDeg": 138.68225760662187
      },
      "geometry": {
        "type": "LineString",
        "coordinates": [
          [
            -104.8171635,
            38.8230725
          ],
          [
            -104.8170618,
            38.8229875
          ],
          [
            -104.8170281,
            38.8229525
          ]
        ]
      }
    },
    {
      "type": "Feature",
      "properties": {
        "osmWayId": 1299149099,
        "kind": "cycleway",
        "streetName": "Shooks Run Trail",
        "startNodeId": 554144541,
        "endNodeId": 2143455958,
        "pieceIndex": 0,
        "lengthM": 88.12076412695971,
        "bearingDeg": 186.4237207000488
      },
      "geometry": {
        "type": "LineString",
        "coordinates": [
          [
            -104.8170281,
            38.8229525
          ],
          [
            -104.8170319,
            38.8227843
          ],
          [
            -104.8169712,
            38.822708
          ],
          [
            -104.816983,
            38.8224532
          ],
          [
            -104.8170345,
            38.8223027
          ],
          [
            -104.8171148,
            38.8222427
          ],
          [
            -104.8171355,
            38.8222093
          ]
        ]
      }
    },
    {
      "type": "Feature",
      "properties": {
        "osmWayId": 1299149099,
        "kind": "cycleway",
        "streetName": "Shooks Run Trail",
        "startNodeId": 2143455958,
        "endNodeId": 2143455979,
        "pieceIndex": 0,
        "lengthM": 20.335679616371745,
        "bearingDeg": 183.8441437564128
      },
      "geometry": {
        "type": "LineString",
        "coordinates": [
          [
            -104.8171355,
            38.8222093
          ],
          [
            -104.8171521,
            38.8221826
          ],
          [
            -104.8171691,
            38.8221179
          ],
          [
            -104.8171508,
            38.8220319
          ]
        ]
      }
    },
    {
      "type": "Feature",
      "properties": {
        "osmWayId": 1299149099,
        "kind": "cycleway",
        "streetName": "Shooks Run Trail",
        "startNodeId": 2143455979,
        "endNodeId": 2143456643,
        "pieceIndex": 0,
        "lengthM": 48.17303431193008,
        "bearingDeg": 169.59911897056213
      },
      "geometry": {
        "type": "LineString",
        "coordinates": [
          [
            -104.8171508,
            38.8220319
          ],
          [
            -104.8171393,
            38.8219779
          ],
          [
            -104.8171015,
            38.8219217
          ],
          [
            -104.8170135,
            38.8218709
          ],
          [
            -104.8170262,
            38.8216748
          ],
          [
            -104.8170625,
            38.8216571
          ]
        ]
      }
    },
    {
      "type": "Feature",
      "properties": {
        "osmWayId": 1299149100,
        "kind": "cycleway",
        "streetName": "Shooks Run Trail",
        "startNodeId": 7623647397,
        "endNodeId": 2035834680,
        "pieceIndex": 0,
        "lengthM": 81.06040546405445,
        "bearingDeg": 195.95396618751806
      },
      "geometry": {
        "type": "LineString",
        "coordinates": [
          [
            -104.8164181,
            38.8256655
          ],
          [
            -104.8164693,
            38.8255953
          ],
          [
            -104.81667439522474,
            38.82496704814904
          ]
        ]
      }
    },
    {
      "type": "Feature",
      "properties": {
        "osmWayId": 1299149100,
        "kind": "cycleway",
        "streetName": "Shooks Run Trail",
        "startNodeId": 7623647397,
        "endNodeId": 2035834680,
        "pieceIndex": 1,
        "lengthM": 81.06040546433249,
        "bearingDeg": 196.66018615846411
      },
      "geometry": {
        "type": "LineString",
        "coordinates": [
          [
            -104.81667439522474,
            38.82496704814904
          ],
          [
            -104.8168709,
            38.8243651
          ],
          [
            -104.8169413,
            38.8242722
          ]
        ]
      }
    },
    {
      "type": "Feature",
      "properties": {
        "osmWayId": 1299149100,
        "kind": "cycleway",
        "streetName": "Shooks Run Trail",
        "startNodeId": 2035834680,
        "endNodeId": 7978148872,
        "pieceIndex": 0,
        "lengthM": 8.25997307735617,
        "bearingDeg": 184.02940314621134
      },
      "geometry": {
        "type": "LineString",
        "coordinates": [
          [
            -104.8169413,
            38.8242722
          ],
          [
            -104.816948,
            38.8241981
          ]
        ]
      }
    },
    {
      "type": "Feature",
      "properties": {
        "osmWayId": 1299149101,
        "kind": "cycleway",
        "streetName": "Shooks Run Trail",
        "startNodeId": 554144501,
        "endNodeId": 2445359765,
        "pieceIndex": 0,
        "lengthM": 146.26418280337975,
        "bearingDeg": 272.47976618556777
      },
      "geometry": {
        "type": "LineString",
        "coordinates": [
          [
            -104.8133928,
            38.8277787
          ],
          [
            -104.8137532,
            38.8277912
          ],
          [
            -104.8149376,
            38.8278308
          ],
          [
            -104.8150797,
            38.8278356
          ]
        ]
      }
    },
    {
      "type": "Feature",
      "properties": {
        "osmWayId": 1299149101,
        "kind": "cycleway",
        "streetName": "Shooks Run Trail",
        "startNodeId": 2445359765,
        "endNodeId": 2445359660,
        "pieceIndex": 0,
        "lengthM": 71.59037704466945,
        "bearingDeg": 271.897961167958
      },
      "geometry": {
        "type": "LineString",
        "coordinates": [
          [
            -104.8150797,
            38.8278356
          ],
          [
            -104.8158632,
            38.827862
          ],
          [
            -104.8159049,
            38.8278569
          ]
        ]
      }
    },
    {
      "type": "Feature",
      "properties": {
        "osmWayId": 1300316061,
        "kind": "footway",
        "streetName": null,
        "startNodeId": 7887791286,
        "endNodeId": 9049214863,
        "pieceIndex": 0,
        "lengthM": 54.8657804263846,
        "bearingDeg": 2.361763512987011
      },
      "geometry": {
        "type": "LineString",
        "coordinates": [
          [
            -104.8255758,
            38.8256779
          ],
          [
            -104.8255497,
            38.8261709
          ]
        ]
      }
    },
    {
      "type": "Feature",
      "properties": {
        "osmWayId": 1300316061,
        "kind": "footway",
        "streetName": null,
        "startNodeId": 9049214863,
        "endNodeId": 7887778452,
        "pieceIndex": 0,
        "lengthM": 71.14854184854327,
        "bearingDeg": 2.7148172146640377
      },
      "geometry": {
        "type": "LineString",
        "coordinates": [
          [
            -104.8255497,
            38.8261709
          ],
          [
            -104.8255294,
            38.8265729
          ],
          [
            -104.8255108,
            38.82681
          ]
        ]
      }
    },
    {
      "type": "Feature",
      "properties": {
        "osmWayId": 1305776108,
        "kind": "footway",
        "streetName": null,
        "startNodeId": 12093764166,
        "endNodeId": 12093764169,
        "pieceIndex": 0,
        "lengthM": 123.46567245673597,
        "bearingDeg": 271.7522323834745
      },
      "geometry": {
        "type": "LineString",
        "coordinates": [
          [
            -104.8226057,
            38.8216357
          ],
          [
            -104.8239283,
            38.8216839
          ],
          [
            -104.8239494,
            38.8216668
          ],
          [
            -104.82402,
            38.8216694
          ]
        ]
      }
    },
    {
      "type": "Feature",
      "properties": {
        "osmWayId": 1305776109,
        "kind": "footway",
        "streetName": null,
        "startNodeId": 12093764170,
        "endNodeId": 12093764171,
        "pieceIndex": 0,
        "lengthM": 61.53828811084757,
        "bearingDeg": 272.23702101299693
      },
      "geometry": {
        "type": "LineString",
        "coordinates": [
          [
            -104.8232883,
            38.8218081
          ],
          [
            -104.8239981,
            38.8218297
          ]
        ]
      }
    },
    {
      "type": "Feature",
      "properties": {
        "osmWayId": 1305776111,
        "kind": "footway",
        "streetName": null,
        "startNodeId": 7887778465,
        "endNodeId": 12026390486,
        "pieceIndex": 0,
        "lengthM": 123.34474938873203,
        "bearingDeg": 182.26214682458885
      },
      "geometry": {
        "type": "LineString",
        "coordinates": [
          [
            -104.8242015,
            38.8243555
          ],
          [
            -104.8242212,
            38.8239678
          ],
          [
            -104.8242577,
            38.8232471
          ]
        ]
      }
    },
    {
      "type": "Feature",
      "properties": {
        "osmWayId": 1305776112,
        "kind": "footway",
        "streetName": null,
        "startNodeId": 12093764181,
        "endNodeId": 12093764183,
        "pieceIndex": 0,
        "lengthM": 125.22408730986268,
        "bearingDeg": 272.33125591701037
      },
      "geometry": {
        "type": "LineString",
        "coordinates": [
          [
            -104.8242702,
            38.823005
          ],
          [
            -104.8249927,
            38.823028
          ],
          [
            -104.8257145,
            38.8230508
          ]
        ]
      }
    },
    {
      "type": "Feature",
      "properties": {
        "osmWayId": 1305776112,
        "kind": "footway",
        "streetName": null,
        "startNodeId": 12093764183,
        "endNodeId": 12093764184,
        "pieceIndex": 0,
        "lengthM": 9.849363603284864,
        "bearingDeg": 272.32931814190056
      },
      "geometry": {
        "type": "LineString",
        "coordinates": [
          [
            -104.8257145,
            38.8230508
          ],
          [
            -104.8258281,
            38.8230544
          ]
        ]
      }
    },
    {
      "type": "Feature",
      "properties": {
        "osmWayId": 1305776112,
        "kind": "footway",
        "streetName": null,
        "startNodeId": 12093764184,
        "endNodeId": 12093764185,
        "pieceIndex": 0,
        "lengthM": 18.34660187704243,
        "bearingDeg": 272.3620913960864
      },
      "geometry": {
        "type": "LineString",
        "coordinates": [
          [
            -104.8258281,
            38.8230544
          ],
          [
            -104.8260397,
            38.8230612
          ]
        ]
      }
    },
    {
      "type": "Feature",
      "properties": {
        "osmWayId": 1305776112,
        "kind": "footway",
        "streetName": null,
        "startNodeId": 12093764185,
        "endNodeId": 12093764186,
        "pieceIndex": 0,
        "lengthM": 10.065763307257345,
        "bearingDeg": 272.27921591488905
      },
      "geometry": {
        "type": "LineString",
        "coordinates": [
          [
            -104.8260397,
            38.8230612
          ],
          [
            -104.8261558,
            38.8230648
          ]
        ]
      }
    },
    {
      "type": "Feature",
      "properties": {
        "osmWayId": 1305776112,
        "kind": "footway",
        "streetName": null,
        "startNodeId": 12093764186,
        "endNodeId": 12023707552,
        "pieceIndex": 0,
        "lengthM": 66.31006764053815,
        "bearingDeg": 272.33560754761334
      },
      "geometry": {
        "type": "LineString",
        "coordinates": [
          [
            -104.8261558,
            38.8230648
          ],
          [
            -104.8268879,
            38.8230881
          ],
          [
            -104.8269206,
            38.8230891
          ]
        ]
      }
    },
    {
      "type": "Feature",
      "properties": {
        "osmWayId": 1305776121,
        "kind": "footway",
        "streetName": null,
        "startNodeId": 12093764181,
        "endNodeId": 12093764174,
        "pieceIndex": 0,
        "lengthM": 132.41690023389808,
        "bearingDeg": 185.73103455297766
      },
      "geometry": {
        "type": "LineString",
        "coordinates": [
          [
            -104.8242702,
            38.823005
          ],
          [
            -104.8243279,
            38.8219087
          ],
          [
            -104.8243455,
            38.821885
          ],
          [
            -104.8244091,
            38.8218873
          ],
          [
            -104.8244162,
            38.8218716
          ]
        ]
      }
    },
    {
      "type": "Feature",
      "properties": {
        "osmWayId": 1305776122,
        "kind": "footway",
        "streetName": null,
        "startNodeId": 12093764178,
        "endNodeId": 12093764180,
        "pieceIndex": 0,
        "lengthM": 125.24438933024771,
        "bearingDeg": 272.5396447921455
      },
      "geometry": {
        "type": "LineString",
        "coordinates": [
          [
            -104.8225069,
            38.8229491
          ],
          [
            -104.8232265,
            38.8229719
          ],
          [
            -104.8239512,
            38.822999
          ]
        ]
      }
    },
    {
      "type": "Feature",
      "properties": {
        "osmWayId": 1305776123,
        "kind": "footway",
        "streetName": null,
        "startNodeId": 12093764195,
        "endNodeId": 7887778482,
        "pieceIndex": 0,
        "lengthM": 124.11385679757163,
        "bearingDeg": 2.96943399505102
      },
      "geometry": {
        "type": "LineString",
        "coordinates": [
          [
            -104.8239507,
            38.8232423
          ],
          [
            -104.8239263,
            38.823829
          ],
          [
            -104.8238859,
            38.8242898
          ],
          [
            -104.8238765,
            38.8243567
          ]
        ]
      }
    },
    {
      "type": "Feature",
      "properties": {
        "osmWayId": 1305776131,
        "kind": "footway",
        "streetName": null,
        "startNodeId": 7887848422,
        "endNodeId": 11701937288,
        "pieceIndex": 0,
        "lengthM": 125.72984885985923,
        "bearingDeg": 89.47254669061431
      },
      "geometry": {
        "type": "LineString",
        "coordinates": [
          [
            -104.8219829,
            38.8243639
          ],
          [
            -104.820933,
            38.8243714
          ],
          [
            -104.8205316,
            38.8243743
          ]
        ]
      }
    },
    {
      "type": "Feature",
      "properties": {
        "osmWayId": 1305776134,
        "kind": "footway",
        "streetName": null,
        "startNodeId": 12093790238,
        "endNodeId": 7887848426,
        "pieceIndex": 0,
        "lengthM": 123.5540079869009,
        "bearingDeg": 272.44018782489115
      },
      "geometry": {
        "type": "LineString",
        "coordinates": [
          [
            -104.8206212,
            38.8217587
          ],
          [
            -104.8213957,
            38.8217844
          ],
          [
            -104.8220461,
            38.821806
          ]
        ]
      }
    },
    {
      "type": "Feature",
      "properties": {
        "osmWayId": 1305776138,
        "kind": "footway",
        "streetName": null,
        "startNodeId": 12093790221,
        "endNodeId": 12093790224,
        "pieceIndex": 0,
        "lengthM": 85.54347206238066,
        "bearingDeg": 90.91717133472855
      },
      "geometry": {
        "type": "LineString",
        "coordinates": [
          [
            -104.821598,
            38.8215786
          ],
          [
            -104.8215412,
            38.8215769
          ],
          [
            -104.8207132,
            38.8215511
          ],
          [
            -104.8207117,
            38.8215654
          ],
          [
            -104.8206282,
            38.8215665
          ]
        ]
      }
    },
    {
      "type": "Feature",
      "properties": {
        "osmWayId": 1305776139,
        "kind": "footway",
        "streetName": null,
        "startNodeId": 12093790224,
        "endNodeId": 12093790219,
        "pieceIndex": 0,
        "lengthM": 14.999317666449802,
        "bearingDeg": 105.91961616487691
      },
      "geometry": {
        "type": "LineString",
        "coordinates": [
          [
            -104.8206282,
            38.8215665
          ],
          [
            -104.8205249,
            38.8215599
          ],
          [
            -104.820515,
            38.8215378
          ],
          [
            -104.8204761,
            38.8215327
          ]
        ]
      }
    },
    {
      "type": "Feature",
      "properties": {
        "osmWayId": 1305776140,
        "kind": "footway",
        "streetName": null,
        "startNodeId": 12093790229,
        "endNodeId": 12093790236,
        "pieceIndex": 0,
        "lengthM": 51.42324558921668,
        "bearingDeg": 92.93737827732502
      },
      "geometry": {
        "type": "LineString",
        "coordinates": [
          [
            -104.8203237,
            38.8215262
          ],
          [
            -104.8197309,
            38.8215025
          ]
        ]
      }
    },
    {
      "type": "Feature",
      "properties": {
        "osmWayId": 1305776141,
        "kind": "footway",
        "streetName": null,
        "startNodeId": 12093790229,
        "endNodeId": 12093790236,
        "pieceIndex": 0,
        "lengthM": 132.26998805605317,
        "bearingDeg": 92.93737827732502
      },
      "geometry": {
        "type": "LineString",
        "coordinates": [
          [
            -104.8203237,
            38.8215262
          ],
          [
            -104.8203465,
            38.8210602
          ],
          [
            -104.8201922,
            38.8210624
          ],
          [
            -104.8200761,
            38.8211033
          ],
          [
            -104.8198765,
            38.8212345
          ],
          [
            -104.8197675,
            38.8213459
          ],
          [
            -104.8197335,
            38.8214441
          ],
          [
            -104.8197309,
            38.8215025
          ]
        ]
      }
    },
    {
      "type": "Feature",
      "properties": {
        "osmWayId": 1305776145,
        "kind": "footway",
        "streetName": null,
        "startNodeId": 12034911939,
        "endNodeId": 12093790241,
        "pieceIndex": 0,
        "lengthM": 9.903890206769674,
        "bearingDeg": 92.6383587483337
      },
      "geometry": {
        "type": "LineString",
        "coordinates": [
          [
            -104.8189259,
            38.8217041
          ],
          [
            -104.8188117,
            38.8217
          ]
        ]
      }
    },
    {
      "type": "Feature",
      "properties": {
        "osmWayId": 1305776146,
        "kind": "footway",
        "streetName": null,
        "startNodeId": 12093790240,
        "endNodeId": 12093790241,
        "pieceIndex": 0,
        "lengthM": 11.649242905710416,
        "bearingDeg": 182.00304341560687
      },
      "geometry": {
        "type": "LineString",
        "coordinates": [
          [
            -104.818807,
            38.8218047
          ],
          [
            -104.8188117,
            38.8217
          ]
        ]
      }
    },
    {
      "type": "Feature",
      "properties": {
        "osmWayId": 1305776147,
        "kind": "cycleway",
        "streetName": null,
        "startNodeId": 12093790242,
        "endNodeId": 12093790243,
        "pieceIndex": 0,
        "lengthM": 116.08497115836632,
        "bearingDeg": 93.03049625947932
      },
      "geometry": {
        "type": "LineString",
        "coordinates": [
          [
            -104.8184007,
            38.8216649
          ],
          [
            -104.8182795,
            38.8216599
          ],
          [
            -104.8170626,
            38.8216097
          ]
        ]
      }
    },
    {
      "type": "Feature",
      "properties": {
        "osmWayId": 1305776149,
        "kind": "cycleway",
        "streetName": null,
        "startNodeId": 8811998082,
        "endNodeId": 11701919624,
        "pieceIndex": 0,
        "lengthM": 14.341293386939785,
        "bearingDeg": 167.75768585246806
      },
      "geometry": {
        "type": "LineString",
        "coordinates": [
          [
            -104.8185725,
            38.8218136
          ],
          [
            -104.8185797,
            38.8217788
          ],
          [
            -104.8185383,
            38.8216908
          ]
        ]
      }
    },
    {
      "type": "Feature",
      "properties": {
        "osmWayId": 1305776151,
        "kind": "footway",
        "streetName": null,
        "startNodeId": 7967160798,
        "endNodeId": 12093790247,
        "pieceIndex": 0,
        "lengthM": 9.936959547886493,
        "bearingDeg": 70.45281331941158
      },
      "geometry": {
        "type": "LineString",
        "coordinates": [
          [
            -104.8189824,
            38.8268425
          ],
          [
            -104.8188743,
            38.8268724
          ]
        ]
      }
    },
    {
      "type": "Feature",
      "properties": {
        "osmWayId": 1311615963,
        "kind": "footway",
        "streetName": null,
        "startNodeId": 12140803362,
        "endNodeId": 12140803364,
        "pieceIndex": 0,
        "lengthM": 64.30191957531838,
        "bearingDeg": 88.30502281669396
      },
      "geometry": {
        "type": "LineString",
        "coordinates": [
          [
            -104.8220806,
            38.8229632
          ],
          [
            -104.8213901,
            38.8229395
          ],
          [
            -104.8213865,
            38.8229792
          ]
        ]
      }
    },
    {
      "type": "Feature",
      "properties": {
        "osmWayId": 1311615965,
        "kind": "footway",
        "streetName": null,
        "startNodeId": 6769323756,
        "endNodeId": 6769330354,
        "pieceIndex": 0,
        "lengthM": 13.71588714264412,
        "bearingDeg": 182.8237068222504
      },
      "geometry": {
        "type": "LineString",
        "coordinates": [
          [
            -104.813215,
            38.8265207
          ],
          [
            -104.8132228,
            38.8263975
          ]
        ]
      }
    },
    {
      "type": "Feature",
      "properties": {
        "osmWayId": 1329921282,
        "kind": "footway",
        "streetName": null,
        "startNodeId": 7967144424,
        "endNodeId": 12212352403,
        "pieceIndex": 0,
        "lengthM": 130.7015690596383,
        "bearingDeg": 272.2579432661274
      },
      "geometry": {
        "type": "LineString",
        "coordinates": [
          [
            -104.82603,
            38.8254424
          ],
          [
            -104.8274841,
            38.8254876
          ],
          [
            -104.8275376,
            38.8254887
          ]
        ]
      }
    },
    {
      "type": "Feature",
      "properties": {
        "osmWayId": 1329921284,
        "kind": "footway",
        "streetName": null,
        "startNodeId": 7967129472,
        "endNodeId": 7887778450,
        "pieceIndex": 0,
        "lengthM": 92.79910477875981,
        "bearingDeg": 2.75020512866746
      },
      "geometry": {
        "type": "LineString",
        "coordinates": [
          [
            -104.8256493,
            38.8245989
          ],
          [
            -104.8255979,
            38.8254325
          ]
        ]
      }
    },
    {
      "type": "Feature",
      "properties": {
        "osmWayId": 1329921286,
        "kind": "footway",
        "streetName": null,
        "startNodeId": 7887778459,
        "endNodeId": 12304639518,
        "pieceIndex": 0,
        "lengthM": 125.59910665603147,
        "bearingDeg": 182.45479936074625
      },
      "geometry": {
        "type": "LineString",
        "coordinates": [
          [
            -104.8259549,
            38.826822
          ],
          [
            -104.8259874,
            38.826255
          ],
          [
            -104.826017,
            38.8256935
          ]
        ]
      }
    },
    {
      "type": "Feature",
      "properties": {
        "osmWayId": 1329921291,
        "kind": "footway",
        "streetName": null,
        "startNodeId": 12304639518,
        "endNodeId": 12304639527,
        "pieceIndex": 0,
        "lengthM": 71.64198424537086,
        "bearingDeg": 273.10538065250375
      },
      "geometry": {
        "type": "LineString",
        "coordinates": [
          [
            -104.826017,
            38.8256935
          ],
          [
            -104.8268428,
            38.8257284
          ]
        ]
      }
    },
    {
      "type": "Feature",
      "properties": {
        "osmWayId": 1332564488,
        "kind": "footway",
        "streetName": null,
        "startNodeId": 12328218587,
        "endNodeId": 12328218590,
        "pieceIndex": 0,
        "lengthM": 41.26776087210056,
        "bearingDeg": 236.06735764646606
      },
      "geometry": {
        "type": "LineString",
        "coordinates": [
          [
            -104.8226281,
            38.8311387
          ],
          [
            -104.8226305,
            38.8311047
          ],
          [
            -104.8228008,
            38.831108
          ],
          [
            -104.8229059,
            38.8311121
          ],
          [
            -104.8229122,
            38.8309898
          ]
        ]
      }
    },
    {
      "type": "Feature",
      "properties": {
        "osmWayId": 1332564488,
        "kind": "footway",
        "streetName": null,
        "startNodeId": 12328218590,
        "endNodeId": 12328218593,
        "pieceIndex": 0,
        "lengthM": 65.37576738324235,
        "bearingDeg": 273.80036797647824
      },
      "geometry": {
        "type": "LineString",
        "coordinates": [
          [
            -104.8229122,
            38.8309898
          ],
          [
            -104.8235976,
            38.8310115
          ],
          [
            -104.823597,
            38.8310264
          ],
          [
            -104.8236466,
            38.8310278
          ]
        ]
      }
    },
    {
      "type": "Feature",
      "properties": {
        "osmWayId": 1342459770,
        "kind": "cycleway",
        "streetName": null,
        "startNodeId": 11701919624,
        "endNodeId": 12093790242,
        "pieceIndex": 0,
        "lengthM": 12.263545303642246,
        "bearingDeg": 103.58205993719929
      },
      "geometry": {
        "type": "LineString",
        "coordinates": [
          [
            -104.8185383,
            38.8216908
          ],
          [
            -104.8184007,
            38.8216649
          ]
        ]
      }
    },
    {
      "type": "Feature",
      "properties": {
        "osmWayId": 1343061467,
        "kind": "road",
        "streetName": "East Colorado Avenue",
        "startNodeId": 12426812472,
        "endNodeId": 55799152,
        "pieceIndex": 0,
        "lengthM": 15.338053902085388,
        "bearingDeg": 92.53456785100946
      },
      "geometry": {
        "type": "LineString",
        "coordinates": [
          [
            -104.8238047,
            38.8324818
          ],
          [
            -104.8237688,
            38.8324808
          ],
          [
            -104.8236278,
            38.8324757
          ]
        ]
      }
    },
    {
      "type": "Feature",
      "properties": {
        "osmWayId": 1343061468,
        "kind": "road",
        "streetName": "East Colorado Avenue",
        "startNodeId": 428883410,
        "endNodeId": 2089573023,
        "pieceIndex": 0,
        "lengthM": 8.933722937806252,
        "bearingDeg": 120.3535455283535
      },
      "geometry": {
        "type": "LineString",
        "coordinates": [
          [
            -104.8173725,
            38.8322733
          ],
          [
            -104.8172835,
            38.8322327
          ]
        ]
      }
    },
    {
      "type": "Feature",
      "properties": {
        "osmWayId": 1343061469,
        "kind": "road",
        "streetName": "East Colorado Avenue",
        "startNodeId": 12426812474,
        "endNodeId": 2092983851,
        "pieceIndex": 0,
        "lengthM": 86.86881155363496,
        "bearingDeg": 250.30222774154703
      },
      "geometry": {
        "type": "LineString",
        "coordinates": [
          [
            -104.8162602,
            38.8325677
          ],
          [
            -104.8163199,
            38.8325304
          ],
          [
            -104.8163734,
            38.8325043
          ],
          [
            -104.8164783,
            38.8324532
          ],
          [
            -104.816517,
            38.8324398
          ],
          [
            -104.8166519,
            38.8323931
          ],
          [
            -104.8168072,
            38.8323516
          ],
          [
            -104.8169267,
            38.8323263
          ],
          [
            -104.817118,
            38.8323103
          ],
          [
            -104.8171871,
            38.8323092
          ]
        ]
      }
    },
    {
      "type": "Feature",
      "properties": {
        "osmWayId": 1348792751,
        "kind": "footway",
        "streetName": null,
        "startNodeId": 7967144424,
        "endNodeId": 7967129473,
        "pieceIndex": 0,
        "lengthM": 93.25828955490223,
        "bearingDeg": 182.4862822547828
      },
      "geometry": {
        "type": "LineString",
        "coordinates": [
          [
            -104.82603,
            38.8254424
          ],
          [
            -104.8260529,
            38.8250146
          ],
          [
            -104.8260767,
            38.8246045
          ]
        ]
      }
    },
    {
      "type": "Feature",
      "properties": {
        "osmWayId": 1348792752,
        "kind": "footway",
        "streetName": null,
        "startNodeId": 2029496636,
        "endNodeId": 7967129472,
        "pieceIndex": 0,
        "lengthM": 126.76954607124375,
        "bearingDeg": 269.8145012341895
      },
      "geometry": {
        "type": "LineString",
        "coordinates": [
          [
            -104.824186,
            38.8246026
          ],
          [
            -104.8249108,
            38.8245956
          ],
          [
            -104.8256493,
            38.8245989
          ]
        ]
      }
    },
    {
      "type": "Feature",
      "properties": {
        "osmWayId": 1348792752,
        "kind": "footway",
        "streetName": null,
        "startNodeId": 7967129472,
        "endNodeId": 7967129475,
        "pieceIndex": 0,
        "lengthM": 8.293050936479485,
        "bearingDeg": 271.45983370128147
      },
      "geometry": {
        "type": "LineString",
        "coordinates": [
          [
            -104.8256493,
            38.8245989
          ],
          [
            -104.825745,
            38.8246008
          ]
        ]
      }
    },
    {
      "type": "Feature",
      "properties": {
        "osmWayId": 1348792754,
        "kind": "road",
        "streetName": "South Cascade Avenue",
        "startNodeId": 7967129475,
        "endNodeId": 55777122,
        "pieceIndex": 0,
        "lengthM": 107.96130543796403,
        "bearingDeg": 357.535531358283
      },
      "geometry": {
        "type": "LineString",
        "coordinates": [
          [
            -104.825745,
            38.8246008
          ],
          [
            -104.8257062,
            38.8254351
          ],
          [
            -104.8257975,
            38.8255511
          ]
        ]
      }
    },
    {
      "type": "Feature",
      "properties": {
        "osmWayId": 1350824541,
        "kind": "road",
        "streetName": "South Tejon Street",
        "startNodeId": 55799159,
        "endNodeId": 12418270486,
        "pieceIndex": 0,
        "lengthM": 57.0648881977774,
        "bearingDeg": 181.91395067058255
      },
      "geometry": {
        "type": "LineString",
        "coordinates": [
          [
            -104.8240438,
            38.82448
          ],
          [
            -104.8240502,
            38.8243605
          ],
          [
            -104.8240539,
            38.8242905
          ],
          [
            -104.8240658,
            38.8239671
          ]
        ]
      }
    },
    {
      "type": "Feature",
      "properties": {
        "osmWayId": 1350824542,
        "kind": "road",
        "streetName": "South Tejon Street",
        "startNodeId": 12418270486,
        "endNodeId": 55799160,
        "pieceIndex": 0,
        "lengthM": 95.95112068133479,
        "bearingDeg": 181.9557886828341
      },
      "geometry": {
        "type": "LineString",
        "coordinates": [
          [
            -104.8240658,
            38.8239671
          ],
          [
            -104.8240732,
            38.8238306
          ],
          [
            -104.8240977,
            38.8232446
          ],
          [
            -104.8241036,
            38.8231047
          ]
        ]
      }
    },
    {
      "type": "Feature",
      "properties": {
        "osmWayId": 1350824543,
        "kind": "road",
        "streetName": "South Tejon Street",
        "startNodeId": 55799160,
        "endNodeId": 55799161,
        "pieceIndex": 0,
        "lengthM": 75.74210538330618,
        "bearingDeg": 182.52815980901389
      },
      "geometry": {
        "type": "LineString",
        "coordinates": [
          [
            -104.8241036,
            38.8231047
          ],
          [
            -104.8241094,
            38.823002
          ],
          [
            -104.8241254,
            38.8227194
          ],
          [
            -104.82414216591458,
            38.82242419882129
          ]
        ]
      }
    },
    {
      "type": "Feature",
      "properties": {
        "osmWayId": 1350824543,
        "kind": "road",
        "streetName": "South Tejon Street",
        "startNodeId": 55799160,
        "endNodeId": 55799161,
        "pieceIndex": 1,
        "lengthM": 75.74210538537919,
        "bearingDeg": 182.5326558171325
      },
      "geometry": {
        "type": "LineString",
        "coordinates": [
          [
            -104.82414216591458,
            38.82242419882129
          ],
          [
            -104.8241743,
            38.8218584
          ],
          [
            -104.8241808,
            38.8217437
          ]
        ]
      }
    },
    {
      "type": "Feature",
      "properties": {
        "osmWayId": 1352434968,
        "kind": "footway",
        "streetName": null,
        "startNodeId": 7887806384,
        "endNodeId": 7887810689,
        "pieceIndex": 0,
        "lengthM": 81.23921112885722,
        "bearingDeg": 181.30149523103017
      },
      "geometry": {
        "type": "LineString",
        "coordinates": [
          [
            -104.8223676,
            38.8253355
          ],
          [
            -104.8223774,
            38.8250579
          ],
          [
            -104.8223784,
            38.8249669
          ],
          [
            -104.8223889,
            38.8246051
          ]
        ]
      }
    },
    {
      "type": "Feature",
      "properties": {
        "osmWayId": 1368958918,
        "kind": "road",
        "streetName": "East Las Animas Street",
        "startNodeId": 55772277,
        "endNodeId": 7887848428,
        "pieceIndex": 0,
        "lengthM": 11.73040606100436,
        "bearingDeg": 92.2816612786508
      },
      "geometry": {
        "type": "LineString",
        "coordinates": [
          [
            -104.822209,
            38.8230662
          ],
          [
            -104.8220737,
            38.823062
          ]
        ]
      }
    },
    {
      "type": "Feature",
      "properties": {
        "osmWayId": 1368958918,
        "kind": "road",
        "streetName": "East Las Animas Street",
        "startNodeId": 7887848428,
        "endNodeId": 2133328708,
        "pieceIndex": 0,
        "lengthM": 95.31883612149898,
        "bearingDeg": 92.30622178917906
      },
      "geometry": {
        "type": "LineString",
        "coordinates": [
          [
            -104.8220737,
            38.823062
          ],
          [
            -104.8213139,
            38.8230384
          ],
          [
            -104.8209743,
            38.8230275
          ]
        ]
      }
    },
    {
      "type": "Feature",
      "properties": {
        "osmWayId": 1368958919,
        "kind": "road",
        "streetName": "East Las Animas Street",
        "startNodeId": 1973263953,
        "endNodeId": 55772277,
        "pieceIndex": 0,
        "lengthM": 15.231787216200123,
        "bearingDeg": 90.96201248562625
      },
      "geometry": {
        "type": "LineString",
        "coordinates": [
          [
            -104.8223848,
            38.8230685
          ],
          [
            -104.822209,
            38.8230662
          ]
        ]
      }
    },
    {
      "type": "Feature",
      "properties": {
        "osmWayId": 1369864186,
        "kind": "road",
        "streetName": "East Vermijo Avenue",
        "startNodeId": 1973263686,
        "endNodeId": 1973263577,
        "pieceIndex": 0,
        "lengthM": 18.80455689543464,
        "bearingDeg": 92.37221902679886
      },
      "geometry": {
        "type": "LineString",
        "coordinates": [
          [
            -104.8220437,
            38.829559
          ],
          [
            -104.8218268,
            38.829552
          ]
        ]
      }
    },
    {
      "type": "Feature",
      "properties": {
        "osmWayId": 1369864187,
        "kind": "road",
        "streetName": "South Nevada Avenue",
        "startNodeId": 1973263577,
        "endNodeId": 55772273,
        "pieceIndex": 0,
        "lengthM": 13.443801169412355,
        "bearingDeg": 2.3633832958710173
      },
      "geometry": {
        "type": "LineString",
        "coordinates": [
          [
            -104.8218268,
            38.829552
          ],
          [
            -104.8218204,
            38.8296728
          ]
        ]
      }
    },
    {
      "type": "Feature",
      "properties": {
        "osmWayId": 1369864188,
        "kind": "road",
        "streetName": "East Vermijo Avenue",
        "startNodeId": 55772273,
        "endNodeId": 9183542594,
        "pieceIndex": 0,
        "lengthM": 18.741715094201584,
        "bearingDeg": 272.2102085634043
      },
      "geometry": {
        "type": "LineString",
        "coordinates": [
          [
            -104.8218204,
            38.8296728
          ],
          [
            -104.8220366,
            38.8296793
          ]
        ]
      }
    },
    {
      "type": "Feature",
      "properties": {
        "osmWayId": 1369864189,
        "kind": "road",
        "streetName": "South Nevada Avenue",
        "startNodeId": 1973263686,
        "endNodeId": 2301797343,
        "pieceIndex": 0,
        "lengthM": 61.50960244978397,
        "bearingDeg": 182.5829521128004
      },
      "geometry": {
        "type": "LineString",
        "coordinates": [
          [
            -104.8220437,
            38.829559
          ],
          [
            -104.822049,
            38.8294435
          ],
          [
            -104.8220757,
            38.8290064
          ]
        ]
      }
    },
    {
      "type": "Feature",
      "properties": {
        "osmWayId": 1389697249,
        "kind": "road",
        "streetName": "East Colorado Avenue",
        "startNodeId": 55772272,
        "endNodeId": 12863767246,
        "pieceIndex": 0,
        "lengthM": 37.88378950443715,
        "bearingDeg": 271.83368354929775
      },
      "geometry": {
        "type": "LineString",
        "coordinates": [
          [
            -104.8218794,
            38.8324201
          ],
          [
            -104.8220132,
            38.8324214
          ],
          [
            -104.8223165,
            38.832431
          ]
        ]
      }
    },
    {
      "type": "Feature",
      "properties": {
        "osmWayId": 1389697250,
        "kind": "road",
        "streetName": "East Colorado Avenue",
        "startNodeId": 12863767246,
        "endNodeId": 12863767245,
        "pieceIndex": 0,
        "lengthM": 10.801900048717716,
        "bearingDeg": 272.3599240697896
      },
      "geometry": {
        "type": "LineString",
        "coordinates": [
          [
            -104.8223165,
            38.832431
          ],
          [
            -104.8224411,
            38.832435
          ]
        ]
      }
    },
    {
      "type": "Feature",
      "properties": {
        "osmWayId": 1390577482,
        "kind": "road",
        "streetName": "East Costilla Street",
        "startNodeId": 55768013,
        "endNodeId": 7905900622,
        "pieceIndex": 0,
        "lengthM": 18.466036226641013,
        "bearingDeg": 92.31214288963406
      },
      "geometry": {
        "type": "LineString",
        "coordinates": [
          [
            -104.8183545,
            38.8280584
          ],
          [
            -104.8181415,
            38.8280517
          ]
        ]
      }
    },
    {
      "type": "Feature",
      "properties": {
        "osmWayId": 1390577482,
        "kind": "road",
        "streetName": "East Costilla Street",
        "startNodeId": 7905900622,
        "endNodeId": 12872111382,
        "pieceIndex": 0,
        "lengthM": 63.5995786693764,
        "bearingDeg": 92.31441336615819
      },
      "geometry": {
        "type": "LineString",
        "coordinates": [
          [
            -104.8181415,
            38.8280517
          ],
          [
            -104.8174079,
            38.8280286
          ]
        ]
      }
    },
    {
      "type": "Feature",
      "properties": {
        "osmWayId": 1390577483,
        "kind": "road",
        "streetName": "East Costilla Street",
        "startNodeId": 12872111382,
        "endNodeId": 13884752597,
        "pieceIndex": 0,
        "lengthM": 77.24562393379655,
        "bearingDeg": 92.31796469660196
      },
      "geometry": {
        "type": "LineString",
        "coordinates": [
          [
            -104.8174079,
            38.8280286
          ],
          [
            -104.8171431,
            38.8280202
          ],
          [
            -104.8165169,
            38.8280005
          ]
        ]
      }
    },
    {
      "type": "Feature",
      "properties": {
        "osmWayId": 1390577483,
        "kind": "road",
        "streetName": "East Costilla Street",
        "startNodeId": 13884752597,
        "endNodeId": 6966412168,
        "pieceIndex": 0,
        "lengthM": 10.819430669341063,
        "bearingDeg": 92.29708656036559
      },
      "geometry": {
        "type": "LineString",
        "coordinates": [
          [
            -104.8165169,
            38.8280005
          ],
          [
            -104.8163921,
            38.8279966
          ]
        ]
      }
    },
    {
      "type": "Feature",
      "properties": {
        "osmWayId": 1390737023,
        "kind": "road",
        "streetName": "South Nevada Avenue",
        "startNodeId": 1973263953,
        "endNodeId": 6966498359,
        "pieceIndex": 0,
        "lengthM": 104.66894772297735,
        "bearingDeg": 183.3718861515402
      },
      "geometry": {
        "type": "LineString",
        "coordinates": [
          [
            -104.8223848,
            38.8230685
          ],
          [
            -104.8224558625717,
            38.82212882040385
          ]
        ]
      }
    },
    {
      "type": "Feature",
      "properties": {
        "osmWayId": 1390737023,
        "kind": "road",
        "streetName": "South Nevada Avenue",
        "startNodeId": 1973263953,
        "endNodeId": 6966498359,
        "pieceIndex": 1,
        "lengthM": 104.66894772390688,
        "bearingDeg": 184.97447582679075
      },
      "geometry": {
        "type": "LineString",
        "coordinates": [
          [
            -104.8224558625717,
            38.82212882040385
          ],
          [
            -104.8224842,
            38.8217541
          ],
          [
            -104.8225606,
            38.8211913
          ]
        ]
      }
    },
    {
      "type": "Feature",
      "properties": {
        "osmWayId": 1390737024,
        "kind": "road",
        "streetName": "South Nevada Avenue",
        "startNodeId": 12873422732,
        "endNodeId": 11565368171,
        "pieceIndex": 0,
        "lengthM": 144.27580476394877,
        "bearingDeg": 5.8691891024529355
      },
      "geometry": {
        "type": "LineString",
        "coordinates": [
          [
            -104.8224606,
            38.8211591
          ],
          [
            -104.8222903,
            38.8224498
          ]
        ]
      }
    },
    {
      "type": "Feature",
      "properties": {
        "osmWayId": 1418734580,
        "kind": "road",
        "streetName": "South El Paso Street",
        "startNodeId": 55825623,
        "endNodeId": 55767048,
        "pieceIndex": 0,
        "lengthM": 75.76613768557715,
        "bearingDeg": 181.50058185342678
      },
      "geometry": {
        "type": "LineString",
        "coordinates": [
          [
            -104.8131084,
            38.8321228
          ],
          [
            -104.813131,
            38.831452
          ],
          [
            -104.81313130566168,
            38.83144165341907
          ]
        ]
      }
    },
    {
      "type": "Feature",
      "properties": {
        "osmWayId": 1418734580,
        "kind": "road",
        "streetName": "South El Paso Street",
        "startNodeId": 55825623,
        "endNodeId": 55767048,
        "pieceIndex": 1,
        "lengthM": 75.76613768500484,
        "bearingDeg": 181.6899666841742
      },
      "geometry": {
        "type": "LineString",
        "coordinates": [
          [
            -104.81313130566168,
            38.83144165341907
          ],
          [
            -104.813145,
            38.8309781
          ],
          [
            -104.8131571,
            38.8307606
          ]
        ]
      }
    },
    {
      "type": "Feature",
      "properties": {
        "osmWayId": 1418734580,
        "kind": "road",
        "streetName": "South El Paso Street",
        "startNodeId": 55767048,
        "endNodeId": 55836532,
        "pieceIndex": 0,
        "lengthM": 77.5054329451056,
        "bearingDeg": 181.74204208023966
      },
      "geometry": {
        "type": "LineString",
        "coordinates": [
          [
            -104.8131571,
            38.8307606
          ],
          [
            -104.81318430026622,
            38.830063900003154
          ]
        ]
      }
    },
    {
      "type": "Feature",
      "properties": {
        "osmWayId": 1418734580,
        "kind": "road",
        "streetName": "South El Paso Street",
        "startNodeId": 55767048,
        "endNodeId": 55836532,
        "pieceIndex": 1,
        "lengthM": 77.50543294533594,
        "bearingDeg": 181.7420250233954
      },
      "geometry": {
        "type": "LineString",
        "coordinates": [
          [
            -104.81318430026622,
            38.830063900003154
          ],
          [
            -104.8132115,
            38.8293672
          ]
        ]
      }
    },
    {
      "type": "Feature",
      "properties": {
        "osmWayId": 1418734580,
        "kind": "road",
        "streetName": "South El Paso Street",
        "startNodeId": 55836532,
        "endNodeId": 55768019,
        "pieceIndex": 0,
        "lengthM": 82.35467545785721,
        "bearingDeg": 181.58059375668506
      },
      "geometry": {
        "type": "LineString",
        "coordinates": [
          [
            -104.8132115,
            38.8293672
          ],
          [
            -104.8132371,
            38.8286444
          ],
          [
            -104.81323772369892,
            38.828626849429895
          ]
        ]
      }
    },
    {
      "type": "Feature",
      "properties": {
        "osmWayId": 1418734580,
        "kind": "road",
        "streetName": "South El Paso Street",
        "startNodeId": 55836532,
        "endNodeId": 55768019,
        "pieceIndex": 1,
        "lengthM": 82.35467545671011,
        "bearingDeg": 181.58378155806247
      },
      "geometry": {
        "type": "LineString",
        "coordinates": [
          [
            -104.81323772369892,
            38.828626849429895
          ],
          [
            -104.81326,
            38.828
          ],
          [
            -104.813264,
            38.8278865
          ]
        ]
      }
    },
    {
      "type": "Feature",
      "properties": {
        "osmWayId": 1419023132,
        "kind": "road",
        "streetName": "South Tejon Street",
        "startNodeId": 2029496490,
        "endNodeId": 55799163,
        "pieceIndex": 0,
        "lengthM": 101.81219434675661,
        "bearingDeg": 182.56533518022417
      },
      "geometry": {
        "type": "LineString",
        "coordinates": [
          [
            -104.8242312,
            38.8207748
          ],
          [
            -104.8242794,
            38.8199405
          ],
          [
            -104.8242838,
            38.8198601
          ]
        ]
      }
    },
    {
      "type": "Feature",
      "properties": {
        "osmWayId": 1429722843,
        "kind": "road",
        "streetName": "South Tejon Street",
        "startNodeId": 6966498356,
        "endNodeId": 13142568363,
        "pieceIndex": 0,
        "lengthM": 35.3865189528059,
        "bearingDeg": 182.2168379874435
      },
      "geometry": {
        "type": "LineString",
        "coordinates": [
          [
            -104.824207,
            38.8212623
          ],
          [
            -104.8242228,
            38.8209443
          ]
        ]
      }
    },
    {
      "type": "Feature",
      "properties": {
        "osmWayId": 1429722844,
        "kind": "road",
        "streetName": "South Tejon Street",
        "startNodeId": 13142568363,
        "endNodeId": 2029496490,
        "pieceIndex": 0,
        "lengthM": 18.861609749362955,
        "bearingDeg": 182.21113733746114
      },
      "geometry": {
        "type": "LineString",
        "coordinates": [
          [
            -104.8242228,
            38.8209443
          ],
          [
            -104.8242312,
            38.8207748
          ]
        ]
      }
    },
    {
      "type": "Feature",
      "properties": {
        "osmWayId": 1463609012,
        "kind": "road",
        "streetName": "East Colorado Avenue",
        "startNodeId": 2092983851,
        "endNodeId": 428883410,
        "pieceIndex": 0,
        "lengthM": 17.133477212672986,
        "bearingDeg": 256.04073522522634
      },
      "geometry": {
        "type": "LineString",
        "coordinates": [
          [
            -104.8171871,
            38.8323092
          ],
          [
            -104.8172851,
            38.8323108
          ],
          [
            -104.8173725,
            38.8322733
          ]
        ]
      }
    },
    {
      "type": "Feature",
      "properties": {
        "osmWayId": 1463609013,
        "kind": "road",
        "streetName": "East Colorado Avenue",
        "startNodeId": 3168070662,
        "endNodeId": 12426812475,
        "pieceIndex": 0,
        "lengthM": 64.26386410678695,
        "bearingDeg": 70.00406584295371
      },
      "geometry": {
        "type": "LineString",
        "coordinates": [
          [
            -104.8169356,
            38.8322327
          ],
          [
            -104.8167893,
            38.8322505
          ],
          [
            -104.8166541,
            38.8322797
          ],
          [
            -104.8165037,
            38.8323214
          ],
          [
            -104.8163506,
            38.8323778
          ],
          [
            -104.8162445,
            38.8324286
          ]
        ]
      }
    },
    {
      "type": "Feature",
      "properties": {
        "osmWayId": 1463609014,
        "kind": "road",
        "streetName": "East Colorado Avenue",
        "startNodeId": 2160545006,
        "endNodeId": 3168070662,
        "pieceIndex": 0,
        "lengthM": 23.06081098798012,
        "bearingDeg": 88.81153848437026
      },
      "geometry": {
        "type": "LineString",
        "coordinates": [
          [
            -104.8172017,
            38.8322284
          ],
          [
            -104.8170409,
            38.8322286
          ],
          [
            -104.8169356,
            38.8322327
          ]
        ]
      }
    },
    {
      "type": "Feature",
      "properties": {
        "osmWayId": 1463609016,
        "kind": "road",
        "streetName": "East Colorado Avenue",
        "startNodeId": 3166179261,
        "endNodeId": 428883410,
        "pieceIndex": 0,
        "lengthM": 10.864418379055197,
        "bearingDeg": 92.58103972232408
      },
      "geometry": {
        "type": "LineString",
        "coordinates": [
          [
            -104.8174978,
            38.8322777
          ],
          [
            -104.8173725,
            38.8322733
          ]
        ]
      }
    },
    {
      "type": "Feature",
      "properties": {
        "osmWayId": 1476091896,
        "kind": "footway",
        "streetName": null,
        "startNodeId": 7887848421,
        "endNodeId": 13540122550,
        "pieceIndex": 0,
        "lengthM": 101.63594347476422,
        "bearingDeg": 89.44311727777222
      },
      "geometry": {
        "type": "LineString",
        "coordinates": [
          [
            -104.8219701,
            38.8246049
          ],
          [
            -104.821249,
            38.824615
          ],
          [
            -104.82079698164388,
            38.824613777394255
          ]
        ]
      }
    },
    {
      "type": "Feature",
      "properties": {
        "osmWayId": 1476091896,
        "kind": "footway",
        "streetName": null,
        "startNodeId": 7887848421,
        "endNodeId": 13540122550,
        "pieceIndex": 1,
        "lengthM": 101.63594347420124,
        "bearingDeg": 20.218427191552678
      },
      "geometry": {
        "type": "LineString",
        "coordinates": [
          [
            -104.82079698164388,
            38.824613777394255
          ],
          [
            -104.8205099,
            38.824613
          ],
          [
            -104.8204716,
            38.825273
          ],
          [
            -104.8204713,
            38.8253027
          ]
        ]
      }
    },
    {
      "type": "Feature",
      "properties": {
        "osmWayId": 1476098440,
        "kind": "footway",
        "streetName": null,
        "startNodeId": 8372530129,
        "endNodeId": 7905734574,
        "pieceIndex": 0,
        "lengthM": 49.0840740166975,
        "bearingDeg": 92.97352892604624
      },
      "geometry": {
        "type": "LineString",
        "coordinates": [
          [
            -104.816136,
            38.8321033
          ],
          [
            -104.8155701,
            38.8320804
          ]
        ]
      }
    },
    {
      "type": "Feature",
      "properties": {
        "osmWayId": 1476102292,
        "kind": "footway",
        "streetName": null,
        "startNodeId": 7905734572,
        "endNodeId": 7905900645,
        "pieceIndex": 0,
        "lengthM": 125.19820576311423,
        "bearingDeg": 271.6922354931808
      },
      "geometry": {
        "type": "LineString",
        "coordinates": [
          [
            -104.8183668,
            38.8321929
          ],
          [
            -104.8190562,
            38.8322217
          ],
          [
            -104.8190844,
            38.8322188
          ],
          [
            -104.819143,
            38.8322128
          ],
          [
            -104.8193921,
            38.8322199
          ],
          [
            -104.8198026,
            38.8322317
          ],
          [
            -104.81980291428113,
            38.832225942071325
          ]
        ]
      }
    },
    {
      "type": "Feature",
      "properties": {
        "osmWayId": 1476102292,
        "kind": "footway",
        "streetName": null,
        "startNodeId": 7905734572,
        "endNodeId": 7905900645,
        "pieceIndex": 1,
        "lengthM": 125.19820576196389,
        "bearingDeg": 182.28785131252693
      },
      "geometry": {
        "type": "LineString",
        "coordinates": [
          [
            -104.81980291428113,
            38.832225942071325
          ],
          [
            -104.8198107,
            38.8320833
          ],
          [
            -104.8198221,
            38.8318717
          ],
          [
            -104.8198353,
            38.8316228
          ],
          [
            -104.8198496,
            38.8313555
          ],
          [
            -104.819853,
            38.8312905
          ],
          [
            -104.8198638,
            38.8311036
          ],
          [
            -104.81986048021763,
            38.831103495489984
          ]
        ]
      }
    },
    {
      "type": "Feature",
      "properties": {
        "osmWayId": 1476102292,
        "kind": "footway",
        "streetName": null,
        "startNodeId": 7905734572,
        "endNodeId": 7905900645,
        "pieceIndex": 2,
        "lengthM": 125.19820576293355,
        "bearingDeg": 92.31532402491905
      },
      "geometry": {
        "type": "LineString",
        "coordinates": [
          [
            -104.81986048021763,
            38.831103495489984
          ],
          [
            -104.8191428,
            38.8310809
          ],
          [
            -104.8186955,
            38.8310668
          ],
          [
            -104.8184163,
            38.831058
          ]
        ]
      }
    },
    {
      "type": "Feature",
      "properties": {
        "osmWayId": 1476102295,
        "kind": "footway",
        "streetName": null,
        "startNodeId": 7905900660,
        "endNodeId": 7905900637,
        "pieceIndex": 0,
        "lengthM": 125.68074987673214,
        "bearingDeg": 272.7122095587232
      },
      "geometry": {
        "type": "LineString",
        "coordinates": [
          [
            -104.8184303,
            38.8308114
          ],
          [
            -104.8186784,
            38.8308206
          ],
          [
            -104.8191556,
            38.8308382
          ],
          [
            -104.8195194,
            38.8308516
          ],
          [
            -104.81987960168672,
            38.83086487476487
          ]
        ]
      }
    },
    {
      "type": "Feature",
      "properties": {
        "osmWayId": 1476102295,
        "kind": "footway",
        "streetName": null,
        "startNodeId": 7905900660,
        "endNodeId": 7905900637,
        "pieceIndex": 1,
        "lengthM": 125.68074987488512,
        "bearingDeg": 182.38556672553895
      },
      "geometry": {
        "type": "LineString",
        "coordinates": [
          [
            -104.81987960168672,
            38.83086487476487
          ],
          [
            -104.819883,
            38.830865
          ],
          [
            -104.8198965,
            38.8305962
          ],
          [
            -104.8199241,
            38.8300509
          ],
          [
            -104.8199398514938,
            38.829738247721046
          ]
        ]
      }
    },
    {
      "type": "Feature",
      "properties": {
        "osmWayId": 1476102295,
        "kind": "footway",
        "streetName": null,
        "startNodeId": 7905900660,
        "endNodeId": 7905900637,
        "pieceIndex": 2,
        "lengthM": 125.68074987610474,
        "bearingDeg": 93.09859483351738
      },
      "geometry": {
        "type": "LineString",
        "coordinates": [
          [
            -104.8199398514938,
            38.829738247721046
          ],
          [
            -104.81994,
            38.8297353
          ],
          [
            -104.8192137,
            38.8297062
          ],
          [
            -104.8184948,
            38.8296773
          ]
        ]
      }
    },
    {
      "type": "Feature",
      "properties": {
        "osmWayId": 1476102296,
        "kind": "footway",
        "streetName": null,
        "startNodeId": 13540195167,
        "endNodeId": 13540195166,
        "pieceIndex": 0,
        "lengthM": 10.452944173067678,
        "bearingDeg": 272.01178198395
      },
      "geometry": {
        "type": "LineString",
        "coordinates": [
          [
            -104.8181455,
            38.8308035
          ],
          [
            -104.8182661,
            38.8308068
          ]
        ]
      }
    },
    {
      "type": "Feature",
      "properties": {
        "osmWayId": 1476102297,
        "kind": "footway",
        "streetName": null,
        "startNodeId": 7905734571,
        "endNodeId": 7905900647,
        "pieceIndex": 0,
        "lengthM": 125.97270742243077,
        "bearingDeg": 182.28171627638218
      },
      "geometry": {
        "type": "LineString",
        "coordinates": [
          [
            -104.8179266,
            38.832176
          ],
          [
            -104.8179469,
            38.8317782
          ],
          [
            -104.8179605,
            38.8315121
          ],
          [
            -104.817966,
            38.8314054
          ],
          [
            -104.8179751,
            38.8312278
          ],
          [
            -104.8179845,
            38.831044
          ]
        ]
      }
    },
    {
      "type": "Feature",
      "properties": {
        "osmWayId": 1476102300,
        "kind": "footway",
        "streetName": null,
        "startNodeId": 7905900637,
        "endNodeId": 7905900660,
        "pieceIndex": 0,
        "lengthM": 126.23004741891239,
        "bearingDeg": 2.5367929935188727
      },
      "geometry": {
        "type": "LineString",
        "coordinates": [
          [
            -104.8184948,
            38.8296773
          ],
          [
            -104.8184463,
            38.8305306
          ],
          [
            -104.8184303,
            38.8308114
          ]
        ]
      }
    },
    {
      "type": "Feature",
      "properties": {
        "osmWayId": 1500980690,
        "kind": "road",
        "streetName": "Aldea Point",
        "startNodeId": 428878798,
        "endNodeId": 7978148882,
        "pieceIndex": 0,
        "lengthM": 43.46908964117173,
        "bearingDeg": 182.341423873742
      },
      "geometry": {
        "type": "LineString",
        "coordinates": [
          [
            -104.814386,
            38.8246971
          ],
          [
            -104.8144065,
            38.8243065
          ]
        ]
      }
    },
    {
      "type": "Feature",
      "properties": {
        "osmWayId": 1500980690,
        "kind": "road",
        "streetName": "Aldea Point",
        "startNodeId": 7978148882,
        "endNodeId": 55805915,
        "pieceIndex": 0,
        "lengthM": 13.647580988063762,
        "bearingDeg": 182.69229385664568
      },
      "geometry": {
        "type": "LineString",
        "coordinates": [
          [
            -104.8144065,
            38.8243065
          ],
          [
            -104.8144139,
            38.8241839
          ]
        ]
      }
    },
    {
      "type": "Feature",
      "properties": {
        "osmWayId": 1501165715,
        "kind": "road",
        "streetName": "South El Paso Street",
        "startNodeId": 55750463,
        "endNodeId": 11999632147,
        "pieceIndex": 0,
        "lengthM": 14.283757314922434,
        "bearingDeg": 181.70299542645364
      },
      "geometry": {
        "type": "LineString",
        "coordinates": [
          [
            -104.8134388,
            38.822783
          ],
          [
            -104.8134437,
            38.8226546
          ]
        ]
      }
    },
    {
      "type": "Feature",
      "properties": {
        "osmWayId": 1501165715,
        "kind": "road",
        "streetName": "South El Paso Street",
        "startNodeId": 11999632147,
        "endNodeId": 2143455416,
        "pieceIndex": 0,
        "lengthM": 63.29843955579825,
        "bearingDeg": 181.7175743510723
      },
      "geometry": {
        "type": "LineString",
        "coordinates": [
          [
            -104.8134437,
            38.8226546
          ],
          [
            -104.8134656,
            38.8220856
          ]
        ]
      }
    },
    {
      "type": "Feature",
      "properties": {
        "osmWayId": 1501277072,
        "kind": "road",
        "streetName": "East Fountain Boulevard",
        "startNodeId": 55799161,
        "endNodeId": 7967160790,
        "pieceIndex": 0,
        "lengthM": 14.715576526838152,
        "bearingDeg": 91.55873458510172
      },
      "geometry": {
        "type": "LineString",
        "coordinates": [
          [
            -104.8241808,
            38.8217437
          ],
          [
            -104.824011,
            38.8217401
          ]
        ]
      }
    },
    {
      "type": "Feature",
      "properties": {
        "osmWayId": 1501277072,
        "kind": "road",
        "streetName": "East Fountain Boulevard",
        "startNodeId": 7967160790,
        "endNodeId": 2143455193,
        "pieceIndex": 0,
        "lengthM": 62.250795913184895,
        "bearingDeg": 91.55559809852002
      },
      "geometry": {
        "type": "LineString",
        "coordinates": [
          [
            -104.824011,
            38.8217401
          ],
          [
            -104.8232927,
            38.8217249
          ]
        ]
      }
    },
    {
      "type": "Feature",
      "properties": {
        "osmWayId": 1501277073,
        "kind": "road",
        "streetName": "East Fountain Boulevard",
        "startNodeId": 2143455193,
        "endNodeId": 2029496113,
        "pieceIndex": 0,
        "lengthM": 52.544340920567706,
        "bearingDeg": 91.55200162936234
      },
      "geometry": {
        "type": "LineString",
        "coordinates": [
          [
            -104.8232927,
            38.8217249
          ],
          [
            -104.8226864,
            38.8217121
          ]
        ]
      }
    },
    {
      "type": "Feature",
      "properties": {
        "osmWayId": 1501277074,
        "kind": "road",
        "streetName": "East Las Animas Street",
        "startNodeId": 55799160,
        "endNodeId": 11963258751,
        "pieceIndex": 0,
        "lengthM": 139.04940371656275,
        "bearingDeg": 91.5483448296705
      },
      "geometry": {
        "type": "LineString",
        "coordinates": [
          [
            -104.8241036,
            38.8231047
          ],
          [
            -104.8239509,
            38.8231015
          ],
          [
            -104.8236014,
            38.8230939
          ],
          [
            -104.8232204,
            38.8230861
          ],
          [
            -104.8224991,
            38.8230709
          ]
        ]
      }
    },
    {
      "type": "Feature",
      "properties": {
        "osmWayId": 1501277074,
        "kind": "road",
        "streetName": "East Las Animas Street",
        "startNodeId": 11963258751,
        "endNodeId": 1973263953,
        "pieceIndex": 0,
        "lengthM": 9.905460156756591,
        "bearingDeg": 91.54378659322822
      },
      "geometry": {
        "type": "LineString",
        "coordinates": [
          [
            -104.8224991,
            38.8230709
          ],
          [
            -104.8223848,
            38.8230685
          ]
        ]
      }
    },
    {
      "type": "Feature",
      "properties": {
        "osmWayId": 1501277076,
        "kind": "road",
        "streetName": "East Rio Grande Street",
        "startNodeId": 10923300766,
        "endNodeId": 55774429,
        "pieceIndex": 0,
        "lengthM": 96.25673635178524,
        "bearingDeg": 89.50985698644064
      },
      "geometry": {
        "type": "LineString",
        "coordinates": [
          [
            -104.8215001,
            38.8244845
          ],
          [
            -104.8212569,
            38.8244861
          ],
          [
            -104.8209309,
            38.8244883
          ],
          [
            -104.820521,
            38.824491
          ],
          [
            -104.820453,
            38.8244915
          ],
          [
            -104.820389,
            38.8244919
          ]
        ]
      }
    },
    {
      "type": "Feature",
      "properties": {
        "osmWayId": 1502699046,
        "kind": "road",
        "streetName": "East Costilla Street",
        "startNodeId": 1973263760,
        "endNodeId": 55768011,
        "pieceIndex": 0,
        "lengthM": 32.554337221008026,
        "bearingDeg": 92.32939980263495
      },
      "geometry": {
        "type": "LineString",
        "coordinates": [
          [
            -104.820557,
            38.828142
          ],
          [
            -104.8203478,
            38.8281354
          ],
          [
            -104.8202447,
            38.8281321
          ],
          [
            -104.8201815,
            38.8281301
          ]
        ]
      }
    },
    {
      "type": "Feature",
      "properties": {
        "osmWayId": 1514018168,
        "kind": "footway",
        "streetName": null,
        "startNodeId": 3106395943,
        "endNodeId": 1989249500,
        "pieceIndex": 0,
        "lengthM": 13.209658507981654,
        "bearingDeg": 278.8125993905425
      },
      "geometry": {
        "type": "LineString",
        "coordinates": [
          [
            -104.8244163,
            38.8312293
          ],
          [
            -104.824567,
            38.8312475
          ]
        ]
      }
    },
    {
      "type": "Feature",
      "properties": {
        "osmWayId": 1514018169,
        "kind": "footway",
        "streetName": null,
        "startNodeId": 3106395938,
        "endNodeId": 6013478779,
        "pieceIndex": 0,
        "lengthM": 119.77415326847415,
        "bearingDeg": 1.6732412534923355
      },
      "geometry": {
        "type": "LineString",
        "coordinates": [
          [
            -104.8256739,
            38.8313457
          ],
          [
            -104.8256146,
            38.832393
          ],
          [
            -104.8256337,
            38.8324177
          ]
        ]
      }
    },
    {
      "type": "Feature",
      "properties": {
        "osmWayId": 1514018170,
        "kind": "footway",
        "streetName": null,
        "startNodeId": 3106395850,
        "endNodeId": 3106395938,
        "pieceIndex": 0,
        "lengthM": 13.708942972490021,
        "bearingDeg": 4.790414317429679
      },
      "geometry": {
        "type": "LineString",
        "coordinates": [
          [
            -104.8256871,
            38.831223
          ],
          [
            -104.8256776,
            38.8312745
          ],
          [
            -104.8256739,
            38.8313457
          ]
        ]
      }
    },
    {
      "type": "Feature",
      "properties": {
        "osmWayId": 1522982377,
        "kind": "footway",
        "streetName": null,
        "startNodeId": 13884752596,
        "endNodeId": 2445359660,
        "pieceIndex": 0,
        "lengthM": 54.77366362713175,
        "bearingDeg": 97.60697445363871
      },
      "geometry": {
        "type": "LineString",
        "coordinates": [
          [
            -104.8165181,
            38.8279207
          ],
          [
            -104.8163939,
            38.8279175
          ],
          [
            -104.8159889,
            38.8279028
          ],
          [
            -104.8159049,
            38.8278569
          ]
        ]
      }
    },
    {
      "type": "Feature",
      "properties": {
        "osmWayId": 1522982378,
        "kind": "footway",
        "streetName": null,
        "startNodeId": 13884752596,
        "endNodeId": 13884752597,
        "pieceIndex": 0,
        "lengthM": 8.87397625375333,
        "bearingDeg": 0.6711756986099431
      },
      "geometry": {
        "type": "LineString",
        "coordinates": [
          [
            -104.8165181,
            38.8279207
          ],
          [
            -104.8165169,
            38.8280005
          ]
        ]
      }
    },
    {
      "type": "Feature",
      "properties": {
        "osmWayId": 1528032973,
        "kind": "road",
        "streetName": "East Costilla Street",
        "startNodeId": 55768019,
        "endNodeId": 55764607,
        "pieceIndex": 0,
        "lengthM": 111.13734549776275,
        "bearingDeg": 92.16072203310046
      },
      "geometry": {
        "type": "LineString",
        "coordinates": [
          [
            -104.813264,
            38.8278865
          ],
          [
            -104.8131569,
            38.8278811
          ],
          [
            -104.81198197893441,
            38.827848811041115
          ]
        ]
      }
    },
    {
      "type": "Feature",
      "properties": {
        "osmWayId": 1528032973,
        "kind": "road",
        "streetName": "East Costilla Street",
        "startNodeId": 55768019,
        "endNodeId": 55764607,
        "pieceIndex": 1,
        "lengthM": 111.1373454994264,
        "bearingDeg": 92.01850791906804
      },
      "geometry": {
        "type": "LineString",
        "coordinates": [
          [
            -104.81198197893441,
            38.827848811041115
          ],
          [
            -104.8107885,
            38.827816
          ],
          [
            -104.8106998,
            38.8278136
          ]
        ]
      }
    },
    {
      "type": "Feature",
      "properties": {
        "osmWayId": 1528179507,
        "kind": "footway",
        "streetName": "Concrete Coyote connection",
        "startNodeId": 13926409074,
        "endNodeId": 13926409082,
        "pieceIndex": 0,
        "lengthM": 120.37125152123915,
        "bearingDeg": 328.13059177655555
      },
      "geometry": {
        "type": "LineString",
        "coordinates": [
          [
            -104.8171265,
            38.8195552
          ],
          [
            -104.8172804,
            38.8197138
          ],
          [
            -104.8174786,
            38.8199164
          ],
          [
            -104.8178149,
            38.8203783
          ],
          [
            -104.81785693802297,
            38.82047057536547
          ]
        ]
      }
    },
    {
      "type": "Feature",
      "properties": {
        "osmWayId": 1528179507,
        "kind": "footway",
        "streetName": "Concrete Coyote connection",
        "startNodeId": 13926409074,
        "endNodeId": 13926409082,
        "pieceIndex": 1,
        "lengthM": 120.37125152033116,
        "bearingDeg": 342.6221826181086
      },
      "geometry": {
        "type": "LineString",
        "coordinates": [
          [
            -104.81785693802297,
            38.82047057536547
          ],
          [
            -104.81796,
            38.8206968
          ],
          [
            -104.8180679,
            38.8208195
          ],
          [
            -104.8182343,
            38.8209215
          ],
          [
            -104.8182573,
            38.8211807
          ],
          [
            -104.8182502,
            38.8214496
          ]
        ]
      }
    },
    {
      "type": "Feature",
      "properties": {
        "osmWayId": 1528179510,
        "kind": "footway",
        "streetName": null,
        "startNodeId": 13926409082,
        "endNodeId": 12093790228,
        "pieceIndex": 0,
        "lengthM": 129.42938531241214,
        "bearingDeg": 272.6193017933409
      },
      "geometry": {
        "type": "LineString",
        "coordinates": [
          [
            -104.8182502,
            38.8214496
          ],
          [
            -104.8185404,
            38.821462
          ],
          [
            -104.8185563,
            38.8214275
          ],
          [
            -104.8188218,
            38.821473
          ],
          [
            -104.8189863,
            38.8214951
          ],
          [
            -104.8197038,
            38.8215014
          ]
        ]
      }
    },
    {
      "type": "Feature",
      "properties": {
        "osmWayId": 1528179511,
        "kind": "footway",
        "streetName": null,
        "startNodeId": 13926409088,
        "endNodeId": 13926409082,
        "pieceIndex": 0,
        "lengthM": 13.179858118975023,
        "bearingDeg": 182.67490679160446
      },
      "geometry": {
        "type": "LineString",
        "coordinates": [
          [
            -104.8182431,
            38.821568
          ],
          [
            -104.8182502,
            38.8214496
          ]
        ]
      }
    },
    {
      "type": "Feature",
      "properties": {
        "osmWayId": 1533646403,
        "kind": "road",
        "streetName": "East Fountain Boulevard",
        "startNodeId": 554144147,
        "endNodeId": 55747566,
        "pieceIndex": 0,
        "lengthM": 8.760308527556552,
        "bearingDeg": 93.78446381901824
      },
      "geometry": {
        "type": "LineString",
        "coordinates": [
          [
            -104.8170629,
            38.8215292
          ],
          [
            -104.816962,
            38.821524
          ]
        ]
      }
    },
    {
      "type": "Feature",
      "properties": {
        "osmWayId": 1533646403,
        "kind": "road",
        "streetName": "East Fountain Boulevard",
        "startNodeId": 55747566,
        "endNodeId": 55826495,
        "pieceIndex": 0,
        "lengthM": 64.5016145525049,
        "bearingDeg": 92.88515380627075
      },
      "geometry": {
        "type": "LineString",
        "coordinates": [
          [
            -104.816962,
            38.821524
          ],
          [
            -104.8162184,
            38.8214948
          ]
        ]
      }
    },
    {
      "type": "Feature",
      "properties": {
        "osmWayId": 1533646403,
        "kind": "road",
        "streetName": "East Fountain Boulevard",
        "startNodeId": 55826495,
        "endNodeId": 55758597,
        "pieceIndex": 0,
        "lengthM": 80.90731084563302,
        "bearingDeg": 92.07901969781119
      },
      "geometry": {
        "type": "LineString",
        "coordinates": [
          [
            -104.8162184,
            38.8214948
          ],
          [
            -104.8161527,
            38.8214929
          ],
          [
            -104.8152851,
            38.8214684
          ]
        ]
      }
    },
    {
      "type": "Feature",
      "properties": {
        "osmWayId": 1533646404,
        "kind": "road",
        "streetName": "South Royer Street",
        "startNodeId": 55758597,
        "endNodeId": 1328906468,
        "pieceIndex": 0,
        "lengthM": 90.60409408572107,
        "bearingDeg": 181.8981448406701
      },
      "geometry": {
        "type": "LineString",
        "coordinates": [
          [
            -104.8152851,
            38.8214684
          ],
          [
            -104.8153037,
            38.8210309
          ],
          [
            -104.81531974093524,
            38.82065402602789
          ]
        ]
      }
    },
    {
      "type": "Feature",
      "properties": {
        "osmWayId": 1533646404,
        "kind": "road",
        "streetName": "South Royer Street",
        "startNodeId": 55758597,
        "endNodeId": 1328906468,
        "pieceIndex": 1,
        "lengthM": 90.60409408556514,
        "bearingDeg": 204.71727811276799
      },
      "geometry": {
        "type": "LineString",
        "coordinates": [
          [
            -104.81531974093524,
            38.82065402602789
          ],
          [
            -104.8153413,
            38.8201475
          ],
          [
            -104.8154579,
            38.820131
          ],
          [
            -104.8155255,
            38.8201114
          ],
          [
            -104.8155922,
            38.8200798
          ],
          [
            -104.8156938,
            38.8200209
          ]
        ]
      }
    },
    {
      "type": "Feature",
      "properties": {
        "osmWayId": 1533646405,
        "kind": "road",
        "streetName": "East Las Animas Street",
        "startNodeId": 55747564,
        "endNodeId": 11999673150,
        "pieceIndex": 0,
        "lengthM": 8.265604126107391,
        "bearingDeg": 92.77588421524308
      },
      "geometry": {
        "type": "LineString",
        "coordinates": [
          [
            -104.8168771,
            38.8229008
          ],
          [
            -104.8167818,
            38.8228972
          ]
        ]
      }
    },
    {
      "type": "Feature",
      "properties": {
        "osmWayId": 1533646405,
        "kind": "road",
        "streetName": "East Las Animas Street",
        "startNodeId": 11999673150,
        "endNodeId": 55750461,
        "pieceIndex": 0,
        "lengthM": 57.88519928846686,
        "bearingDeg": 92.77445848385275
      },
      "geometry": {
        "type": "LineString",
        "coordinates": [
          [
            -104.8167818,
            38.8228972
          ],
          [
            -104.8161144,
            38.822872
          ]
        ]
      }
    },
    {
      "type": "Feature",
      "properties": {
        "osmWayId": 1533646405,
        "kind": "road",
        "streetName": "East Las Animas Street",
        "startNodeId": 55750461,
        "endNodeId": 55750462,
        "pieceIndex": 0,
        "lengthM": 79.17894580812343,
        "bearingDeg": 92.48687181736364
      },
      "geometry": {
        "type": "LineString",
        "coordinates": [
          [
            -104.8161144,
            38.822872
          ],
          [
            -104.8160597,
            38.822869
          ],
          [
            -104.8152013,
            38.8228411
          ]
        ]
      }
    },
    {
      "type": "Feature",
      "properties": {
        "osmWayId": 1533646406,
        "kind": "road",
        "streetName": "South Royer Street",
        "startNodeId": 55758595,
        "endNodeId": 7978215368,
        "pieceIndex": 0,
        "lengthM": 12.431002327084087,
        "bearingDeg": 182.35643464122427
      },
      "geometry": {
        "type": "LineString",
        "coordinates": [
          [
            -104.8151235,
            38.8242128
          ],
          [
            -104.8151294,
            38.8241011
          ]
        ]
      }
    },
    {
      "type": "Feature",
      "properties": {
        "osmWayId": 1533646406,
        "kind": "road",
        "streetName": "South Royer Street",
        "startNodeId": 7978215368,
        "endNodeId": 11999632163,
        "pieceIndex": 0,
        "lengthM": 131.10599626330108,
        "bearingDeg": 182.54497672357394
      },
      "geometry": {
        "type": "LineString",
        "coordinates": [
          [
            -104.8151294,
            38.8241011
          ],
          [
            -104.8151966,
            38.8229232
          ]
        ]
      }
    },
    {
      "type": "Feature",
      "properties": {
        "osmWayId": 1533646406,
        "kind": "road",
        "streetName": "South Royer Street",
        "startNodeId": 11999632163,
        "endNodeId": 55750462,
        "pieceIndex": 0,
        "lengthM": 9.138191470328985,
        "bearingDeg": 182.5537371136126
      },
      "geometry": {
        "type": "LineString",
        "coordinates": [
          [
            -104.8151966,
            38.8229232
          ],
          [
            -104.8152013,
            38.8228411
          ]
        ]
      }
    },
    {
      "type": "Feature",
      "properties": {
        "osmWayId": 1540862829,
        "kind": "road",
        "streetName": "East Moreno Avenue",
        "startNodeId": 11701937360,
        "endNodeId": 55761051,
        "pieceIndex": 0,
        "lengthM": 142.38907698796905,
        "bearingDeg": 92.06075279638594
      },
      "geometry": {
        "type": "LineString",
        "coordinates": [
          [
            -104.8132647,
            38.8251537
          ],
          [
            -104.81162207893993,
            38.82510764156423
          ]
        ]
      }
    },
    {
      "type": "Feature",
      "properties": {
        "osmWayId": 1540862829,
        "kind": "road",
        "streetName": "East Moreno Avenue",
        "startNodeId": 11701937360,
        "endNodeId": 55761051,
        "pieceIndex": 1,
        "lengthM": 142.38907698942216,
        "bearingDeg": 92.19819862995104
      },
      "geometry": {
        "type": "LineString",
        "coordinates": [
          [
            -104.81162207893993,
            38.82510764156423
          ],
          [
            -104.8108648,
            38.8250864
          ],
          [
            -104.8107775,
            38.8250839
          ],
          [
            -104.8106798,
            38.8250808
          ],
          [
            -104.80997961016122,
            38.82505851354099
          ]
        ]
      }
    },
    {
      "type": "Feature",
      "properties": {
        "osmWayId": 1540862829,
        "kind": "road",
        "streetName": "East Moreno Avenue",
        "startNodeId": 11701937360,
        "endNodeId": 55761051,
        "pieceIndex": 2,
        "lengthM": 142.38907698671625,
        "bearingDeg": 92.3408361861085
      },
      "geometry": {
        "type": "LineString",
        "coordinates": [
          [
            -104.80997961016122,
            38.82505851354099
          ],
          [
            -104.8084496,
            38.8250098
          ],
          [
            -104.80833730000002,
            38.8250062
          ]
        ]
      }
    },
    {
      "type": "Feature",
      "properties": {
        "osmWayId": 1540862832,
        "kind": "road",
        "streetName": "East Fountain Boulevard",
        "startNodeId": 55811610,
        "endNodeId": 13926409088,
        "pieceIndex": 0,
        "lengthM": 38.38135400613671,
        "bearingDeg": 91.3943536002156
      },
      "geometry": {
        "type": "LineString",
        "coordinates": [
          [
            -104.818686,
            38.8215764
          ],
          [
            -104.8182798,
            38.8215692
          ],
          [
            -104.8182431,
            38.821568
          ]
        ]
      }
    },
    {
      "type": "Feature",
      "properties": {
        "osmWayId": 1540862832,
        "kind": "road",
        "streetName": "East Fountain Boulevard",
        "startNodeId": 13926409088,
        "endNodeId": 554144147,
        "pieceIndex": 0,
        "lengthM": 102.33447033270359,
        "bearingDeg": 92.41590708181656
      },
      "geometry": {
        "type": "LineString",
        "coordinates": [
          [
            -104.8182431,
            38.821568
          ],
          [
            -104.8170629,
            38.8215292
          ]
        ]
      }
    },
    {
      "type": "Feature",
      "properties": {
        "osmWayId": 1540863874,
        "kind": "cycleway",
        "streetName": "Shooks Run Trail",
        "startNodeId": 554144491,
        "endNodeId": 7623647396,
        "pieceIndex": 0,
        "lengthM": 138.52126702301624,
        "bearingDeg": 188.69492854182275
      },
      "geometry": {
        "type": "LineString",
        "coordinates": [
          [
            -104.812926,
            38.83341
          ],
          [
            -104.8129606,
            38.8325405
          ],
          [
            -104.8129859,
            38.8324535
          ],
          [
            -104.8130757,
            38.8323027
          ],
          [
            -104.8131629,
            38.8322033
          ]
        ]
      }
    },
    {
      "type": "Feature",
      "properties": {
        "osmWayId": 1540863874,
        "kind": "cycleway",
        "streetName": "Shooks Run Trail",
        "startNodeId": 7623647396,
        "endNodeId": 554144427,
        "pieceIndex": 0,
        "lengthM": 80.45180547440933,
        "bearingDeg": 184.49531729868662
      },
      "geometry": {
        "type": "LineString",
        "coordinates": [
          [
            -104.8131629,
            38.8322033
          ],
          [
            -104.8132028,
            38.8321368
          ],
          [
            -104.81323517450372,
            38.831487174997974
          ]
        ]
      }
    },
    {
      "type": "Feature",
      "properties": {
        "osmWayId": 1540863874,
        "kind": "cycleway",
        "streetName": "Shooks Run Trail",
        "startNodeId": 7623647396,
        "endNodeId": 554144427,
        "pieceIndex": 1,
        "lengthM": 80.45180547283267,
        "bearingDeg": 182.2229494364815
      },
      "geometry": {
        "type": "LineString",
        "coordinates": [
          [
            -104.81323517450372,
            38.831487174997974
          ],
          [
            -104.8132603,
            38.830983
          ],
          [
            -104.8132712,
            38.8307642
          ]
        ]
      }
    },
    {
      "type": "Feature",
      "properties": {
        "osmWayId": 1540863875,
        "kind": "road",
        "streetName": "East Cucharras Street",
        "startNodeId": 55767047,
        "endNodeId": 554144427,
        "pieceIndex": 0,
        "lengthM": 48.2275018703055,
        "bearingDeg": 92.33870229018777
      },
      "geometry": {
        "type": "LineString",
        "coordinates": [
          [
            -104.8138275,
            38.8307819
          ],
          [
            -104.8132712,
            38.8307642
          ]
        ]
      }
    }
  ]
}